customer_id,plan_tier,start_date,end_date,mrr,region,acquisition_channel,downgrade_flag,downgrade_date
CUST1,Premium,2024-10-08,2025-07-15,100,North America,Organic,0,
CUST2,Premium,2025-03-08,2025-05-09,100,North America,Organic,1,2025-03-22
CUST3,Basic,2025-03-05,2025-11-15,20,North America,Paid Ads,0,
CUST4,Standard,2025-03-08,2026-03-21,50,North America,Paid Ads,0,
CUST5,Basic,2024-04-04,2025-05-28,20,APAC,Organic,1,2024-09-28
CUST6,Premium,2025-04-15,2026-11-15,100,APAC,Organic,1,2026-05-08
CUST7,Basic,2024-07-15,2026-08-05,20,APAC,Partnership,1,2026-05-24
CUST8,Basic,2024-08-26,2025-01-06,20,APAC,Organic,0,
CUST9,Standard,2025-01-14,2026-02-11,50,APAC,Paid Ads,0,
CUST10,Standard,2024-09-07,2025-03-23,50,North America,Paid Ads,0,
CUST11,Standard,2024-02-27,2024-11-17,50,Europe,Partnership,0,
CUST12,Standard,2024-03-08,2024-11-09,50,LATAM,Partnership,0,
CUST13,Premium,2025-05-26,2026-08-04,100,APAC,Paid Ads,0,
CUST14,Premium,2024-09-28,2025-03-19,100,LATAM,Paid Ads,0,
CUST15,Premium,2025-02-12,2026-03-19,100,APAC,Referral,0,
CUST16,Basic,2024-02-18,2024-07-09,20,LATAM,Organic,0,
CUST17,Basic,2025-01-29,2026-03-25,20,LATAM,Organic,0,
CUST18,Standard,2024-04-27,2026-04-25,50,APAC,Organic,0,
CUST19,Standard,2024-10-27,2026-02-14,50,APAC,Organic,0,
CUST20,Basic,2024-04-18,2026-02-17,20,APAC,Paid Ads,0,
CUST21,Premium,2025-01-17,2027-04-07,100,Europe,Paid Ads,0,
CUST22,Premium,2025-05-15,2025-07-03,100,North America,Partnership,1,2025-06-08
CUST23,Standard,2024-09-03,2026-05-06,50,Europe,Organic,0,
CUST24,Basic,2024-05-08,2024-10-16,20,LATAM,Organic,0,
CUST25,Premium,2025-03-09,2025-11-10,100,Europe,Partnership,0,
CUST26,Premium,2025-02-12,2027-01-30,100,Europe,Partnership,0,
CUST27,Standard,2024-09-10,2025-05-28,50,LATAM,Organic,1,2024-09-21
CUST28,Premium,2024-01-08,2024-04-19,100,Europe,Paid Ads,0,
CUST29,Basic,2024-02-02,2025-02-04,20,Europe,Organic,1,2024-06-03
CUST30,Standard,2024-05-15,2026-06-24,50,LATAM,Paid Ads,0,
CUST31,Premium,2025-04-29,2027-09-02,100,LATAM,Paid Ads,0,
CUST32,Basic,2024-12-28,2026-04-05,20,North America,Referral,0,
CUST33,Premium,2024-03-03,2025-05-19,100,North America,Organic,0,
CUST34,Basic,2024-07-13,2026-02-12,20,Europe,Paid Ads,0,
CUST35,Standard,2025-04-18,2026-01-28,50,Europe,Partnership,0,
CUST36,Basic,2024-02-21,2026-01-18,20,LATAM,Organic,0,
CUST37,Basic,2024-06-19,2025-09-08,20,North America,Paid Ads,0,
CUST38,Basic,2024-06-17,2025-08-09,20,LATAM,Organic,1,2025-01-03
CUST39,Standard,2025-03-09,2027-03-22,50,LATAM,Partnership,0,
CUST40,Premium,2024-07-13,2025-06-11,100,LATAM,Paid Ads,0,
CUST41,Basic,2024-02-28,2024-05-19,20,North America,Partnership,0,
CUST42,Premium,2024-03-23,2024-10-29,100,Europe,Organic,1,2024-04-10
CUST43,Premium,2024-05-02,2026-01-05,100,Europe,Referral,0,
CUST44,Premium,2025-03-05,2027-02-06,100,North America,Organic,0,
CUST45,Premium,2024-07-28,2026-07-13,100,APAC,Partnership,0,
CUST46,Basic,2024-05-14,2026-05-01,20,APAC,Referral,0,
CUST47,Standard,2024-01-10,2025-05-23,50,APAC,Organic,0,
CUST48,Premium,2024-08-06,2026-02-05,100,North America,Organic,0,
CUST49,Standard,2025-01-13,2025-11-30,50,North America,Paid Ads,0,
CUST50,Premium,2024-11-02,2026-10-12,100,APAC,Organic,1,2025-03-20
CUST51,Standard,2024-06-08,2025-04-12,50,North America,Organic,0,
CUST52,Basic,2024-09-27,2026-03-28,20,APAC,Paid Ads,0,
CUST53,Basic,2024-10-10,2024-12-24,20,North America,Referral,1,2024-10-27
CUST54,Premium,2025-03-28,2026-11-12,100,APAC,Paid Ads,0,
CUST55,Premium,2024-03-18,2026-03-25,100,North America,Organic,0,
CUST56,Premium,2024-05-31,2025-09-13,100,North America,Partnership,1,2024-11-05
CUST57,Standard,2024-08-03,2026-08-01,50,North America,Partnership,0,
CUST58,Basic,2024-06-07,2025-03-06,20,APAC,Referral,0,
CUST59,Basic,2024-07-02,2026-08-25,20,LATAM,Organic,0,
CUST60,Standard,2024-06-12,2026-09-26,50,Europe,Partnership,0,
CUST61,Standard,2024-08-15,2025-04-06,50,North America,Referral,0,
CUST62,Standard,2024-08-21,2025-05-06,50,APAC,Partnership,1,2024-11-28
CUST63,Standard,2024-03-12,2026-06-11,50,APAC,Partnership,0,
CUST64,Premium,2024-01-29,2024-06-25,100,LATAM,Partnership,0,
CUST65,Standard,2024-02-09,2024-06-29,50,Europe,Partnership,0,
CUST66,Standard,2024-04-28,2025-06-26,50,APAC,Referral,0,
CUST67,Basic,2025-03-22,2025-04-22,20,APAC,Organic,0,
CUST68,Premium,2025-03-17,2025-06-26,100,Europe,Partnership,0,
CUST69,Standard,2024-11-03,2026-05-06,50,APAC,Organic,0,
CUST70,Standard,2024-10-29,2026-06-18,50,APAC,Referral,1,2026-01-03
CUST71,Premium,2024-11-04,2026-01-23,100,LATAM,Paid Ads,0,
CUST72,Basic,2024-08-03,2025-11-16,20,APAC,Partnership,0,
CUST73,Premium,2025-03-28,2026-07-23,100,APAC,Referral,0,
CUST74,Premium,2024-03-27,2025-02-10,100,LATAM,Paid Ads,0,
CUST75,Premium,2024-08-28,2026-08-16,100,APAC,Organic,0,
CUST76,Basic,2024-02-17,2024-11-23,20,Europe,Organic,0,
CUST77,Premium,2025-02-28,2027-01-03,100,North America,Referral,0,
CUST78,Premium,2025-02-13,2025-11-19,100,LATAM,Referral,1,2025-02-16
CUST79,Basic,2024-06-29,2026-10-30,20,LATAM,Paid Ads,0,
CUST80,Premium,2024-09-12,2027-02-27,100,LATAM,Organic,1,2025-01-27
CUST81,Standard,2025-05-31,2026-09-09,50,APAC,Referral,0,
CUST82,Premium,2025-05-01,2026-09-03,100,LATAM,Paid Ads,0,
CUST83,Basic,2024-09-01,2025-07-09,20,APAC,Referral,0,
CUST84,Premium,2024-10-05,2025-10-13,100,APAC,Paid Ads,0,
CUST85,Premium,2024-06-03,2025-02-24,100,North America,Paid Ads,0,
CUST86,Basic,2025-02-28,2026-05-21,20,Europe,Organic,0,
CUST87,Standard,2024-07-30,2026-12-29,50,LATAM,Organic,0,
CUST88,Premium,2025-05-03,2025-06-08,100,North America,Referral,0,
CUST89,Standard,2024-08-13,2026-01-24,50,LATAM,Referral,0,
CUST90,Standard,2025-02-02,2026-02-11,50,LATAM,Organic,0,
CUST91,Standard,2024-05-10,2026-03-08,50,Europe,Referral,0,
CUST92,Standard,2025-03-14,2025-08-29,50,North America,Organic,0,
CUST93,Basic,2025-01-23,2026-01-23,20,North America,Partnership,0,
CUST94,Standard,2024-10-11,2026-12-20,50,APAC,Referral,0,
CUST95,Standard,2025-04-26,2025-06-14,50,APAC,Organic,0,
CUST96,Basic,2024-03-11,2026-06-18,20,APAC,Paid Ads,0,
CUST97,Basic,2024-07-23,2026-12-29,20,North America,Paid Ads,1,2024-12-27
CUST98,Basic,2024-04-27,2025-12-25,20,Europe,Referral,0,
CUST99,Standard,2024-06-20,2026-04-01,50,APAC,Partnership,0,
CUST100,Premium,2024-11-14,2025-04-03,100,North America,Paid Ads,0,
CUST101,Standard,2024-07-22,2024-11-06,50,LATAM,Referral,0,
CUST102,Premium,2024-11-04,2027-04-23,100,Europe,Organic,0,
CUST103,Basic,2025-03-14,2027-02-19,20,North America,Partnership,0,
CUST104,Premium,2025-03-06,2027-07-26,100,APAC,Organic,0,
CUST105,Standard,2024-06-05,2025-09-23,50,APAC,Referral,0,
CUST106,Premium,2025-04-21,2026-08-10,100,APAC,Referral,0,
CUST107,Premium,2024-09-08,2027-02-05,100,APAC,Partnership,0,
CUST108,Standard,2025-04-20,2026-12-24,50,LATAM,Paid Ads,0,
CUST109,Standard,2025-05-21,2026-05-18,50,APAC,Organic,0,
CUST110,Basic,2024-12-14,2025-10-26,20,APAC,Partnership,0,
CUST111,Premium,2024-07-14,2024-11-08,100,APAC,Organic,0,
CUST112,Standard,2025-05-02,2027-03-24,50,LATAM,Paid Ads,0,
CUST113,Standard,2024-10-28,2025-07-11,50,North America,Organic,0,
CUST114,Basic,2025-04-29,2026-12-16,20,APAC,Partnership,0,
CUST115,Standard,2025-04-09,2026-02-10,50,APAC,Partnership,0,
CUST116,Basic,2024-11-19,2025-04-20,20,North America,Paid Ads,0,
CUST117,Premium,2024-08-09,2026-10-04,100,Europe,Paid Ads,0,
CUST118,Premium,2024-07-17,2025-06-15,100,APAC,Organic,0,
CUST119,Basic,2024-05-09,2025-03-15,20,APAC,Organic,1,2024-06-06
CUST120,Premium,2025-05-17,2025-09-29,100,APAC,Paid Ads,0,
CUST121,Premium,2025-05-05,2026-08-29,100,APAC,Referral,0,
CUST122,Basic,2024-04-26,2026-09-14,20,APAC,Referral,1,2025-09-12
CUST123,Basic,2024-06-01,2026-10-09,20,North America,Paid Ads,0,
CUST124,Standard,2024-05-01,2025-12-23,50,North America,Paid Ads,0,
CUST125,Premium,2025-04-06,2026-08-02,100,Europe,Referral,0,
CUST126,Premium,2024-03-02,2025-12-16,100,LATAM,Partnership,0,
CUST127,Basic,2024-09-27,2026-09-03,20,Europe,Paid Ads,1,2025-05-31
CUST128,Basic,2024-01-03,2025-03-26,20,North America,Paid Ads,0,
CUST129,Premium,2024-02-03,2024-10-27,100,LATAM,Partnership,0,
CUST130,Standard,2024-08-27,2025-06-23,50,LATAM,Organic,0,
CUST131,Premium,2024-04-27,2025-12-05,100,Europe,Referral,0,
CUST132,Basic,2024-03-14,2024-06-13,20,APAC,Paid Ads,0,
CUST133,Standard,2024-05-07,2025-09-28,50,APAC,Referral,0,
CUST134,Premium,2025-05-27,2026-12-30,100,LATAM,Partnership,0,
CUST135,Basic,2024-11-26,2026-09-05,20,North America,Referral,0,
CUST136,Basic,2024-10-02,2026-06-14,20,Europe,Organic,1,2025-03-31
CUST137,Standard,2024-07-04,2026-03-25,50,LATAM,Partnership,0,
CUST138,Standard,2024-12-22,2026-03-15,50,North America,Referral,0,
CUST139,Premium,2024-12-03,2026-02-27,100,North America,Paid Ads,0,
CUST140,Standard,2025-04-10,2025-08-08,50,LATAM,Organic,0,
CUST141,Standard,2024-01-02,2025-12-05,50,North America,Referral,0,
CUST142,Standard,2024-07-11,2026-01-22,50,LATAM,Organic,0,
CUST143,Standard,2024-07-27,2025-05-26,50,LATAM,Organic,0,
CUST144,Standard,2024-05-04,2024-07-02,50,LATAM,Referral,0,
CUST145,Premium,2024-11-14,2026-07-01,100,Europe,Paid Ads,1,2026-01-06
CUST146,Basic,2025-04-17,2025-09-14,20,Europe,Organic,0,
CUST147,Basic,2024-10-06,2026-01-04,20,LATAM,Partnership,0,
CUST148,Standard,2024-05-28,2025-07-24,50,Europe,Referral,0,
CUST149,Premium,2024-10-09,2027-01-08,100,Europe,Organic,0,
CUST150,Standard,2024-01-03,2024-11-17,50,APAC,Partnership,0,
CUST151,Premium,2025-04-02,2026-11-04,100,LATAM,Paid Ads,0,
CUST152,Standard,2024-11-25,2025-07-06,50,LATAM,Referral,0,
CUST153,Basic,2025-02-24,2025-05-09,20,LATAM,Paid Ads,0,
CUST154,Standard,2024-06-04,2025-11-23,50,LATAM,Referral,0,
CUST155,Basic,2025-03-26,2025-08-05,20,APAC,Organic,0,
CUST156,Standard,2025-02-23,2027-01-24,50,North America,Paid Ads,0,
CUST157,Basic,2024-12-12,2026-10-11,20,LATAM,Partnership,0,
CUST158,Premium,2025-01-24,2026-01-13,100,North America,Partnership,0,
CUST159,Standard,2024-08-28,2026-07-05,50,North America,Organic,0,
CUST160,Standard,2025-03-20,2025-07-28,50,Europe,Organic,0,
CUST161,Premium,2024-06-19,2026-06-29,100,North America,Referral,0,
CUST162,Basic,2024-02-27,2025-01-22,20,North America,Partnership,0,
CUST163,Standard,2025-02-25,2026-10-27,50,Europe,Paid Ads,0,
CUST164,Basic,2024-03-21,2026-01-04,20,Europe,Paid Ads,0,
CUST165,Premium,2024-05-26,2025-02-17,100,Europe,Referral,0,
CUST166,Standard,2024-01-10,2026-05-12,50,LATAM,Partnership,0,
CUST167,Standard,2025-03-28,2026-04-15,50,Europe,Organic,0,
CUST168,Standard,2025-04-12,2027-09-24,50,LATAM,Partnership,0,
CUST169,Standard,2024-08-30,2025-10-24,50,LATAM,Organic,0,
CUST170,Premium,2024-01-23,2026-06-20,100,APAC,Partnership,0,
CUST171,Standard,2025-05-23,2027-10-22,50,North America,Organic,0,
CUST172,Standard,2024-08-12,2026-06-24,50,Europe,Partnership,0,
CUST173,Standard,2024-02-10,2025-01-21,50,Europe,Organic,0,
CUST174,Basic,2024-04-02,2025-02-28,20,APAC,Paid Ads,0,
CUST175,Standard,2024-05-15,2026-08-28,50,Europe,Paid Ads,0,
CUST176,Standard,2024-09-20,2027-02-11,50,APAC,Paid Ads,0,
CUST177,Standard,2025-04-24,2025-08-09,50,APAC,Organic,1,2025-05-23
CUST178,Premium,2024-04-02,2026-07-20,100,LATAM,Partnership,0,
CUST179,Standard,2025-01-12,2026-12-31,50,North America,Referral,0,
CUST180,Standard,2024-04-20,2026-04-11,50,LATAM,Partnership,0,
CUST181,Basic,2024-03-05,2026-01-14,20,APAC,Paid Ads,0,
CUST182,Premium,2024-04-29,2024-10-19,100,APAC,Referral,1,2024-05-09
CUST183,Standard,2024-04-09,2025-01-04,50,LATAM,Organic,0,
CUST184,Basic,2025-01-14,2026-12-31,20,LATAM,Referral,0,
CUST185,Premium,2025-02-28,2027-01-29,100,LATAM,Paid Ads,1,2026-07-15
CUST186,Premium,2024-02-03,2026-02-08,100,LATAM,Partnership,0,
CUST187,Standard,2025-01-06,2025-05-17,50,LATAM,Paid Ads,0,
CUST188,Standard,2025-02-11,2025-12-20,50,APAC,Organic,0,
CUST189,Basic,2024-08-05,2026-06-23,20,LATAM,Organic,0,
CUST190,Basic,2024-09-06,2025-02-11,20,North America,Partnership,0,
CUST191,Basic,2024-08-09,2026-12-19,20,North America,Paid Ads,0,
CUST192,Standard,2024-10-10,2025-04-06,50,Europe,Organic,0,
CUST193,Premium,2024-04-22,2026-03-29,100,APAC,Paid Ads,0,
CUST194,Basic,2024-08-31,2026-05-25,20,North America,Partnership,0,
CUST195,Basic,2024-05-09,2026-07-07,20,APAC,Organic,0,
CUST196,Basic,2025-04-04,2027-07-09,20,North America,Referral,0,
CUST197,Premium,2025-05-30,2026-02-10,100,North America,Referral,0,
CUST198,Basic,2024-02-01,2024-05-03,20,APAC,Referral,0,
CUST199,Standard,2025-05-17,2027-06-15,50,LATAM,Organic,0,
CUST200,Basic,2024-05-31,2024-09-05,20,North America,Partnership,1,2024-08-19
CUST201,Premium,2024-10-28,2026-03-06,100,APAC,Referral,0,
CUST202,Standard,2024-08-08,2025-11-21,50,North America,Organic,0,
CUST203,Basic,2025-04-09,2026-06-21,20,LATAM,Partnership,0,
CUST204,Basic,2024-11-16,2026-10-28,20,APAC,Referral,0,
CUST205,Basic,2024-04-03,2026-09-01,20,LATAM,Organic,1,2025-06-20
CUST206,Basic,2024-03-02,2025-11-22,20,APAC,Paid Ads,0,
CUST207,Premium,2025-02-24,2026-03-23,100,APAC,Organic,0,
CUST208,Standard,2024-11-15,2025-12-10,50,North America,Partnership,1,2025-08-02
CUST209,Basic,2024-08-17,2027-01-31,20,Europe,Referral,1,2026-12-31
CUST210,Premium,2024-10-12,2026-06-21,100,APAC,Organic,0,
CUST211,Standard,2024-01-30,2024-08-31,50,North America,Partnership,0,
CUST212,Standard,2024-01-07,2024-08-09,50,APAC,Partnership,0,
CUST213,Premium,2024-05-25,2026-07-22,100,LATAM,Organic,0,
CUST214,Basic,2025-01-20,2026-04-24,20,North America,Paid Ads,0,
CUST215,Basic,2024-11-28,2027-03-03,20,APAC,Partnership,0,
CUST216,Premium,2024-06-08,2024-12-16,100,North America,Organic,0,
CUST217,Basic,2025-03-29,2027-03-06,20,North America,Partnership,0,
CUST218,Premium,2024-10-06,2025-06-13,100,LATAM,Referral,0,
CUST219,Basic,2024-04-23,2025-03-09,20,APAC,Referral,0,
CUST220,Premium,2024-02-16,2024-10-28,100,LATAM,Partnership,0,
CUST221,Premium,2024-07-28,2025-07-01,100,North America,Organic,0,
CUST222,Basic,2024-12-01,2025-05-02,20,APAC,Partnership,1,2025-03-22
CUST223,Basic,2024-08-23,2026-02-16,20,Europe,Referral,0,
CUST224,Premium,2025-02-10,2027-04-10,100,APAC,Organic,1,2025-03-02
CUST225,Standard,2025-03-15,2026-11-22,50,North America,Partnership,0,
CUST226,Premium,2024-04-27,2025-07-15,100,LATAM,Partnership,1,2024-10-11
CUST227,Basic,2024-03-31,2025-07-21,20,LATAM,Partnership,0,
CUST228,Basic,2024-03-21,2025-05-30,20,LATAM,Referral,0,
CUST229,Premium,2024-12-07,2027-03-14,100,APAC,Paid Ads,0,
CUST230,Premium,2024-12-23,2026-01-16,100,North America,Paid Ads,0,
CUST231,Premium,2024-04-15,2024-10-11,100,Europe,Paid Ads,0,
CUST232,Basic,2024-06-30,2026-09-29,20,Europe,Organic,0,
CUST233,Standard,2024-11-19,2025-05-22,50,LATAM,Partnership,0,
CUST234,Standard,2024-10-08,2026-07-05,50,LATAM,Partnership,1,2026-03-12
CUST235,Basic,2025-04-07,2025-06-14,20,APAC,Referral,1,2025-05-14
CUST236,Basic,2025-04-18,2027-01-02,20,North America,Referral,0,
CUST237,Premium,2024-07-11,2025-07-05,100,North America,Referral,0,
CUST238,Premium,2025-04-06,2025-08-19,100,Europe,Organic,0,
CUST239,Standard,2024-02-10,2024-11-19,50,North America,Paid Ads,0,
CUST240,Standard,2025-01-16,2025-12-01,50,Europe,Partnership,0,
CUST241,Standard,2024-03-08,2025-03-10,50,North America,Partnership,1,2025-02-19
CUST242,Standard,2024-06-02,2025-06-08,50,APAC,Partnership,1,2025-05-08
CUST243,Basic,2025-02-05,2025-07-17,20,APAC,Partnership,0,
CUST244,Basic,2024-12-02,2027-04-13,20,APAC,Referral,1,2026-11-22
CUST245,Premium,2025-01-05,2025-02-22,100,North America,Referral,0,
CUST246,Basic,2025-05-12,2025-12-24,20,Europe,Partnership,0,
CUST247,Basic,2024-10-29,2027-04-11,20,Europe,Organic,0,
CUST248,Premium,2024-05-14,2026-02-14,100,North America,Partnership,0,
CUST249,Basic,2025-03-24,2025-06-06,20,Europe,Paid Ads,0,
CUST250,Premium,2024-10-18,2026-12-27,100,Europe,Referral,0,
CUST251,Standard,2024-11-12,2027-03-20,50,Europe,Paid Ads,0,
CUST252,Basic,2025-04-17,2027-07-13,20,APAC,Referral,0,
CUST253,Standard,2024-07-23,2026-11-20,50,LATAM,Paid Ads,0,
CUST254,Standard,2025-01-15,2026-09-04,50,North America,Referral,0,
CUST255,Premium,2024-03-26,2026-06-15,100,North America,Partnership,0,
CUST256,Standard,2024-04-03,2024-12-16,50,Europe,Referral,0,
CUST257,Standard,2024-02-24,2025-05-04,50,North America,Referral,0,
CUST258,Basic,2025-01-18,2025-10-04,20,LATAM,Organic,1,2025-03-10
CUST259,Premium,2024-05-20,2024-07-28,100,APAC,Paid Ads,0,
CUST260,Standard,2025-04-04,2027-01-24,50,Europe,Referral,1,2025-06-25
CUST261,Basic,2024-06-02,2026-01-14,20,APAC,Paid Ads,0,
CUST262,Premium,2024-10-22,2025-07-22,100,LATAM,Organic,0,
CUST263,Basic,2025-04-13,2025-07-16,20,Europe,Referral,1,2025-06-16
CUST264,Premium,2024-05-27,2025-04-20,100,North America,Paid Ads,0,
CUST265,Premium,2025-03-02,2025-10-09,100,APAC,Paid Ads,0,
CUST266,Basic,2024-01-21,2025-03-25,20,APAC,Organic,0,
CUST267,Basic,2024-09-16,2026-11-20,20,LATAM,Partnership,1,2024-11-25
CUST268,Standard,2024-12-06,2025-05-21,50,Europe,Organic,1,2025-04-25
CUST269,Standard,2025-05-05,2027-03-12,50,Europe,Referral,0,
CUST270,Basic,2024-02-07,2025-01-02,20,North America,Referral,0,
CUST271,Basic,2024-11-13,2026-05-24,20,North America,Partnership,0,
CUST272,Premium,2024-02-07,2026-04-18,100,LATAM,Partnership,0,
CUST273,Standard,2024-12-05,2025-10-10,50,APAC,Organic,1,2025-06-12
CUST274,Standard,2025-01-30,2026-02-11,50,LATAM,Referral,0,
CUST275,Standard,2024-09-30,2027-01-28,50,LATAM,Partnership,1,2025-12-09
CUST276,Basic,2024-10-27,2025-10-20,20,LATAM,Paid Ads,1,2025-04-13
CUST277,Premium,2025-04-01,2027-01-08,100,APAC,Partnership,0,
CUST278,Basic,2025-04-02,2025-06-14,20,LATAM,Partnership,0,
CUST279,Standard,2024-02-28,2024-06-13,50,LATAM,Partnership,0,
CUST280,Standard,2024-02-01,2024-07-26,50,APAC,Paid Ads,0,
CUST281,Premium,2024-05-09,2024-08-15,100,LATAM,Organic,0,
CUST282,Premium,2025-01-27,2026-09-29,100,APAC,Partnership,1,2025-07-04
CUST283,Premium,2025-01-15,2026-05-14,100,LATAM,Partnership,0,
CUST284,Premium,2025-02-11,2026-01-28,100,Europe,Partnership,0,
CUST285,Basic,2024-07-09,2026-01-01,20,North America,Organic,0,
CUST286,Premium,2024-09-23,2026-10-13,100,North America,Partnership,0,
CUST287,Premium,2024-07-23,2024-12-25,100,APAC,Referral,1,2024-08-11
CUST288,Standard,2024-03-30,2026-08-06,50,Europe,Referral,0,
CUST289,Standard,2024-10-24,2025-09-26,50,APAC,Organic,0,
CUST290,Premium,2024-08-17,2025-01-18,100,Europe,Partnership,0,
CUST291,Basic,2024-01-27,2025-03-01,20,Europe,Referral,0,
CUST292,Standard,2024-03-29,2024-07-04,50,LATAM,Paid Ads,0,
CUST293,Premium,2025-02-23,2027-07-16,100,LATAM,Referral,0,
CUST294,Basic,2025-04-05,2026-08-25,20,APAC,Organic,0,
CUST295,Standard,2024-05-12,2025-08-28,50,Europe,Paid Ads,0,
CUST296,Basic,2024-11-07,2025-05-24,20,North America,Paid Ads,0,
CUST297,Premium,2024-10-17,2027-04-01,100,Europe,Partnership,1,2025-05-07
CUST298,Premium,2024-11-06,2026-08-27,100,APAC,Paid Ads,0,
CUST299,Premium,2024-06-24,2026-05-29,100,Europe,Paid Ads,0,
CUST300,Premium,2024-01-30,2024-05-22,100,APAC,Organic,1,2024-04-22
CUST301,Premium,2025-03-02,2026-12-24,100,APAC,Paid Ads,0,
CUST302,Standard,2025-05-09,2026-02-13,50,APAC,Partnership,0,
CUST303,Premium,2025-04-09,2025-07-22,100,LATAM,Partnership,0,
CUST304,Basic,2025-05-10,2026-09-27,20,LATAM,Referral,0,
CUST305,Premium,2024-11-22,2027-01-12,100,Europe,Partnership,0,
CUST306,Standard,2025-01-14,2026-07-25,50,LATAM,Paid Ads,0,
CUST307,Standard,2024-05-05,2025-03-04,50,Europe,Referral,0,
CUST308,Basic,2024-10-24,2025-12-21,20,North America,Organic,0,
CUST309,Standard,2024-12-01,2026-08-14,50,Europe,Paid Ads,0,
CUST310,Basic,2025-04-23,2026-10-15,20,Europe,Referral,0,
CUST311,Standard,2025-02-06,2026-08-07,50,North America,Organic,0,
CUST312,Basic,2024-02-19,2024-05-10,20,Europe,Partnership,0,
CUST313,Premium,2024-01-09,2026-06-24,100,LATAM,Partnership,1,2024-05-26
CUST314,Standard,2025-01-09,2025-03-26,50,APAC,Referral,0,
CUST315,Premium,2024-10-22,2025-02-04,100,Europe,Partnership,0,
CUST316,Standard,2024-05-11,2024-09-17,50,APAC,Organic,0,
CUST317,Standard,2024-07-22,2026-04-29,50,APAC,Paid Ads,0,
CUST318,Premium,2024-02-09,2024-07-28,100,North America,Organic,0,
CUST319,Standard,2024-05-23,2025-05-23,50,LATAM,Paid Ads,0,
CUST320,Standard,2024-11-02,2026-08-01,50,Europe,Referral,0,
CUST321,Premium,2025-05-01,2027-09-13,100,LATAM,Partnership,1,2026-04-06
CUST322,Premium,2024-11-11,2027-03-06,100,North America,Referral,0,
CUST323,Premium,2024-09-28,2026-08-30,100,North America,Referral,0,
CUST324,Premium,2025-05-06,2025-11-26,100,Europe,Organic,0,
CUST325,Premium,2024-09-05,2024-11-06,100,LATAM,Paid Ads,0,
CUST326,Premium,2024-01-20,2025-05-15,100,North America,Paid Ads,0,
CUST327,Basic,2025-02-24,2026-08-21,20,LATAM,Paid Ads,0,
CUST328,Standard,2024-07-31,2026-03-27,50,North America,Paid Ads,0,
CUST329,Premium,2024-11-17,2025-06-12,100,LATAM,Referral,0,
CUST330,Premium,2024-09-27,2026-07-13,100,APAC,Partnership,0,
CUST331,Basic,2024-08-18,2025-07-18,20,APAC,Partnership,0,
CUST332,Premium,2024-11-20,2026-04-25,100,Europe,Referral,0,
CUST333,Premium,2024-05-04,2026-01-11,100,APAC,Partnership,0,
CUST334,Standard,2024-05-29,2025-04-21,50,LATAM,Partnership,1,2024-07-09
CUST335,Standard,2025-05-05,2026-01-09,50,LATAM,Partnership,0,
CUST336,Premium,2024-05-20,2024-10-08,100,APAC,Partnership,0,
CUST337,Premium,2024-02-21,2026-02-05,100,Europe,Paid Ads,0,
CUST338,Basic,2024-04-12,2025-07-09,20,Europe,Organic,0,
CUST339,Standard,2024-01-06,2025-08-21,50,North America,Paid Ads,0,
CUST340,Basic,2025-05-03,2027-03-30,20,LATAM,Referral,0,
CUST341,Standard,2024-03-01,2026-05-27,50,APAC,Partnership,1,2025-10-10
CUST342,Basic,2025-03-03,2027-08-07,20,North America,Paid Ads,0,
CUST343,Basic,2024-07-09,2026-09-13,20,LATAM,Referral,0,
CUST344,Standard,2024-11-01,2026-07-05,50,North America,Organic,0,
CUST345,Standard,2025-05-20,2025-11-03,50,APAC,Referral,0,
CUST346,Standard,2024-04-25,2025-04-28,50,APAC,Paid Ads,0,
CUST347,Standard,2024-01-15,2026-03-09,50,APAC,Paid Ads,0,
CUST348,Standard,2025-02-19,2027-07-15,50,Europe,Paid Ads,0,
CUST349,Standard,2024-04-07,2024-11-12,50,North America,Referral,0,
CUST350,Standard,2024-01-07,2024-10-30,50,APAC,Paid Ads,0,
CUST351,Standard,2024-11-05,2026-07-24,50,APAC,Partnership,0,
CUST352,Basic,2024-08-29,2024-11-30,20,APAC,Partnership,0,
CUST353,Standard,2025-02-19,2027-02-21,50,APAC,Paid Ads,0,
CUST354,Premium,2024-10-29,2025-12-09,100,APAC,Organic,0,
CUST355,Basic,2024-06-05,2025-10-13,20,Europe,Referral,0,
CUST356,Premium,2025-04-27,2027-07-11,100,APAC,Referral,0,
CUST357,Premium,2024-03-24,2025-10-13,100,Europe,Paid Ads,0,
CUST358,Premium,2024-04-24,2024-07-26,100,APAC,Organic,0,
CUST359,Premium,2024-06-17,2025-06-17,100,Europe,Paid Ads,0,
CUST360,Standard,2025-05-15,2025-09-15,50,North America,Paid Ads,0,
CUST361,Standard,2024-05-15,2025-11-21,50,North America,Referral,0,
CUST362,Premium,2024-11-11,2026-12-21,100,North America,Referral,1,2025-07-30
CUST363,Basic,2024-02-16,2025-05-24,20,Europe,Organic,0,
CUST364,Basic,2025-04-28,2025-06-29,20,North America,Organic,0,
CUST365,Basic,2025-01-18,2026-03-15,20,Europe,Referral,0,
CUST366,Standard,2024-05-16,2026-04-15,50,LATAM,Organic,0,
CUST367,Basic,2024-05-10,2026-06-24,20,Europe,Referral,0,
CUST368,Basic,2025-04-19,2027-04-08,20,North America,Partnership,0,
CUST369,Standard,2024-09-10,2026-01-24,50,LATAM,Paid Ads,0,
CUST370,Standard,2024-02-02,2026-06-09,50,Europe,Organic,0,
CUST371,Premium,2024-07-30,2024-11-05,100,North America,Paid Ads,1,2024-08-04
CUST372,Standard,2024-02-15,2025-05-01,50,North America,Paid Ads,0,
CUST373,Premium,2024-05-23,2025-11-19,100,Europe,Organic,0,
CUST374,Basic,2024-08-30,2025-08-04,20,APAC,Partnership,0,
CUST375,Premium,2024-11-03,2025-09-10,100,Europe,Referral,1,2025-09-02
CUST376,Premium,2025-05-22,2025-08-08,100,Europe,Referral,0,
CUST377,Premium,2025-03-02,2026-05-24,100,LATAM,Partnership,1,2025-09-11
CUST378,Basic,2024-08-18,2025-07-21,20,LATAM,Paid Ads,0,
CUST379,Basic,2025-02-26,2026-05-28,20,LATAM,Organic,0,
CUST380,Basic,2024-09-18,2025-05-14,20,LATAM,Paid Ads,0,
CUST381,Basic,2024-04-04,2025-11-03,20,LATAM,Partnership,0,
CUST382,Basic,2025-01-21,2027-01-10,20,North America,Partnership,0,
CUST383,Basic,2024-08-10,2026-01-12,20,North America,Paid Ads,0,
CUST384,Standard,2024-08-04,2025-03-16,50,APAC,Organic,0,
CUST385,Basic,2024-07-28,2025-10-07,20,LATAM,Paid Ads,0,
CUST386,Premium,2025-01-24,2026-06-15,100,APAC,Partnership,0,
CUST387,Standard,2025-01-03,2026-07-12,50,APAC,Partnership,0,
CUST388,Standard,2024-11-23,2025-07-19,50,North America,Referral,0,
CUST389,Standard,2024-05-29,2024-07-14,50,North America,Paid Ads,0,
CUST390,Premium,2024-06-05,2025-01-21,100,LATAM,Partnership,0,
CUST391,Standard,2024-12-11,2025-09-30,50,Europe,Referral,0,
CUST392,Standard,2024-06-21,2026-08-10,50,LATAM,Referral,0,
CUST393,Basic,2024-07-07,2026-02-12,20,Europe,Referral,0,
CUST394,Basic,2024-02-19,2026-05-11,20,North America,Organic,1,2024-07-09
CUST395,Premium,2024-06-03,2024-07-12,100,Europe,Organic,0,
CUST396,Standard,2025-05-09,2027-04-14,50,APAC,Organic,0,
CUST397,Basic,2024-01-18,2025-08-12,20,LATAM,Organic,0,
CUST398,Premium,2025-05-29,2027-10-08,100,APAC,Organic,0,
CUST399,Standard,2024-04-08,2025-10-26,50,Europe,Organic,1,2024-10-22
CUST400,Premium,2024-09-30,2027-01-22,100,APAC,Partnership,0,
CUST401,Standard,2024-09-06,2026-09-19,50,LATAM,Referral,0,
CUST402,Premium,2024-04-05,2025-06-24,100,North America,Organic,0,
CUST403,Premium,2024-01-10,2026-01-28,100,LATAM,Organic,0,
CUST404,Standard,2024-04-07,2025-10-29,50,LATAM,Partnership,0,
CUST405,Basic,2024-10-04,2024-12-20,20,Europe,Referral,0,
CUST406,Premium,2024-07-02,2026-12-19,100,APAC,Organic,0,
CUST407,Basic,2024-03-19,2025-02-18,20,Europe,Referral,0,
CUST408,Basic,2025-01-28,2027-04-11,20,LATAM,Partnership,0,
CUST409,Premium,2024-02-24,2024-07-03,100,North America,Partnership,0,
CUST410,Basic,2024-11-30,2025-01-29,20,APAC,Referral,0,
CUST411,Standard,2024-12-30,2026-08-18,50,LATAM,Paid Ads,0,
CUST412,Standard,2024-03-28,2026-06-26,50,Europe,Referral,0,
CUST413,Basic,2024-10-01,2025-04-06,20,North America,Organic,0,
CUST414,Premium,2024-11-20,2025-12-24,100,Europe,Referral,1,2024-11-23
CUST415,Standard,2024-10-03,2025-02-14,50,LATAM,Partnership,1,2024-11-20
CUST416,Standard,2024-04-15,2024-06-10,50,LATAM,Referral,1,2024-05-21
CUST417,Basic,2024-01-13,2024-12-06,20,APAC,Referral,0,
CUST418,Basic,2025-01-24,2025-08-15,20,Europe,Paid Ads,1,2025-04-12
CUST419,Standard,2024-03-05,2024-09-22,50,LATAM,Paid Ads,0,
CUST420,Standard,2024-03-19,2025-04-22,50,APAC,Referral,0,
CUST421,Basic,2025-04-13,2025-08-30,20,LATAM,Paid Ads,1,2025-04-15
CUST422,Standard,2024-12-03,2026-03-28,50,APAC,Referral,0,
CUST423,Premium,2024-11-24,2026-09-02,100,Europe,Partnership,0,
CUST424,Basic,2024-06-30,2025-09-10,20,LATAM,Partnership,0,
CUST425,Standard,2024-11-29,2026-01-18,50,LATAM,Paid Ads,0,
CUST426,Standard,2024-07-23,2026-04-20,50,APAC,Organic,0,
CUST427,Basic,2024-08-02,2025-11-23,20,North America,Referral,0,
CUST428,Premium,2025-05-26,2025-11-14,100,North America,Referral,0,
CUST429,Basic,2025-03-09,2027-06-25,20,APAC,Paid Ads,0,
CUST430,Standard,2025-03-04,2026-10-11,50,LATAM,Referral,1,2026-03-08
CUST431,Premium,2024-09-11,2026-08-15,100,North America,Organic,0,
CUST432,Basic,2024-12-05,2027-03-30,20,North America,Referral,0,
CUST433,Basic,2024-08-15,2026-02-18,20,North America,Partnership,0,
CUST434,Premium,2025-01-18,2026-03-24,100,Europe,Referral,0,
CUST435,Premium,2024-01-26,2025-07-03,100,Europe,Partnership,1,2025-03-27
CUST436,Basic,2024-12-22,2025-12-06,20,North America,Paid Ads,0,
CUST437,Basic,2025-05-02,2025-09-08,20,LATAM,Partnership,0,
CUST438,Premium,2024-03-09,2025-02-09,100,LATAM,Partnership,1,2024-05-07
CUST439,Basic,2024-06-17,2026-08-14,20,APAC,Organic,0,
CUST440,Basic,2025-03-12,2026-07-28,20,Europe,Partnership,0,
CUST441,Standard,2025-03-18,2026-05-27,50,Europe,Paid Ads,1,2026-01-27
CUST442,Basic,2025-02-02,2025-03-08,20,LATAM,Referral,0,
CUST443,Basic,2024-04-14,2026-08-10,20,APAC,Organic,0,
CUST444,Basic,2024-07-20,2025-11-30,20,APAC,Partnership,1,2025-06-29
CUST445,Standard,2025-02-05,2026-10-29,50,APAC,Referral,1,2026-02-01
CUST446,Standard,2024-03-27,2026-03-15,50,Europe,Partnership,1,2024-07-26
CUST447,Basic,2024-07-06,2025-08-22,20,APAC,Organic,0,
CUST448,Premium,2024-05-21,2026-01-29,100,LATAM,Referral,0,
CUST449,Basic,2024-06-19,2025-12-02,20,LATAM,Paid Ads,0,
CUST450,Basic,2024-02-24,2025-03-27,20,APAC,Referral,0,
CUST451,Standard,2025-01-28,2026-09-25,50,Europe,Paid Ads,0,
CUST452,Standard,2025-03-01,2027-03-28,50,LATAM,Referral,0,
CUST453,Standard,2024-02-01,2026-05-25,50,Europe,Organic,0,
CUST454,Standard,2024-08-18,2026-03-21,50,North America,Partnership,0,
CUST455,Standard,2024-04-26,2025-02-24,50,LATAM,Organic,0,
CUST456,Standard,2024-08-11,2025-11-19,50,North America,Referral,1,2025-10-10
CUST457,Premium,2024-02-03,2025-06-07,100,Europe,Partnership,0,
CUST458,Basic,2024-08-30,2025-05-01,20,LATAM,Organic,0,
CUST459,Premium,2024-06-18,2026-04-09,100,APAC,Referral,1,2025-01-16
CUST460,Basic,2024-10-14,2026-07-17,20,North America,Partnership,0,
CUST461,Standard,2024-09-30,2026-04-09,50,APAC,Partnership,0,
CUST462,Premium,2025-02-25,2025-05-26,100,North America,Paid Ads,0,
CUST463,Premium,2024-09-12,2025-03-10,100,Europe,Paid Ads,0,
CUST464,Basic,2024-05-25,2026-02-05,20,LATAM,Referral,0,
CUST465,Premium,2025-04-07,2025-07-23,100,LATAM,Referral,0,
CUST466,Basic,2025-01-12,2026-05-22,20,LATAM,Partnership,0,
CUST467,Standard,2025-04-14,2027-02-23,50,North America,Organic,0,
CUST468,Standard,2024-08-11,2025-11-23,50,North America,Referral,0,
CUST469,Standard,2024-10-17,2025-10-27,50,APAC,Partnership,0,
CUST470,Basic,2024-02-19,2024-05-06,20,LATAM,Partnership,1,2024-04-18
CUST471,Basic,2025-03-27,2026-08-06,20,North America,Paid Ads,1,2026-07-31
CUST472,Standard,2024-11-05,2025-05-16,50,Europe,Paid Ads,0,
CUST473,Standard,2024-09-13,2025-01-05,50,North America,Partnership,0,
CUST474,Premium,2025-02-09,2026-12-11,100,Europe,Organic,0,
CUST475,Premium,2024-04-03,2026-04-23,100,Europe,Referral,1,2024-11-08
CUST476,Standard,2024-08-19,2026-03-03,50,North America,Paid Ads,0,
CUST477,Basic,2024-05-03,2025-08-08,20,North America,Partnership,0,
CUST478,Standard,2025-01-27,2025-05-28,50,North America,Paid Ads,0,
CUST479,Basic,2025-01-11,2025-12-13,20,North America,Partnership,1,2025-03-21
CUST480,Premium,2024-01-09,2025-10-24,100,Europe,Organic,0,
CUST481,Standard,2024-06-04,2025-08-29,50,APAC,Paid Ads,0,
CUST482,Standard,2024-04-12,2024-10-02,50,Europe,Organic,0,
CUST483,Premium,2025-03-15,2026-03-02,100,LATAM,Partnership,0,
CUST484,Basic,2024-09-11,2026-04-30,20,APAC,Organic,0,
CUST485,Premium,2024-11-04,2025-07-02,100,APAC,Organic,0,
CUST486,Premium,2024-10-29,2026-09-20,100,Europe,Referral,1,2025-07-02
CUST487,Standard,2024-09-03,2026-02-26,50,LATAM,Organic,0,
CUST488,Basic,2024-11-20,2025-05-04,20,North America,Partnership,0,
CUST489,Premium,2024-06-25,2026-09-14,100,LATAM,Partnership,0,
CUST490,Basic,2024-01-15,2024-11-08,20,North America,Organic,0,
CUST491,Basic,2025-05-28,2027-08-21,20,LATAM,Partnership,0,
CUST492,Premium,2024-06-05,2025-04-15,100,LATAM,Organic,1,2024-07-16
CUST493,Premium,2024-11-30,2026-02-03,100,Europe,Paid Ads,0,
CUST494,Premium,2025-03-23,2027-05-09,100,North America,Partnership,0,
CUST495,Basic,2024-03-29,2025-07-16,20,North America,Paid Ads,1,2025-02-06
CUST496,Premium,2024-06-28,2024-11-27,100,North America,Partnership,1,2024-08-03
CUST497,Premium,2025-05-23,2026-06-12,100,North America,Paid Ads,0,
CUST498,Premium,2025-01-15,2025-06-23,100,APAC,Paid Ads,0,
CUST499,Standard,2024-12-09,2027-04-14,50,North America,Organic,0,
CUST500,Premium,2024-03-19,2025-09-08,100,North America,Partnership,0,
CUST501,Standard,2024-06-19,2025-07-30,50,North America,Referral,0,
CUST502,Basic,2024-01-03,2024-03-18,20,North America,Paid Ads,0,
CUST503,Basic,2025-04-28,2026-06-04,20,Europe,Organic,0,
CUST504,Basic,2025-03-05,2025-11-19,20,Europe,Organic,0,
CUST505,Standard,2024-03-20,2025-11-25,50,APAC,Partnership,0,
CUST506,Premium,2024-08-16,2026-12-17,100,North America,Paid Ads,0,
CUST507,Basic,2025-04-21,2026-03-06,20,LATAM,Organic,0,
CUST508,Standard,2025-04-12,2025-05-20,50,APAC,Organic,0,
CUST509,Standard,2025-04-20,2026-06-01,50,APAC,Paid Ads,0,
CUST510,Standard,2024-06-03,2024-07-09,50,Europe,Paid Ads,0,
CUST511,Basic,2024-01-10,2025-01-17,20,Europe,Partnership,1,2024-12-12
CUST512,Standard,2024-07-29,2026-02-21,50,APAC,Organic,0,
CUST513,Standard,2024-05-25,2026-06-22,50,LATAM,Organic,0,
CUST514,Basic,2025-01-16,2026-05-30,20,Europe,Referral,0,
CUST515,Basic,2025-02-07,2025-05-24,20,North America,Paid Ads,0,
CUST516,Basic,2024-08-30,2025-07-24,20,LATAM,Paid Ads,0,
CUST517,Standard,2024-11-21,2026-03-29,50,LATAM,Partnership,0,
CUST518,Basic,2024-04-21,2024-10-27,20,Europe,Paid Ads,1,2024-08-15
CUST519,Standard,2024-05-03,2025-12-02,50,APAC,Referral,0,
CUST520,Basic,2025-04-19,2026-02-14,20,LATAM,Partnership,0,
CUST521,Basic,2024-02-11,2024-10-18,20,Europe,Partnership,0,
CUST522,Standard,2024-09-11,2025-10-10,50,Europe,Organic,0,
CUST523,Basic,2024-06-27,2024-08-27,20,APAC,Partnership,0,
CUST524,Standard,2025-04-18,2025-08-30,50,Europe,Organic,0,
CUST525,Basic,2024-03-04,2026-08-01,20,North America,Organic,0,
CUST526,Basic,2025-02-14,2026-04-01,20,Europe,Paid Ads,0,
CUST527,Premium,2024-03-17,2024-05-08,100,North America,Partnership,0,
CUST528,Basic,2024-04-04,2026-09-18,20,LATAM,Paid Ads,0,
CUST529,Standard,2025-04-17,2025-07-07,50,North America,Organic,0,
CUST530,Premium,2025-05-23,2025-07-22,100,LATAM,Referral,0,
CUST531,Standard,2024-08-07,2025-03-16,50,Europe,Partnership,0,
CUST532,Standard,2024-09-08,2026-08-01,50,Europe,Organic,0,
CUST533,Standard,2024-03-30,2025-02-09,50,LATAM,Organic,0,
CUST534,Standard,2024-01-20,2025-03-16,50,Europe,Paid Ads,0,
CUST535,Standard,2024-12-18,2026-08-19,50,LATAM,Referral,0,
CUST536,Standard,2024-01-27,2025-01-17,50,APAC,Paid Ads,0,
CUST537,Basic,2025-04-28,2026-11-21,20,APAC,Organic,0,
CUST538,Premium,2024-04-12,2025-01-20,100,Europe,Paid Ads,0,
CUST539,Standard,2025-02-01,2026-03-01,50,North America,Paid Ads,0,
CUST540,Basic,2024-11-21,2027-03-26,20,Europe,Paid Ads,0,
CUST541,Standard,2024-05-25,2026-01-21,50,North America,Partnership,0,
CUST542,Standard,2025-05-17,2025-07-24,50,APAC,Paid Ads,1,2025-06-16
CUST543,Premium,2025-05-04,2025-06-03,100,Europe,Organic,0,
CUST544,Premium,2024-12-14,2027-01-17,100,Europe,Paid Ads,0,
CUST545,Standard,2024-05-31,2026-02-20,50,North America,Organic,0,
CUST546,Basic,2024-03-15,2025-05-01,20,North America,Partnership,0,
CUST547,Premium,2024-12-10,2025-11-14,100,LATAM,Organic,0,
CUST548,Basic,2024-11-20,2025-06-16,20,LATAM,Referral,0,
CUST549,Premium,2024-06-28,2025-08-19,100,APAC,Paid Ads,0,
CUST550,Premium,2024-06-30,2026-08-15,100,APAC,Paid Ads,1,2026-06-19
CUST551,Premium,2024-07-05,2026-04-12,100,LATAM,Organic,0,
CUST552,Premium,2025-05-23,2025-11-13,100,Europe,Organic,0,
CUST553,Basic,2024-11-23,2025-06-12,20,Europe,Partnership,0,
CUST554,Basic,2024-01-12,2024-11-08,20,APAC,Referral,0,
CUST555,Premium,2024-09-19,2027-01-02,100,North America,Partnership,1,2024-09-21
CUST556,Basic,2025-03-05,2025-09-21,20,LATAM,Referral,0,
CUST557,Standard,2025-01-19,2025-06-01,50,LATAM,Partnership,0,
CUST558,Premium,2025-04-07,2025-07-21,100,Europe,Paid Ads,0,
CUST559,Basic,2024-11-22,2025-09-15,20,APAC,Organic,0,
CUST560,Basic,2025-01-19,2025-08-01,20,APAC,Paid Ads,0,
CUST561,Premium,2025-05-09,2027-05-30,100,North America,Partnership,1,2027-03-10
CUST562,Basic,2024-02-24,2024-07-06,20,LATAM,Paid Ads,0,
CUST563,Basic,2024-10-15,2025-09-14,20,LATAM,Partnership,0,
CUST564,Basic,2024-06-06,2024-08-30,20,LATAM,Referral,0,
CUST565,Standard,2025-05-06,2025-12-26,50,North America,Partnership,1,2025-06-28
CUST566,Basic,2025-04-29,2027-10-10,20,APAC,Organic,1,2027-07-12
CUST567,Standard,2024-09-28,2025-01-29,50,LATAM,Referral,0,
CUST568,Standard,2025-01-25,2026-03-09,50,Europe,Partnership,0,
CUST569,Basic,2025-04-21,2026-02-14,20,APAC,Referral,0,
CUST570,Standard,2024-04-09,2024-08-04,50,North America,Paid Ads,0,
CUST571,Premium,2024-03-03,2026-08-10,100,LATAM,Paid Ads,0,
CUST572,Premium,2024-08-29,2026-01-28,100,LATAM,Referral,0,
CUST573,Standard,2024-05-03,2026-07-17,50,North America,Paid Ads,0,
CUST574,Basic,2024-05-09,2024-07-21,20,Europe,Paid Ads,0,
CUST575,Premium,2024-05-31,2026-11-01,100,LATAM,Paid Ads,0,
CUST576,Standard,2025-02-01,2026-09-23,50,North America,Organic,0,
CUST577,Standard,2024-01-13,2026-04-27,50,APAC,Referral,0,
CUST578,Premium,2025-02-28,2025-08-30,100,LATAM,Organic,1,2025-07-29
CUST579,Premium,2024-04-13,2026-07-26,100,North America,Organic,0,
CUST580,Premium,2024-09-27,2025-11-23,100,APAC,Referral,0,
CUST581,Premium,2024-06-25,2025-05-03,100,LATAM,Organic,0,
CUST582,Premium,2025-02-09,2026-02-13,100,LATAM,Organic,0,
CUST583,Basic,2025-01-16,2025-03-07,20,LATAM,Partnership,0,
CUST584,Standard,2025-05-18,2027-05-30,50,APAC,Partnership,0,
CUST585,Basic,2025-03-29,2027-06-29,20,Europe,Partnership,0,
CUST586,Standard,2024-07-11,2025-11-05,50,LATAM,Organic,0,
CUST587,Standard,2024-02-27,2025-09-06,50,LATAM,Partnership,0,
CUST588,Basic,2024-05-18,2026-08-25,20,APAC,Referral,0,
CUST589,Premium,2024-07-16,2026-12-15,100,North America,Paid Ads,0,
CUST590,Basic,2025-04-12,2025-07-02,20,Europe,Organic,0,
CUST591,Premium,2025-01-12,2027-06-04,100,Europe,Partnership,0,
CUST592,Standard,2024-09-04,2025-10-20,50,North America,Organic,0,
CUST593,Standard,2024-12-24,2026-01-10,50,Europe,Referral,0,
CUST594,Standard,2024-01-29,2025-03-29,50,North America,Partnership,1,2024-11-17
CUST595,Basic,2024-07-30,2025-05-31,20,Europe,Paid Ads,0,
CUST596,Premium,2025-04-30,2025-10-12,100,North America,Organic,0,
CUST597,Premium,2024-09-15,2026-06-29,100,North America,Paid Ads,0,
CUST598,Standard,2025-01-20,2026-02-11,50,APAC,Referral,0,
CUST599,Basic,2025-02-10,2026-10-31,20,LATAM,Partnership,1,2026-07-19
CUST600,Premium,2024-11-01,2026-11-01,100,APAC,Partnership,1,2025-01-06
CUST601,Standard,2024-10-10,2025-08-03,50,APAC,Partnership,0,
CUST602,Premium,2024-06-02,2025-12-13,100,APAC,Paid Ads,0,
CUST603,Basic,2024-05-23,2026-06-30,20,LATAM,Partnership,1,2025-10-15
CUST604,Standard,2025-02-18,2026-04-21,50,APAC,Referral,0,
CUST605,Premium,2024-08-15,2026-08-17,100,Europe,Partnership,0,
CUST606,Standard,2024-06-23,2026-11-30,50,APAC,Partnership,0,
CUST607,Premium,2024-04-09,2025-09-03,100,Europe,Partnership,1,2024-08-20
CUST608,Premium,2024-04-01,2024-12-14,100,Europe,Partnership,0,
CUST609,Premium,2024-12-05,2026-01-19,100,APAC,Referral,0,
CUST610,Standard,2025-04-26,2025-07-19,50,LATAM,Organic,0,
CUST611,Premium,2024-07-18,2026-01-11,100,North America,Referral,1,2025-08-13
CUST612,Premium,2024-02-25,2024-08-27,100,APAC,Referral,1,2024-04-17
CUST613,Standard,2024-05-26,2025-05-14,50,LATAM,Referral,0,
CUST614,Basic,2024-12-06,2026-10-13,20,North America,Referral,0,
CUST615,Standard,2025-04-07,2026-02-11,50,North America,Organic,0,
CUST616,Basic,2024-03-31,2024-09-09,20,Europe,Referral,0,
CUST617,Premium,2025-03-15,2026-08-15,100,LATAM,Referral,0,
CUST618,Basic,2024-01-15,2025-01-08,20,Europe,Partnership,0,
CUST619,Premium,2024-01-05,2025-11-06,100,Europe,Organic,0,
CUST620,Basic,2024-05-12,2024-09-24,20,APAC,Partnership,0,
CUST621,Premium,2024-03-07,2026-07-28,100,APAC,Paid Ads,1,2024-12-30
CUST622,Standard,2024-05-17,2025-06-01,50,APAC,Referral,0,
CUST623,Standard,2024-06-17,2026-10-26,50,APAC,Paid Ads,0,
CUST624,Basic,2024-08-04,2026-09-24,20,Europe,Paid Ads,1,2026-01-03
CUST625,Basic,2024-02-08,2025-03-28,20,North America,Partnership,0,
CUST626,Standard,2024-04-20,2026-03-20,50,North America,Organic,0,
CUST627,Basic,2025-03-30,2026-05-23,20,North America,Referral,1,2025-08-07
CUST628,Standard,2024-01-10,2024-12-13,50,Europe,Paid Ads,0,
CUST629,Basic,2025-03-04,2027-08-01,20,APAC,Paid Ads,0,
CUST630,Premium,2024-04-26,2026-08-07,100,North America,Partnership,1,2024-11-16
CUST631,Premium,2024-07-25,2025-08-25,100,Europe,Partnership,0,
CUST632,Standard,2025-05-23,2026-01-20,50,Europe,Organic,0,
CUST633,Standard,2024-01-03,2024-02-15,50,APAC,Paid Ads,0,
CUST634,Basic,2024-04-02,2026-07-09,20,LATAM,Paid Ads,0,
CUST635,Premium,2024-08-24,2026-01-03,100,North America,Partnership,0,
CUST636,Standard,2024-02-21,2024-07-02,50,APAC,Referral,0,
CUST637,Basic,2024-11-16,2026-02-25,20,APAC,Partnership,0,
CUST638,Basic,2024-05-21,2026-04-30,20,North America,Organic,0,
CUST639,Standard,2024-10-01,2026-11-20,50,APAC,Referral,1,2025-09-17
CUST640,Basic,2025-02-13,2026-06-25,20,North America,Referral,0,
CUST641,Standard,2024-06-19,2024-11-11,50,LATAM,Referral,1,2024-07-05
CUST642,Basic,2025-05-09,2027-09-07,20,North America,Referral,0,
CUST643,Standard,2025-01-02,2026-10-20,50,Europe,Referral,1,2025-05-16
CUST644,Standard,2025-02-25,2026-06-21,50,LATAM,Organic,1,2025-07-09
CUST645,Premium,2024-08-17,2026-08-02,100,APAC,Organic,0,
CUST646,Premium,2024-09-11,2026-02-16,100,North America,Referral,0,
CUST647,Premium,2024-02-25,2024-04-06,100,LATAM,Paid Ads,0,
CUST648,Basic,2024-06-18,2024-10-02,20,LATAM,Referral,0,
CUST649,Standard,2024-10-11,2024-12-31,50,Europe,Partnership,0,
CUST650,Premium,2024-08-28,2024-12-16,100,LATAM,Referral,0,
CUST651,Premium,2025-05-25,2026-09-24,100,LATAM,Organic,0,
CUST652,Standard,2025-02-17,2026-05-15,50,North America,Organic,1,2025-11-26
CUST653,Basic,2024-07-30,2026-06-30,20,North America,Partnership,0,
CUST654,Standard,2024-08-16,2027-01-27,50,APAC,Organic,0,
CUST655,Premium,2025-04-08,2025-09-01,100,LATAM,Partnership,1,2025-06-04
CUST656,Basic,2024-10-25,2026-06-07,20,APAC,Partnership,0,
CUST657,Premium,2024-06-17,2025-12-03,100,North America,Organic,1,2025-08-11
CUST658,Basic,2024-07-11,2024-12-11,20,APAC,Paid Ads,0,
CUST659,Standard,2024-07-14,2026-08-16,50,Europe,Referral,0,
CUST660,Standard,2025-04-06,2026-08-17,50,North America,Organic,0,
CUST661,Premium,2024-01-05,2025-07-31,100,Europe,Referral,0,
CUST662,Premium,2024-06-30,2026-07-08,100,LATAM,Referral,0,
CUST663,Premium,2025-01-31,2027-01-04,100,Europe,Organic,0,
CUST664,Standard,2024-09-11,2025-07-18,50,LATAM,Referral,0,
CUST665,Standard,2024-05-16,2024-11-03,50,APAC,Referral,0,
CUST666,Premium,2024-08-10,2025-04-02,100,APAC,Partnership,0,
CUST667,Premium,2024-05-15,2026-06-11,100,APAC,Partnership,0,
CUST668,Basic,2024-12-26,2026-08-23,20,APAC,Organic,0,
CUST669,Premium,2025-03-08,2027-07-13,100,LATAM,Partnership,1,2025-06-26
CUST670,Basic,2024-02-24,2026-02-09,20,LATAM,Paid Ads,1,2024-11-24
CUST671,Basic,2024-05-29,2026-11-04,20,APAC,Partnership,1,2026-08-11
CUST672,Standard,2025-01-02,2027-05-15,50,Europe,Organic,0,
CUST673,Premium,2024-08-31,2026-03-07,100,Europe,Referral,0,
CUST674,Premium,2025-01-25,2026-03-27,100,APAC,Organic,0,
CUST675,Premium,2024-01-14,2026-03-15,100,APAC,Organic,0,
CUST676,Premium,2025-01-11,2027-03-25,100,LATAM,Paid Ads,0,
CUST677,Premium,2024-10-28,2026-03-01,100,Europe,Paid Ads,0,
CUST678,Premium,2024-06-26,2026-08-17,100,North America,Paid Ads,0,
CUST679,Standard,2024-10-12,2026-06-03,50,North America,Referral,0,
CUST680,Basic,2024-12-04,2026-04-25,20,APAC,Organic,0,
CUST681,Basic,2024-11-26,2026-08-29,20,North America,Paid Ads,1,2026-08-19
CUST682,Premium,2025-01-01,2025-04-15,100,APAC,Referral,0,
CUST683,Standard,2024-03-10,2026-06-23,50,Europe,Paid Ads,0,
CUST684,Standard,2024-12-23,2025-09-05,50,LATAM,Organic,0,
CUST685,Premium,2025-01-04,2025-11-30,100,APAC,Partnership,0,
CUST686,Premium,2024-04-27,2026-04-11,100,LATAM,Organic,0,
CUST687,Basic,2024-11-24,2026-01-18,20,Europe,Organic,0,
CUST688,Basic,2024-10-16,2024-12-10,20,LATAM,Partnership,0,
CUST689,Standard,2024-02-14,2025-01-12,50,LATAM,Referral,0,
CUST690,Basic,2024-04-08,2024-10-26,20,APAC,Organic,0,
CUST691,Premium,2024-08-03,2026-07-20,100,North America,Organic,0,
CUST692,Basic,2024-07-29,2026-03-01,20,LATAM,Organic,0,
CUST693,Premium,2024-06-06,2024-07-30,100,LATAM,Organic,0,
CUST694,Standard,2024-03-16,2024-06-09,50,North America,Organic,0,
CUST695,Standard,2024-09-21,2025-12-12,50,North America,Paid Ads,0,
CUST696,Premium,2024-11-19,2025-01-05,100,LATAM,Referral,0,
CUST697,Basic,2024-02-16,2026-03-04,20,North America,Organic,0,
CUST698,Standard,2024-11-04,2026-08-17,50,North America,Partnership,1,2026-01-27
CUST699,Standard,2025-04-30,2025-11-06,50,LATAM,Organic,0,
CUST700,Basic,2024-05-27,2025-04-27,20,LATAM,Partnership,0,
CUST701,Premium,2024-05-24,2024-10-27,100,APAC,Organic,1,2024-10-18
CUST702,Premium,2024-11-08,2025-07-11,100,LATAM,Organic,0,
CUST703,Premium,2025-02-26,2027-01-18,100,APAC,Paid Ads,0,
CUST704,Basic,2024-08-14,2026-06-06,20,Europe,Paid Ads,0,
CUST705,Basic,2024-02-25,2026-05-04,20,North America,Paid Ads,0,
CUST706,Premium,2024-10-24,2026-10-11,100,LATAM,Organic,1,2025-02-02
CUST707,Basic,2024-12-31,2025-06-10,20,LATAM,Partnership,0,
CUST708,Basic,2024-03-12,2024-10-26,20,North America,Partnership,0,
CUST709,Standard,2024-06-05,2026-02-04,50,APAC,Partnership,0,
CUST710,Standard,2024-01-05,2024-12-20,50,LATAM,Paid Ads,0,
CUST711,Basic,2025-01-03,2025-06-19,20,LATAM,Partnership,0,
CUST712,Standard,2025-04-01,2026-05-03,50,LATAM,Referral,0,
CUST713,Standard,2024-03-24,2026-09-01,50,North America,Paid Ads,0,
CUST714,Basic,2024-03-19,2026-05-02,20,Europe,Partnership,1,2024-04-08
CUST715,Premium,2024-08-05,2024-10-11,100,North America,Referral,0,
CUST716,Premium,2025-01-09,2026-03-16,100,LATAM,Paid Ads,0,
CUST717,Premium,2025-04-20,2026-10-15,100,APAC,Paid Ads,0,
CUST718,Standard,2024-09-01,2027-02-16,50,APAC,Organic,0,
CUST719,Premium,2025-04-01,2025-10-11,100,Europe,Paid Ads,0,
CUST720,Premium,2025-01-02,2025-03-14,100,Europe,Referral,0,
CUST721,Standard,2024-09-27,2025-11-09,50,Europe,Organic,0,
CUST722,Premium,2025-02-01,2026-06-26,100,Europe,Partnership,0,
CUST723,Basic,2024-04-15,2026-05-05,20,North America,Partnership,0,
CUST724,Premium,2024-06-27,2025-08-16,100,APAC,Partnership,0,
CUST725,Standard,2025-01-20,2025-10-05,50,North America,Partnership,0,
CUST726,Standard,2025-05-08,2027-02-15,50,APAC,Referral,1,2025-09-28
CUST727,Standard,2024-03-19,2025-09-26,50,Europe,Paid Ads,0,
CUST728,Basic,2024-06-10,2025-07-15,20,Europe,Paid Ads,0,
CUST729,Basic,2024-12-04,2027-01-10,20,Europe,Referral,1,2026-10-27
CUST730,Standard,2024-06-14,2026-05-07,50,LATAM,Paid Ads,0,
CUST731,Basic,2024-05-10,2026-01-17,20,Europe,Organic,0,
CUST732,Basic,2024-02-27,2024-09-14,20,North America,Paid Ads,0,
CUST733,Basic,2024-10-17,2025-02-11,20,LATAM,Organic,0,
CUST734,Premium,2024-06-23,2025-03-04,100,LATAM,Referral,0,
CUST735,Premium,2024-09-27,2025-04-16,100,Europe,Paid Ads,0,
CUST736,Standard,2024-08-23,2025-10-14,50,LATAM,Organic,0,
CUST737,Basic,2025-05-31,2027-05-31,20,North America,Paid Ads,0,
CUST738,Basic,2025-05-02,2027-02-20,20,North America,Paid Ads,0,
CUST739,Premium,2025-05-08,2027-04-13,100,North America,Organic,1,2027-01-16
CUST740,Premium,2025-03-06,2026-04-19,100,North America,Referral,0,
CUST741,Premium,2025-05-08,2027-08-24,100,LATAM,Paid Ads,0,
CUST742,Standard,2024-05-17,2025-03-03,50,North America,Referral,0,
CUST743,Basic,2025-02-22,2025-12-12,20,North America,Partnership,0,
CUST744,Premium,2024-01-08,2025-02-25,100,North America,Organic,0,
CUST745,Premium,2025-01-05,2025-05-24,100,APAC,Referral,0,
CUST746,Premium,2025-03-09,2026-11-07,100,APAC,Partnership,0,
CUST747,Standard,2025-02-27,2026-10-15,50,LATAM,Paid Ads,0,
CUST748,Standard,2025-05-10,2026-02-23,50,Europe,Partnership,0,
CUST749,Premium,2024-05-21,2026-04-26,100,APAC,Referral,1,2025-01-12
CUST750,Standard,2024-08-07,2026-02-08,50,Europe,Organic,0,
CUST751,Standard,2025-02-02,2026-12-15,50,North America,Paid Ads,1,2025-05-07
CUST752,Basic,2024-03-31,2024-07-04,20,LATAM,Referral,0,
CUST753,Standard,2025-01-28,2026-04-13,50,North America,Organic,0,
CUST754,Premium,2024-06-28,2026-05-14,100,APAC,Organic,0,
CUST755,Basic,2024-07-18,2024-09-20,20,Europe,Partnership,0,
CUST756,Premium,2024-02-06,2025-03-10,100,Europe,Paid Ads,0,
CUST757,Basic,2024-10-09,2027-01-15,20,Europe,Organic,0,
CUST758,Premium,2024-07-24,2026-02-04,100,LATAM,Referral,1,2024-10-03
CUST759,Basic,2024-12-21,2027-05-05,20,APAC,Partnership,0,
CUST760,Premium,2025-02-17,2026-10-28,100,Europe,Referral,1,2025-08-16
CUST761,Standard,2025-05-30,2026-04-26,50,North America,Organic,0,
CUST762,Basic,2025-03-29,2026-05-19,20,APAC,Partnership,0,
CUST763,Basic,2025-04-16,2027-01-06,20,APAC,Referral,0,
CUST764,Standard,2024-03-10,2025-05-05,50,North America,Partnership,0,
CUST765,Basic,2025-02-26,2026-03-24,20,Europe,Partnership,0,
CUST766,Basic,2024-10-21,2025-02-23,20,APAC,Paid Ads,0,
CUST767,Premium,2024-07-01,2025-11-30,100,APAC,Organic,0,
CUST768,Basic,2024-07-13,2026-01-04,20,APAC,Paid Ads,0,
CUST769,Basic,2024-07-30,2025-04-20,20,Europe,Partnership,0,
CUST770,Basic,2024-04-19,2024-09-18,20,APAC,Paid Ads,0,
CUST771,Premium,2024-02-13,2026-07-30,100,LATAM,Organic,0,
CUST772,Premium,2024-10-08,2026-03-24,100,APAC,Referral,0,
CUST773,Premium,2024-08-15,2026-10-22,100,APAC,Referral,0,
CUST774,Basic,2024-02-03,2025-07-31,20,LATAM,Referral,0,
CUST775,Premium,2024-05-03,2026-05-18,100,Europe,Referral,0,
CUST776,Standard,2024-08-03,2025-09-25,50,North America,Organic,0,
CUST777,Standard,2024-07-10,2026-02-21,50,APAC,Partnership,0,
CUST778,Standard,2025-01-09,2025-08-15,50,LATAM,Partnership,0,
CUST779,Basic,2025-01-08,2026-03-24,20,LATAM,Partnership,0,
CUST780,Basic,2024-04-12,2026-05-20,20,Europe,Paid Ads,0,
CUST781,Basic,2024-07-19,2025-01-14,20,LATAM,Referral,0,
CUST782,Premium,2024-01-10,2024-08-07,100,Europe,Referral,0,
CUST783,Basic,2024-11-03,2025-08-16,20,APAC,Referral,0,
CUST784,Premium,2024-04-11,2026-04-18,100,North America,Referral,0,
CUST785,Basic,2024-04-08,2025-08-11,20,APAC,Referral,0,
CUST786,Standard,2024-09-20,2025-10-07,50,APAC,Partnership,1,2024-11-22
CUST787,Standard,2024-10-18,2025-11-15,50,Europe,Paid Ads,0,
CUST788,Premium,2024-03-21,2025-05-15,100,LATAM,Referral,0,
CUST789,Standard,2024-12-11,2026-03-17,50,Europe,Paid Ads,0,
CUST790,Premium,2024-03-22,2024-10-03,100,LATAM,Organic,0,
CUST791,Standard,2024-09-30,2026-07-11,50,APAC,Partnership,0,
CUST792,Standard,2025-04-06,2026-07-03,50,LATAM,Partnership,0,
CUST793,Basic,2024-09-14,2026-11-14,20,Europe,Paid Ads,0,
CUST794,Basic,2025-02-10,2025-06-25,20,Europe,Paid Ads,1,2025-06-12
CUST795,Premium,2025-02-10,2026-08-30,100,North America,Organic,0,
CUST796,Basic,2024-06-08,2024-10-02,20,North America,Partnership,0,
CUST797,Standard,2024-09-10,2026-11-04,50,APAC,Paid Ads,0,
CUST798,Premium,2024-06-23,2024-08-21,100,Europe,Paid Ads,1,2024-07-16
CUST799,Standard,2024-10-05,2026-05-19,50,LATAM,Referral,0,
CUST800,Premium,2025-03-21,2026-10-08,100,Europe,Referral,0,
CUST801,Premium,2025-05-08,2026-12-11,100,APAC,Partnership,0,
CUST802,Basic,2025-01-09,2026-04-06,20,LATAM,Partnership,0,
CUST803,Standard,2024-05-19,2025-06-05,50,North America,Organic,0,
CUST804,Premium,2025-05-03,2026-04-04,100,North America,Referral,1,2025-12-10
CUST805,Standard,2025-01-17,2025-08-28,50,Europe,Organic,0,
CUST806,Premium,2024-09-12,2025-03-28,100,LATAM,Referral,0,
CUST807,Premium,2024-08-13,2025-06-08,100,LATAM,Referral,1,2024-12-14
CUST808,Premium,2024-10-02,2025-12-28,100,APAC,Partnership,0,
CUST809,Basic,2024-10-23,2025-03-15,20,Europe,Paid Ads,0,
CUST810,Premium,2025-05-18,2025-12-26,100,LATAM,Partnership,0,
CUST811,Basic,2024-07-09,2024-11-20,20,North America,Organic,0,
CUST812,Basic,2024-08-26,2024-12-26,20,LATAM,Organic,0,
CUST813,Standard,2025-03-06,2026-02-18,50,Europe,Partnership,0,
CUST814,Standard,2024-02-02,2025-02-04,50,APAC,Referral,1,2024-04-17
CUST815,Basic,2024-03-14,2025-10-21,20,APAC,Referral,0,
CUST816,Basic,2024-01-13,2024-06-15,20,APAC,Referral,0,
CUST817,Premium,2025-03-29,2026-01-06,100,Europe,Referral,0,
CUST818,Basic,2024-04-06,2025-10-21,20,Europe,Referral,0,
CUST819,Basic,2024-11-15,2025-11-10,20,LATAM,Referral,0,
CUST820,Premium,2024-09-16,2026-02-20,100,North America,Organic,0,
CUST821,Basic,2024-08-11,2025-01-03,20,APAC,Organic,0,
CUST822,Standard,2024-06-20,2026-10-11,50,APAC,Organic,0,
CUST823,Basic,2024-01-10,2024-03-23,20,LATAM,Paid Ads,0,
CUST824,Premium,2025-01-15,2027-04-14,100,LATAM,Paid Ads,1,2025-06-26
CUST825,Standard,2024-03-02,2024-06-01,50,North America,Partnership,0,
CUST826,Basic,2025-05-14,2026-02-06,20,North America,Paid Ads,0,
CUST827,Premium,2024-07-16,2024-09-05,100,APAC,Referral,0,
CUST828,Standard,2024-02-10,2025-07-20,50,Europe,Partnership,0,
CUST829,Premium,2024-07-13,2026-03-15,100,APAC,Referral,0,
CUST830,Standard,2024-10-08,2027-03-08,50,APAC,Referral,0,
CUST831,Premium,2024-06-07,2025-10-10,100,Europe,Organic,0,
CUST832,Standard,2024-01-01,2026-04-04,50,APAC,Referral,0,
CUST833,Standard,2025-01-07,2027-04-11,50,Europe,Organic,0,
CUST834,Standard,2024-07-13,2026-01-30,50,North America,Referral,0,
CUST835,Premium,2024-11-26,2026-02-18,100,Europe,Partnership,0,
CUST836,Basic,2024-02-14,2026-07-18,20,North America,Organic,0,
CUST837,Basic,2024-04-19,2025-09-28,20,North America,Paid Ads,0,
CUST838,Basic,2024-09-19,2024-12-08,20,LATAM,Referral,0,
CUST839,Premium,2024-08-01,2026-07-03,100,North America,Organic,0,
CUST840,Basic,2025-01-04,2026-08-28,20,LATAM,Organic,0,
CUST841,Standard,2024-09-29,2026-04-23,50,APAC,Organic,1,2024-12-11
CUST842,Standard,2024-04-09,2024-08-20,50,North America,Paid Ads,0,
CUST843,Premium,2024-07-16,2026-02-04,100,LATAM,Paid Ads,0,
CUST844,Premium,2024-04-18,2026-07-11,100,Europe,Referral,0,
CUST845,Standard,2024-04-16,2024-11-02,50,LATAM,Referral,0,
CUST846,Premium,2024-06-10,2026-01-07,100,LATAM,Partnership,0,
CUST847,Standard,2024-11-28,2027-05-12,50,APAC,Partnership,0,
CUST848,Premium,2024-09-03,2026-05-02,100,LATAM,Partnership,0,
CUST849,Standard,2025-04-08,2026-08-09,50,APAC,Partnership,0,
CUST850,Basic,2024-01-17,2025-07-30,20,North America,Partnership,1,2024-11-22
CUST851,Basic,2024-08-07,2025-07-25,20,APAC,Paid Ads,1,2024-12-27
CUST852,Premium,2024-02-08,2025-06-23,100,Europe,Organic,0,
CUST853,Basic,2024-09-12,2025-06-07,20,APAC,Partnership,0,
CUST854,Standard,2024-08-10,2026-09-30,50,North America,Referral,1,2025-07-09
CUST855,Standard,2024-04-07,2026-01-06,50,Europe,Referral,0,
CUST856,Basic,2024-02-27,2026-05-26,20,LATAM,Organic,0,
CUST857,Standard,2024-08-20,2026-10-24,50,LATAM,Organic,0,
CUST858,Premium,2024-02-25,2025-02-01,100,North America,Referral,0,
CUST859,Standard,2025-05-29,2027-06-12,50,Europe,Partnership,0,
CUST860,Basic,2025-05-31,2025-09-30,20,LATAM,Referral,0,
CUST861,Standard,2024-05-15,2025-05-24,50,LATAM,Paid Ads,1,2025-03-04
CUST862,Premium,2024-09-25,2025-01-20,100,North America,Referral,0,
CUST863,Standard,2025-05-07,2026-12-30,50,Europe,Paid Ads,0,
CUST864,Standard,2024-09-05,2024-12-17,50,Europe,Paid Ads,0,
CUST865,Standard,2024-04-25,2026-04-12,50,APAC,Organic,0,
CUST866,Standard,2024-11-24,2025-12-11,50,APAC,Paid Ads,0,
CUST867,Basic,2024-12-24,2026-10-16,20,APAC,Paid Ads,0,
CUST868,Standard,2024-02-15,2026-07-01,50,Europe,Referral,0,
CUST869,Premium,2024-03-28,2024-08-20,100,APAC,Paid Ads,0,
CUST870,Basic,2024-01-15,2025-01-30,20,Europe,Partnership,0,
CUST871,Basic,2025-04-27,2025-06-19,20,APAC,Referral,0,
CUST872,Premium,2024-09-21,2026-05-05,100,Europe,Paid Ads,0,
CUST873,Premium,2025-01-20,2026-10-08,100,Europe,Organic,0,
CUST874,Premium,2024-06-23,2024-09-22,100,North America,Partnership,0,
CUST875,Premium,2025-04-21,2027-03-22,100,APAC,Organic,0,
CUST876,Basic,2025-01-03,2025-05-23,20,LATAM,Partnership,1,2025-04-12
CUST877,Basic,2024-11-19,2026-04-29,20,LATAM,Organic,0,
CUST878,Premium,2024-07-22,2026-01-15,100,North America,Paid Ads,0,
CUST879,Premium,2024-09-10,2026-04-05,100,North America,Organic,0,
CUST880,Standard,2024-01-19,2025-02-07,50,LATAM,Paid Ads,0,
CUST881,Standard,2025-05-28,2026-04-05,50,APAC,Paid Ads,0,
CUST882,Premium,2024-01-31,2025-09-20,100,APAC,Referral,0,
CUST883,Basic,2025-02-06,2027-01-09,20,Europe,Partnership,1,2026-03-05
CUST884,Premium,2024-09-03,2026-05-12,100,Europe,Referral,0,
CUST885,Standard,2024-05-14,2025-01-10,50,APAC,Referral,0,
CUST886,Premium,2024-11-12,2026-11-17,100,Europe,Paid Ads,0,
CUST887,Premium,2024-05-28,2026-04-29,100,Europe,Referral,0,
CUST888,Basic,2024-05-01,2024-12-05,20,APAC,Organic,0,
CUST889,Basic,2025-02-27,2026-05-24,20,North America,Partnership,0,
CUST890,Premium,2024-07-11,2024-11-27,100,APAC,Paid Ads,1,2024-07-18
CUST891,Premium,2024-08-25,2025-05-18,100,APAC,Paid Ads,0,
CUST892,Standard,2024-05-17,2025-11-12,50,North America,Referral,0,
CUST893,Standard,2025-01-31,2026-07-18,50,APAC,Paid Ads,0,
CUST894,Basic,2024-02-03,2025-04-26,20,Europe,Paid Ads,0,
CUST895,Basic,2024-08-15,2026-10-14,20,APAC,Referral,0,
CUST896,Basic,2024-06-30,2025-10-22,20,Europe,Organic,0,
CUST897,Standard,2024-09-09,2025-12-20,50,APAC,Referral,0,
CUST898,Basic,2025-02-07,2026-11-25,20,LATAM,Partnership,0,
CUST899,Premium,2025-04-07,2026-08-17,100,North America,Organic,0,
CUST900,Basic,2024-02-10,2025-10-03,20,Europe,Referral,0,
CUST901,Premium,2024-10-25,2026-02-17,100,North America,Paid Ads,0,
CUST902,Standard,2024-06-19,2025-09-24,50,APAC,Referral,0,
CUST903,Basic,2025-04-07,2025-08-07,20,Europe,Referral,0,
CUST904,Basic,2025-02-06,2026-05-05,20,Europe,Paid Ads,0,
CUST905,Basic,2024-07-25,2025-12-02,20,Europe,Referral,1,2025-01-07
CUST906,Premium,2024-04-03,2024-08-27,100,Europe,Organic,0,
CUST907,Premium,2025-01-28,2027-03-13,100,APAC,Organic,0,
CUST908,Premium,2025-01-24,2025-04-08,100,Europe,Referral,0,
CUST909,Standard,2024-05-28,2024-12-27,50,Europe,Paid Ads,0,
CUST910,Basic,2024-11-12,2026-12-29,20,LATAM,Partnership,0,
CUST911,Standard,2024-04-30,2024-10-11,50,APAC,Paid Ads,0,
CUST912,Basic,2025-04-14,2026-10-05,20,APAC,Organic,0,
CUST913,Premium,2024-08-31,2025-05-10,100,North America,Referral,0,
CUST914,Standard,2025-03-28,2025-07-17,50,LATAM,Referral,0,
CUST915,Basic,2024-07-31,2024-10-19,20,Europe,Partnership,0,
CUST916,Basic,2024-05-28,2024-07-30,20,APAC,Organic,0,
CUST917,Premium,2024-03-30,2024-06-18,100,APAC,Partnership,1,2024-04-22
CUST918,Basic,2025-04-11,2027-06-17,20,APAC,Paid Ads,0,
CUST919,Basic,2024-11-26,2026-01-07,20,North America,Partnership,0,
CUST920,Basic,2024-10-26,2026-03-22,20,LATAM,Organic,1,2025-10-17
CUST921,Standard,2024-08-02,2026-08-14,50,APAC,Referral,0,
CUST922,Basic,2025-05-10,2027-06-20,20,North America,Organic,0,
CUST923,Premium,2024-11-20,2025-09-11,100,APAC,Referral,0,
CUST924,Premium,2025-05-23,2026-12-06,100,APAC,Paid Ads,0,
CUST925,Standard,2024-08-26,2026-09-20,50,LATAM,Paid Ads,0,
CUST926,Basic,2024-01-25,2025-06-14,20,North America,Organic,0,
CUST927,Basic,2025-02-27,2025-05-14,20,Europe,Referral,0,
CUST928,Premium,2024-07-25,2026-07-31,100,Europe,Organic,0,
CUST929,Basic,2024-11-27,2027-02-20,20,APAC,Partnership,1,2026-10-31
CUST930,Standard,2024-01-30,2026-06-30,50,APAC,Referral,0,
CUST931,Standard,2025-04-30,2027-08-24,50,APAC,Referral,1,2025-09-17
CUST932,Standard,2024-12-09,2026-04-26,50,Europe,Referral,0,
CUST933,Standard,2024-11-19,2026-07-10,50,North America,Partnership,0,
CUST934,Basic,2024-03-08,2024-09-06,20,APAC,Partnership,0,
CUST935,Basic,2024-06-18,2026-02-22,20,APAC,Referral,0,
CUST936,Basic,2024-11-18,2026-12-14,20,North America,Partnership,1,2026-01-16
CUST937,Basic,2025-01-15,2026-05-22,20,LATAM,Paid Ads,0,
CUST938,Standard,2024-06-28,2024-11-19,50,Europe,Partnership,0,
CUST939,Basic,2025-03-30,2026-09-29,20,Europe,Organic,1,2026-08-07
CUST940,Premium,2024-12-14,2026-05-23,100,Europe,Paid Ads,0,
CUST941,Premium,2024-05-26,2026-08-21,100,APAC,Partnership,0,
CUST942,Premium,2024-02-07,2025-06-21,100,Europe,Paid Ads,0,
CUST943,Premium,2024-11-14,2025-01-28,100,North America,Organic,0,
CUST944,Premium,2025-04-23,2025-07-09,100,North America,Partnership,1,2025-06-02
CUST945,Basic,2024-11-24,2025-07-17,20,APAC,Paid Ads,0,
CUST946,Standard,2024-04-30,2025-03-05,50,APAC,Referral,1,2024-09-18
CUST947,Basic,2024-07-30,2026-03-07,20,North America,Organic,0,
CUST948,Standard,2024-10-17,2026-06-26,50,APAC,Paid Ads,0,
CUST949,Basic,2025-03-30,2025-06-19,20,APAC,Partnership,1,2025-05-30
CUST950,Premium,2025-01-27,2025-04-22,100,North America,Organic,1,2025-03-19
CUST951,Basic,2024-11-15,2025-11-20,20,LATAM,Partnership,0,
CUST952,Premium,2024-05-14,2024-09-16,100,North America,Referral,0,
CUST953,Premium,2025-04-11,2026-03-24,100,LATAM,Organic,0,
CUST954,Premium,2024-08-25,2025-05-11,100,LATAM,Referral,1,2025-01-05
CUST955,Standard,2024-12-04,2027-03-21,50,LATAM,Paid Ads,0,
CUST956,Standard,2024-01-31,2024-05-06,50,LATAM,Referral,0,
CUST957,Standard,2024-06-23,2025-05-08,50,LATAM,Referral,0,
CUST958,Premium,2025-02-19,2027-07-06,100,Europe,Organic,0,
CUST959,Basic,2024-11-05,2026-06-03,20,APAC,Organic,0,
CUST960,Premium,2024-09-06,2026-04-20,100,LATAM,Paid Ads,0,
CUST961,Standard,2024-12-14,2025-08-14,50,LATAM,Organic,0,
CUST962,Premium,2024-12-16,2026-07-26,100,LATAM,Referral,0,
CUST963,Basic,2024-04-27,2026-01-23,20,North America,Referral,0,
CUST964,Standard,2024-06-29,2025-06-09,50,North America,Referral,0,
CUST965,Basic,2024-12-01,2026-05-21,20,North America,Referral,0,
CUST966,Basic,2024-05-22,2026-02-05,20,North America,Paid Ads,0,
CUST967,Premium,2024-06-01,2025-10-07,100,North America,Paid Ads,0,
CUST968,Standard,2024-07-29,2026-07-26,50,LATAM,Paid Ads,0,
CUST969,Standard,2024-12-18,2025-04-18,50,APAC,Referral,0,
CUST970,Premium,2024-10-28,2025-01-29,100,LATAM,Paid Ads,0,
CUST971,Premium,2025-01-02,2025-05-24,100,North America,Organic,0,
CUST972,Basic,2025-02-07,2026-12-09,20,Europe,Referral,0,
CUST973,Standard,2025-03-21,2026-10-30,50,LATAM,Referral,0,
CUST974,Basic,2024-07-11,2026-03-01,20,LATAM,Paid Ads,0,
CUST975,Standard,2024-10-22,2026-10-08,50,LATAM,Paid Ads,1,2024-11-03
CUST976,Basic,2025-05-13,2027-04-16,20,North America,Paid Ads,0,
CUST977,Basic,2025-03-01,2026-07-10,20,North America,Paid Ads,0,
CUST978,Premium,2025-04-10,2026-10-13,100,LATAM,Paid Ads,0,
CUST979,Standard,2024-08-19,2025-03-27,50,LATAM,Partnership,0,
CUST980,Basic,2025-05-28,2026-03-29,20,LATAM,Paid Ads,0,
CUST981,Premium,2024-02-08,2025-10-11,100,APAC,Organic,0,
CUST982,Standard,2024-03-22,2024-09-13,50,North America,Referral,0,
CUST983,Premium,2024-03-21,2025-10-07,100,APAC,Referral,0,
CUST984,Basic,2024-03-20,2026-03-20,20,Europe,Referral,0,
CUST985,Premium,2024-12-17,2026-07-17,100,APAC,Organic,0,
CUST986,Standard,2024-12-05,2026-03-11,50,LATAM,Referral,0,
CUST987,Standard,2024-02-06,2026-02-16,50,APAC,Paid Ads,0,
CUST988,Premium,2024-03-03,2026-01-06,100,APAC,Partnership,0,
CUST989,Basic,2024-01-28,2024-12-16,20,North America,Partnership,0,
CUST990,Basic,2024-09-15,2025-02-27,20,North America,Partnership,0,
CUST991,Standard,2024-04-24,2026-02-01,50,APAC,Organic,0,
CUST992,Premium,2025-01-13,2027-05-20,100,Europe,Referral,0,
CUST993,Premium,2024-07-04,2026-10-30,100,Europe,Referral,0,
CUST994,Basic,2024-05-28,2026-02-26,20,APAC,Organic,0,
CUST995,Basic,2025-01-27,2025-10-27,20,LATAM,Referral,0,
CUST996,Premium,2024-12-19,2025-03-14,100,Europe,Paid Ads,0,
CUST997,Basic,2025-04-20,2026-07-02,20,North America,Paid Ads,0,
CUST998,Standard,2025-02-03,2026-07-03,50,Europe,Referral,0,
CUST999,Premium,2024-10-22,2027-02-15,100,LATAM,Organic,0,
CUST1000,Premium,2024-04-09,2025-11-04,100,APAC,Organic,0,
CUST1001,Standard,2024-10-03,2025-08-02,50,APAC,Partnership,0,
CUST1002,Standard,2024-09-04,2026-10-25,50,LATAM,Referral,0,
CUST1003,Basic,2024-11-16,2026-06-29,20,APAC,Paid Ads,1,2024-11-25
CUST1004,Basic,2024-04-10,2025-10-29,20,North America,Referral,1,2025-07-11
CUST1005,Standard,2024-09-14,2025-04-29,50,Europe,Partnership,1,2025-02-20
CUST1006,Basic,2024-05-04,2026-05-29,20,North America,Paid Ads,0,
CUST1007,Basic,2024-07-08,2024-11-28,20,Europe,Referral,0,
CUST1008,Standard,2024-03-18,2026-01-31,50,APAC,Referral,0,
CUST1009,Standard,2024-09-20,2025-04-03,50,LATAM,Partnership,0,
CUST1010,Standard,2025-02-01,2026-02-06,50,North America,Referral,0,
CUST1011,Standard,2025-03-27,2025-07-06,50,APAC,Paid Ads,0,
CUST1012,Basic,2025-05-18,2025-10-06,20,LATAM,Paid Ads,1,2025-09-06
CUST1013,Basic,2024-09-22,2025-02-04,20,North America,Referral,1,2024-10-11
CUST1014,Premium,2024-01-20,2025-07-12,100,APAC,Referral,1,2024-01-21
CUST1015,Basic,2024-06-04,2026-06-20,20,LATAM,Partnership,0,
CUST1016,Standard,2025-05-04,2026-08-23,50,North America,Referral,0,
CUST1017,Premium,2024-01-04,2025-03-02,100,North America,Paid Ads,0,
CUST1018,Standard,2024-12-07,2026-12-05,50,North America,Partnership,0,
CUST1019,Basic,2024-12-14,2025-04-05,20,North America,Partnership,0,
CUST1020,Standard,2024-02-10,2025-04-08,50,Europe,Paid Ads,0,
CUST1021,Standard,2025-01-02,2026-06-14,50,LATAM,Organic,1,2026-03-27
CUST1022,Premium,2024-02-06,2024-09-20,100,Europe,Paid Ads,1,2024-07-07
CUST1023,Basic,2024-03-05,2026-06-24,20,LATAM,Referral,0,
CUST1024,Standard,2024-01-17,2024-03-24,50,LATAM,Referral,0,
CUST1025,Standard,2024-05-01,2025-01-02,50,North America,Referral,0,
CUST1026,Premium,2024-08-26,2024-12-07,100,LATAM,Paid Ads,1,2024-09-14
CUST1027,Standard,2024-02-16,2024-11-20,50,North America,Referral,0,
CUST1028,Basic,2024-02-21,2025-01-30,20,North America,Paid Ads,0,
CUST1029,Basic,2024-03-06,2026-07-21,20,LATAM,Paid Ads,0,
CUST1030,Basic,2024-03-05,2026-07-06,20,LATAM,Paid Ads,0,
CUST1031,Standard,2024-05-03,2026-05-03,50,LATAM,Partnership,0,
CUST1032,Basic,2024-02-16,2025-11-14,20,APAC,Paid Ads,0,
CUST1033,Basic,2024-05-24,2026-08-07,20,North America,Partnership,0,
CUST1034,Premium,2025-03-25,2025-12-29,100,APAC,Paid Ads,0,
CUST1035,Basic,2025-01-20,2027-04-26,20,Europe,Organic,0,
CUST1036,Standard,2024-01-08,2024-08-08,50,North America,Organic,0,
CUST1037,Premium,2025-05-02,2027-05-10,100,APAC,Referral,1,2025-09-26
CUST1038,Premium,2025-02-25,2025-11-26,100,APAC,Referral,0,
CUST1039,Premium,2025-05-26,2027-03-13,100,North America,Paid Ads,0,
CUST1040,Premium,2025-03-04,2025-04-07,100,APAC,Partnership,0,
CUST1041,Basic,2025-01-05,2027-03-25,20,North America,Organic,0,
CUST1042,Premium,2024-08-01,2025-06-10,100,Europe,Referral,1,2024-09-28
CUST1043,Basic,2024-06-29,2025-01-08,20,LATAM,Referral,0,
CUST1044,Basic,2024-10-18,2025-06-19,20,North America,Partnership,0,
CUST1045,Standard,2024-04-16,2026-06-13,50,LATAM,Organic,1,2025-10-19
CUST1046,Basic,2025-05-11,2026-11-19,20,Europe,Organic,1,2026-01-07
CUST1047,Premium,2025-03-05,2025-10-24,100,LATAM,Partnership,0,
CUST1048,Standard,2024-11-29,2025-08-19,50,Europe,Organic,1,2025-06-29
CUST1049,Basic,2024-03-16,2025-08-10,20,LATAM,Paid Ads,0,
CUST1050,Basic,2024-08-09,2026-05-25,20,LATAM,Paid Ads,0,
CUST1051,Standard,2025-04-13,2027-05-20,50,APAC,Paid Ads,0,
CUST1052,Standard,2024-12-09,2025-05-18,50,APAC,Paid Ads,1,2025-05-04
CUST1053,Basic,2024-04-23,2025-09-11,20,APAC,Paid Ads,0,
CUST1054,Basic,2024-10-29,2026-08-08,20,APAC,Paid Ads,0,
CUST1055,Premium,2024-03-29,2025-06-23,100,Europe,Paid Ads,0,
CUST1056,Standard,2025-04-18,2026-02-27,50,Europe,Referral,1,2025-11-24
CUST1057,Premium,2024-12-01,2026-03-20,100,Europe,Paid Ads,0,
CUST1058,Premium,2025-03-03,2025-05-17,100,Europe,Organic,1,2025-05-03
CUST1059,Premium,2025-02-07,2026-07-12,100,North America,Referral,0,
CUST1060,Premium,2025-05-22,2026-02-22,100,North America,Referral,1,2025-05-29
CUST1061,Premium,2024-05-15,2025-06-16,100,LATAM,Paid Ads,0,
CUST1062,Premium,2025-05-06,2027-04-21,100,North America,Organic,0,
CUST1063,Premium,2025-04-10,2026-08-27,100,LATAM,Organic,0,
CUST1064,Premium,2025-01-14,2026-11-16,100,LATAM,Paid Ads,0,
CUST1065,Premium,2025-01-29,2027-02-05,100,North America,Organic,0,
CUST1066,Basic,2024-10-03,2026-10-17,20,APAC,Referral,0,
CUST1067,Premium,2024-12-09,2027-01-31,100,Europe,Organic,0,
CUST1068,Premium,2024-04-23,2025-06-19,100,APAC,Organic,0,
CUST1069,Premium,2025-01-10,2025-08-07,100,North America,Partnership,0,
CUST1070,Premium,2024-05-21,2025-05-28,100,North America,Paid Ads,0,
CUST1071,Basic,2024-08-18,2025-08-11,20,LATAM,Paid Ads,0,
CUST1072,Standard,2024-02-25,2024-05-29,50,LATAM,Partnership,0,
CUST1073,Standard,2025-04-26,2027-05-22,50,LATAM,Organic,0,
CUST1074,Premium,2025-01-11,2027-05-10,100,APAC,Referral,0,
CUST1075,Premium,2025-04-13,2025-08-10,100,North America,Paid Ads,1,2025-08-06
CUST1076,Basic,2024-04-21,2024-11-05,20,APAC,Organic,0,
CUST1077,Premium,2024-06-03,2025-01-28,100,Europe,Referral,0,
CUST1078,Premium,2025-03-02,2027-02-28,100,North America,Partnership,0,
CUST1079,Basic,2025-03-06,2026-07-03,20,LATAM,Partnership,0,
CUST1080,Basic,2024-03-05,2024-04-26,20,APAC,Paid Ads,0,
CUST1081,Basic,2024-12-17,2026-11-18,20,APAC,Referral,0,
CUST1082,Standard,2025-04-13,2026-03-20,50,LATAM,Referral,0,
CUST1083,Standard,2024-08-20,2026-01-27,50,Europe,Partnership,0,
CUST1084,Standard,2024-12-27,2025-11-13,50,North America,Paid Ads,0,
CUST1085,Basic,2024-07-05,2025-01-30,20,Europe,Partnership,0,
CUST1086,Premium,2024-08-31,2025-01-27,100,Europe,Paid Ads,1,2024-11-21
CUST1087,Premium,2024-09-23,2025-11-05,100,Europe,Referral,0,
CUST1088,Premium,2024-12-18,2025-06-17,100,North America,Partnership,0,
CUST1089,Premium,2024-05-04,2024-06-28,100,Europe,Partnership,0,
CUST1090,Standard,2024-11-23,2025-05-31,50,Europe,Referral,1,2025-04-12
CUST1091,Premium,2025-04-30,2026-03-22,100,APAC,Partnership,0,
CUST1092,Premium,2024-12-12,2026-12-17,100,Europe,Referral,1,2026-04-17
CUST1093,Basic,2024-11-11,2025-01-05,20,Europe,Organic,0,
CUST1094,Basic,2024-04-04,2025-04-03,20,LATAM,Partnership,1,2025-02-27
CUST1095,Basic,2024-07-19,2024-09-10,20,Europe,Partnership,1,2024-08-17
CUST1096,Premium,2024-07-18,2026-01-01,100,North America,Referral,0,
CUST1097,Premium,2025-02-11,2025-08-11,100,North America,Partnership,0,
CUST1098,Standard,2025-01-16,2025-02-27,50,APAC,Referral,0,
CUST1099,Standard,2024-03-30,2024-12-05,50,APAC,Referral,0,
CUST1100,Standard,2024-10-22,2025-05-07,50,LATAM,Referral,0,
CUST1101,Standard,2024-03-29,2024-09-22,50,LATAM,Paid Ads,0,
CUST1102,Standard,2025-01-19,2025-05-19,50,APAC,Organic,1,2025-04-11
CUST1103,Standard,2025-04-18,2027-05-15,50,LATAM,Paid Ads,0,
CUST1104,Basic,2025-01-25,2025-12-17,20,Europe,Paid Ads,0,
CUST1105,Basic,2025-05-20,2027-01-12,20,APAC,Partnership,0,
CUST1106,Basic,2024-06-06,2025-03-31,20,North America,Organic,0,
CUST1107,Premium,2024-10-21,2026-01-21,100,LATAM,Organic,0,
CUST1108,Premium,2024-05-02,2026-07-24,100,Europe,Organic,0,
CUST1109,Basic,2025-03-22,2026-01-10,20,APAC,Referral,0,
CUST1110,Standard,2024-01-18,2026-07-01,50,North America,Partnership,0,
CUST1111,Premium,2024-11-23,2026-04-09,100,North America,Paid Ads,0,
CUST1112,Basic,2024-02-24,2024-12-29,20,APAC,Paid Ads,0,
CUST1113,Premium,2024-10-23,2025-09-16,100,APAC,Organic,0,
CUST1114,Basic,2024-04-06,2026-01-09,20,Europe,Paid Ads,0,
CUST1115,Premium,2024-11-04,2025-09-07,100,APAC,Partnership,0,
CUST1116,Premium,2024-12-26,2027-05-18,100,APAC,Organic,1,2025-05-16
CUST1117,Premium,2025-05-11,2026-08-05,100,APAC,Partnership,0,
CUST1118,Basic,2024-06-07,2025-12-04,20,North America,Paid Ads,0,
CUST1119,Basic,2025-04-16,2025-08-02,20,North America,Referral,1,2025-05-03
CUST1120,Basic,2024-11-15,2026-11-22,20,LATAM,Partnership,0,
CUST1121,Standard,2024-11-07,2025-01-05,50,APAC,Paid Ads,0,
CUST1122,Basic,2024-05-25,2026-05-29,20,Europe,Paid Ads,0,
CUST1123,Basic,2024-03-21,2025-06-29,20,Europe,Paid Ads,0,
CUST1124,Basic,2025-05-10,2027-07-24,20,North America,Organic,0,
CUST1125,Basic,2024-03-01,2025-07-24,20,North America,Organic,1,2024-07-09
CUST1126,Basic,2024-01-11,2026-03-23,20,North America,Partnership,1,2024-05-17
CUST1127,Premium,2024-07-08,2026-06-24,100,Europe,Paid Ads,0,
CUST1128,Basic,2024-12-22,2026-01-16,20,Europe,Partnership,0,
CUST1129,Premium,2024-04-11,2026-08-28,100,Europe,Organic,0,
CUST1130,Basic,2024-10-15,2025-05-08,20,Europe,Paid Ads,0,
CUST1131,Premium,2024-08-07,2026-02-04,100,North America,Organic,0,
CUST1132,Standard,2025-03-26,2027-03-15,50,APAC,Paid Ads,0,
CUST1133,Basic,2025-03-10,2025-11-14,20,APAC,Referral,0,
CUST1134,Standard,2024-05-06,2025-09-25,50,North America,Partnership,1,2024-07-15
CUST1135,Standard,2024-02-11,2024-06-04,50,APAC,Partnership,0,
CUST1136,Basic,2025-04-12,2027-01-16,20,LATAM,Partnership,0,
CUST1137,Premium,2025-02-21,2026-01-14,100,LATAM,Paid Ads,0,
CUST1138,Standard,2025-05-02,2027-04-27,50,Europe,Organic,0,
CUST1139,Basic,2025-02-09,2026-06-02,20,LATAM,Organic,0,
CUST1140,Premium,2024-05-26,2025-08-03,100,North America,Organic,0,
CUST1141,Premium,2024-03-07,2025-04-13,100,North America,Paid Ads,0,
CUST1142,Standard,2024-05-05,2025-01-28,50,Europe,Referral,0,
CUST1143,Premium,2024-10-06,2026-12-19,100,LATAM,Partnership,0,
CUST1144,Premium,2025-05-02,2027-04-14,100,LATAM,Partnership,0,
CUST1145,Standard,2024-05-30,2026-08-24,50,LATAM,Partnership,0,
CUST1146,Basic,2025-05-24,2026-02-14,20,APAC,Referral,0,
CUST1147,Basic,2024-02-24,2026-07-23,20,North America,Organic,1,2026-01-19
CUST1148,Basic,2024-11-30,2025-06-04,20,Europe,Referral,0,
CUST1149,Premium,2025-05-19,2027-09-07,100,North America,Organic,0,
CUST1150,Standard,2025-05-31,2026-03-24,50,LATAM,Referral,0,
CUST1151,Premium,2025-03-16,2025-08-14,100,North America,Organic,0,
CUST1152,Standard,2025-04-15,2025-06-20,50,LATAM,Referral,1,2025-05-24
CUST1153,Premium,2025-03-17,2025-08-31,100,Europe,Referral,0,
CUST1154,Standard,2025-05-17,2027-04-22,50,LATAM,Organic,0,
CUST1155,Premium,2024-06-09,2025-12-09,100,LATAM,Referral,1,2025-03-06
CUST1156,Standard,2024-10-18,2025-10-11,50,LATAM,Partnership,1,2025-08-17
CUST1157,Basic,2024-12-23,2027-04-30,20,Europe,Partnership,0,
CUST1158,Basic,2024-04-09,2025-07-21,20,APAC,Referral,0,
CUST1159,Standard,2024-02-27,2026-02-03,50,LATAM,Partnership,0,
CUST1160,Basic,2024-03-08,2025-02-13,20,APAC,Organic,1,2024-06-03
CUST1161,Basic,2025-04-16,2027-03-20,20,APAC,Organic,0,
CUST1162,Premium,2024-01-21,2026-02-01,100,LATAM,Partnership,0,
CUST1163,Basic,2025-02-03,2026-01-29,20,APAC,Referral,0,
CUST1164,Standard,2024-12-10,2026-06-01,50,North America,Paid Ads,0,
CUST1165,Premium,2024-11-02,2025-12-09,100,APAC,Paid Ads,0,
CUST1166,Basic,2024-08-07,2025-06-27,20,LATAM,Organic,0,
CUST1167,Standard,2024-04-04,2026-05-08,50,LATAM,Paid Ads,0,
CUST1168,Basic,2024-03-09,2025-11-09,20,APAC,Partnership,0,
CUST1169,Standard,2024-12-21,2027-04-14,50,LATAM,Paid Ads,1,2025-10-27
CUST1170,Premium,2024-11-16,2025-07-08,100,APAC,Referral,0,
CUST1171,Standard,2024-01-20,2025-11-22,50,LATAM,Paid Ads,0,
CUST1172,Basic,2025-04-23,2026-02-21,20,LATAM,Paid Ads,0,
CUST1173,Premium,2024-07-24,2025-08-31,100,LATAM,Organic,0,
CUST1174,Basic,2025-03-21,2026-06-14,20,Europe,Partnership,0,
CUST1175,Basic,2024-09-30,2027-02-20,20,Europe,Referral,0,
CUST1176,Basic,2025-02-19,2025-11-20,20,APAC,Paid Ads,1,2025-05-29
CUST1177,Basic,2025-04-20,2026-09-29,20,Europe,Partnership,0,
CUST1178,Standard,2024-07-25,2025-02-03,50,LATAM,Organic,0,
CUST1179,Basic,2024-06-29,2026-05-19,20,APAC,Partnership,0,
CUST1180,Premium,2024-02-26,2024-06-20,100,LATAM,Organic,0,
CUST1181,Standard,2025-01-07,2026-12-25,50,North America,Referral,0,
CUST1182,Basic,2024-08-29,2025-01-20,20,LATAM,Paid Ads,0,
CUST1183,Premium,2025-05-23,2025-09-22,100,North America,Partnership,0,
CUST1184,Basic,2025-02-03,2027-06-08,20,APAC,Partnership,0,
CUST1185,Basic,2024-05-27,2024-10-13,20,LATAM,Paid Ads,0,
CUST1186,Standard,2024-09-17,2026-06-12,50,LATAM,Referral,1,2026-03-18
CUST1187,Standard,2025-03-09,2026-08-07,50,North America,Partnership,0,
CUST1188,Standard,2025-05-01,2027-06-02,50,Europe,Partnership,0,
CUST1189,Standard,2024-02-25,2026-03-03,50,North America,Organic,0,
CUST1190,Premium,2025-01-28,2026-01-09,100,Europe,Partnership,0,
CUST1191,Premium,2024-08-30,2025-12-26,100,APAC,Organic,0,
CUST1192,Standard,2024-04-02,2026-08-22,50,APAC,Partnership,0,
CUST1193,Standard,2025-03-25,2027-01-30,50,Europe,Paid Ads,0,
CUST1194,Premium,2024-10-07,2025-01-27,100,LATAM,Organic,0,
CUST1195,Standard,2024-12-06,2027-01-09,50,LATAM,Referral,0,
CUST1196,Basic,2024-03-08,2025-04-02,20,Europe,Partnership,0,
CUST1197,Premium,2024-01-29,2026-04-18,100,APAC,Referral,1,2025-11-16
CUST1198,Basic,2024-01-04,2025-03-19,20,LATAM,Paid Ads,0,
CUST1199,Standard,2024-04-23,2024-10-31,50,APAC,Organic,0,
CUST1200,Premium,2024-11-23,2026-03-30,100,Europe,Referral,0,
CUST1201,Premium,2024-06-26,2026-06-29,100,Europe,Partnership,0,
CUST1202,Standard,2024-03-27,2025-06-24,50,APAC,Paid Ads,0,
CUST1203,Standard,2024-01-22,2024-03-15,50,LATAM,Paid Ads,0,
CUST1204,Premium,2025-04-18,2025-12-07,100,Europe,Organic,0,
CUST1205,Basic,2025-03-15,2026-12-19,20,North America,Referral,0,
CUST1206,Basic,2024-04-30,2024-06-13,20,APAC,Paid Ads,0,
CUST1207,Standard,2024-05-01,2025-01-15,50,LATAM,Referral,0,
CUST1208,Basic,2025-05-21,2026-07-16,20,APAC,Partnership,1,2025-09-04
CUST1209,Premium,2024-07-12,2025-10-13,100,Europe,Partnership,0,
CUST1210,Basic,2024-09-25,2025-06-23,20,North America,Partnership,0,
CUST1211,Basic,2024-03-28,2024-05-07,20,APAC,Referral,0,
CUST1212,Standard,2025-01-27,2027-02-21,50,LATAM,Paid Ads,0,
CUST1213,Premium,2024-04-07,2025-11-28,100,APAC,Organic,1,2025-03-14
CUST1214,Basic,2024-02-16,2024-03-22,20,LATAM,Partnership,0,
CUST1215,Premium,2025-02-08,2027-01-26,100,LATAM,Partnership,0,
CUST1216,Premium,2024-09-23,2025-04-14,100,North America,Paid Ads,0,
CUST1217,Standard,2024-04-01,2025-03-21,50,LATAM,Paid Ads,0,
CUST1218,Standard,2024-04-29,2025-04-14,50,Europe,Partnership,1,2024-07-04
CUST1219,Standard,2025-03-16,2026-01-29,50,APAC,Partnership,0,
CUST1220,Standard,2025-03-22,2025-10-06,50,APAC,Partnership,0,
CUST1221,Standard,2024-02-24,2024-10-04,50,Europe,Referral,1,2024-04-23
CUST1222,Basic,2024-09-23,2025-04-08,20,North America,Referral,0,
CUST1223,Standard,2024-02-11,2025-06-07,50,North America,Referral,0,
CUST1224,Premium,2025-05-19,2025-10-11,100,LATAM,Referral,0,
CUST1225,Basic,2024-04-05,2024-11-29,20,North America,Partnership,0,
CUST1226,Basic,2024-08-05,2026-04-24,20,Europe,Partnership,0,
CUST1227,Basic,2024-03-19,2024-12-26,20,Europe,Referral,0,
CUST1228,Premium,2024-01-27,2024-12-13,100,North America,Partnership,0,
CUST1229,Premium,2025-01-17,2026-10-13,100,North America,Referral,0,
CUST1230,Basic,2024-01-30,2024-05-22,20,APAC,Paid Ads,0,
CUST1231,Premium,2024-10-02,2026-07-02,100,LATAM,Referral,0,
CUST1232,Standard,2024-11-28,2027-01-16,50,North America,Referral,0,
CUST1233,Premium,2024-02-19,2026-06-18,100,Europe,Paid Ads,0,
CUST1234,Standard,2025-01-25,2025-05-29,50,North America,Organic,0,
CUST1235,Basic,2024-04-01,2024-05-22,20,Europe,Referral,0,
CUST1236,Basic,2024-10-18,2026-09-10,20,LATAM,Referral,0,
CUST1237,Premium,2024-11-01,2026-04-17,100,Europe,Organic,0,
CUST1238,Premium,2025-01-02,2026-12-14,100,APAC,Paid Ads,1,2026-01-14
CUST1239,Premium,2025-04-01,2026-06-02,100,Europe,Referral,0,
CUST1240,Premium,2025-03-08,2027-07-16,100,LATAM,Organic,0,
CUST1241,Basic,2024-04-05,2024-06-15,20,LATAM,Referral,0,
CUST1242,Standard,2025-05-22,2026-12-12,50,Europe,Paid Ads,0,
CUST1243,Premium,2025-04-24,2026-08-14,100,North America,Partnership,1,2026-06-09
CUST1244,Standard,2024-05-10,2026-05-10,50,APAC,Paid Ads,0,
CUST1245,Basic,2024-02-18,2025-10-04,20,LATAM,Partnership,1,2024-04-05
CUST1246,Premium,2025-02-26,2025-07-02,100,North America,Referral,0,
CUST1247,Premium,2024-09-17,2026-06-08,100,APAC,Partnership,1,2026-02-15
CUST1248,Basic,2024-07-02,2026-10-15,20,North America,Referral,0,
CUST1249,Standard,2025-03-02,2027-03-23,50,North America,Organic,0,
CUST1250,Premium,2024-09-28,2025-10-12,100,LATAM,Referral,0,
CUST1251,Basic,2024-03-21,2026-05-24,20,Europe,Paid Ads,0,
CUST1252,Standard,2024-01-19,2024-02-23,50,North America,Referral,0,
CUST1253,Basic,2025-04-16,2027-04-24,20,Europe,Referral,0,
CUST1254,Premium,2025-01-04,2027-01-11,100,LATAM,Partnership,0,
CUST1255,Premium,2024-03-30,2024-09-04,100,LATAM,Partnership,1,2024-05-18
CUST1256,Basic,2024-01-28,2024-09-28,20,North America,Paid Ads,0,
CUST1257,Basic,2024-07-14,2024-11-09,20,Europe,Referral,0,
CUST1258,Standard,2025-03-08,2025-04-29,50,Europe,Referral,1,2025-03-18
CUST1259,Premium,2025-04-27,2025-06-16,100,LATAM,Referral,0,
CUST1260,Premium,2024-10-28,2026-07-03,100,Europe,Paid Ads,0,
CUST1261,Standard,2024-01-09,2024-05-23,50,North America,Partnership,0,
CUST1262,Premium,2025-05-22,2027-07-15,100,LATAM,Referral,0,
CUST1263,Premium,2025-05-14,2026-07-27,100,APAC,Organic,0,
CUST1264,Premium,2024-03-03,2025-09-24,100,LATAM,Paid Ads,1,2025-01-21
CUST1265,Premium,2025-03-03,2026-07-30,100,North America,Partnership,1,2026-02-22
CUST1266,Standard,2024-06-14,2025-05-04,50,LATAM,Organic,0,
CUST1267,Standard,2024-08-25,2026-02-25,50,APAC,Referral,0,
CUST1268,Premium,2024-05-14,2025-04-09,100,APAC,Referral,0,
CUST1269,Standard,2025-04-28,2027-08-24,50,LATAM,Partnership,0,
CUST1270,Basic,2024-03-29,2026-03-12,20,Europe,Partnership,0,
CUST1271,Basic,2025-05-18,2025-09-28,20,Europe,Paid Ads,0,
CUST1272,Standard,2024-08-02,2026-03-25,50,APAC,Paid Ads,1,2024-08-21
CUST1273,Standard,2024-06-11,2025-01-05,50,APAC,Partnership,0,
CUST1274,Premium,2024-12-11,2026-03-26,100,North America,Organic,1,2025-04-07
CUST1275,Basic,2024-09-21,2025-10-04,20,Europe,Referral,0,
CUST1276,Basic,2024-04-16,2026-05-09,20,APAC,Paid Ads,1,2025-07-09
CUST1277,Standard,2024-04-14,2026-09-04,50,North America,Organic,0,
CUST1278,Premium,2024-04-30,2024-12-26,100,North America,Paid Ads,0,
CUST1279,Basic,2025-05-25,2027-07-14,20,APAC,Referral,0,
CUST1280,Basic,2024-05-21,2024-10-23,20,APAC,Partnership,0,
CUST1281,Standard,2024-09-08,2027-02-09,50,LATAM,Organic,0,
CUST1282,Standard,2024-03-28,2025-01-24,50,APAC,Paid Ads,0,
CUST1283,Standard,2024-06-04,2026-08-14,50,APAC,Paid Ads,0,
CUST1284,Standard,2025-03-15,2026-06-11,50,Europe,Paid Ads,0,
CUST1285,Standard,2025-03-29,2025-09-24,50,APAC,Organic,0,
CUST1286,Premium,2024-12-12,2025-11-29,100,North America,Organic,0,
CUST1287,Basic,2025-02-06,2027-04-24,20,LATAM,Organic,1,2026-11-25
CUST1288,Basic,2025-03-05,2026-05-20,20,North America,Partnership,0,
CUST1289,Premium,2024-12-18,2025-01-25,100,APAC,Partnership,0,
CUST1290,Premium,2025-04-01,2027-02-19,100,Europe,Referral,0,
CUST1291,Premium,2025-02-18,2027-05-23,100,LATAM,Partnership,0,
CUST1292,Standard,2024-12-08,2026-02-10,50,North America,Organic,0,
CUST1293,Premium,2024-08-06,2024-12-09,100,Europe,Partnership,0,
CUST1294,Standard,2024-01-24,2024-03-22,50,APAC,Paid Ads,0,
CUST1295,Premium,2024-11-07,2026-12-20,100,APAC,Paid Ads,0,
CUST1296,Premium,2025-01-16,2025-11-07,100,North America,Organic,0,
CUST1297,Standard,2024-05-07,2025-09-08,50,North America,Organic,0,
CUST1298,Premium,2024-12-13,2025-09-10,100,North America,Referral,0,
CUST1299,Premium,2024-11-02,2025-09-19,100,Europe,Partnership,0,
CUST1300,Premium,2024-09-10,2025-01-25,100,Europe,Referral,0,
CUST1301,Premium,2025-04-10,2025-08-18,100,Europe,Partnership,1,2025-07-28
CUST1302,Standard,2024-03-04,2025-06-12,50,North America,Organic,0,
CUST1303,Standard,2024-03-20,2025-05-02,50,Europe,Referral,0,
CUST1304,Standard,2025-05-25,2027-04-06,50,LATAM,Partnership,0,
CUST1305,Standard,2024-06-15,2024-12-09,50,LATAM,Referral,0,
CUST1306,Standard,2024-04-30,2026-05-11,50,LATAM,Paid Ads,0,
CUST1307,Standard,2025-01-13,2025-06-13,50,North America,Paid Ads,0,
CUST1308,Standard,2025-01-13,2026-09-20,50,North America,Organic,0,
CUST1309,Premium,2025-01-15,2025-12-23,100,Europe,Organic,0,
CUST1310,Standard,2024-01-29,2026-05-18,50,APAC,Referral,1,2026-04-11
CUST1311,Premium,2024-11-08,2025-09-24,100,LATAM,Organic,0,
CUST1312,Premium,2024-05-05,2025-12-16,100,LATAM,Organic,0,
CUST1313,Basic,2024-11-13,2026-07-15,20,LATAM,Referral,0,
CUST1314,Standard,2024-05-15,2026-08-03,50,LATAM,Referral,1,2026-02-26
CUST1315,Standard,2024-06-01,2026-07-16,50,LATAM,Referral,0,
CUST1316,Premium,2024-08-26,2025-11-03,100,LATAM,Referral,0,
CUST1317,Basic,2024-03-31,2024-10-16,20,LATAM,Partnership,0,
CUST1318,Premium,2024-03-28,2024-11-10,100,APAC,Organic,0,
CUST1319,Premium,2025-05-02,2026-10-28,100,North America,Paid Ads,0,
CUST1320,Basic,2024-10-08,2027-01-21,20,Europe,Organic,0,
CUST1321,Premium,2024-11-24,2026-02-08,100,LATAM,Organic,0,
CUST1322,Standard,2025-03-23,2025-10-23,50,North America,Partnership,0,
CUST1323,Premium,2024-09-20,2025-01-21,100,APAC,Referral,1,2024-10-03
CUST1324,Premium,2024-05-27,2024-12-30,100,Europe,Partnership,0,
CUST1325,Basic,2025-02-21,2027-02-15,20,Europe,Partnership,0,
CUST1326,Premium,2024-01-28,2026-02-26,100,APAC,Paid Ads,1,2025-03-03
CUST1327,Basic,2025-02-26,2026-02-22,20,APAC,Paid Ads,0,
CUST1328,Basic,2024-09-02,2026-11-11,20,North America,Paid Ads,0,
CUST1329,Basic,2024-04-27,2025-02-26,20,LATAM,Referral,1,2024-12-21
CUST1330,Premium,2025-05-10,2025-07-08,100,LATAM,Organic,0,
CUST1331,Basic,2024-04-13,2025-01-20,20,North America,Partnership,0,
CUST1332,Premium,2025-02-20,2026-06-21,100,Europe,Partnership,1,2026-01-12
CUST1333,Premium,2025-01-17,2026-08-23,100,Europe,Paid Ads,0,
CUST1334,Basic,2024-02-12,2024-03-14,20,LATAM,Referral,0,
CUST1335,Premium,2024-01-01,2024-04-01,100,APAC,Paid Ads,0,
CUST1336,Standard,2025-01-24,2026-02-17,50,APAC,Partnership,0,
CUST1337,Basic,2024-06-14,2026-08-09,20,APAC,Organic,0,
CUST1338,Basic,2025-02-08,2027-02-23,20,APAC,Organic,1,2025-07-02
CUST1339,Premium,2024-08-03,2026-05-20,100,APAC,Referral,0,
CUST1340,Standard,2025-04-08,2026-02-11,50,APAC,Partnership,0,
CUST1341,Standard,2025-04-15,2027-01-18,50,APAC,Paid Ads,0,
CUST1342,Premium,2025-05-02,2025-06-05,100,Europe,Organic,0,
CUST1343,Premium,2025-05-15,2027-08-03,100,Europe,Referral,0,
CUST1344,Basic,2025-03-31,2027-03-19,20,North America,Organic,1,2026-04-21
CUST1345,Premium,2024-06-30,2026-12-06,100,APAC,Referral,0,
CUST1346,Premium,2025-04-18,2026-06-01,100,North America,Organic,0,
CUST1347,Standard,2024-01-21,2026-04-06,50,North America,Paid Ads,0,
CUST1348,Premium,2024-04-02,2026-08-15,100,APAC,Paid Ads,0,
CUST1349,Standard,2025-05-20,2026-06-25,50,Europe,Paid Ads,1,2026-01-28
CUST1350,Premium,2024-07-19,2026-12-06,100,Europe,Organic,0,
CUST1351,Basic,2024-06-23,2026-02-08,20,APAC,Referral,0,
CUST1352,Premium,2024-05-11,2026-07-13,100,Europe,Organic,1,2025-02-01
CUST1353,Premium,2024-07-15,2026-12-30,100,Europe,Partnership,0,
CUST1354,Premium,2024-01-03,2025-04-14,100,APAC,Referral,0,
CUST1355,Premium,2025-03-18,2027-08-29,100,North America,Partnership,0,
CUST1356,Standard,2025-05-22,2026-06-26,50,North America,Referral,0,
CUST1357,Basic,2024-10-11,2026-01-14,20,Europe,Organic,0,
CUST1358,Standard,2024-07-18,2025-07-25,50,North America,Referral,1,2025-05-07
CUST1359,Basic,2024-03-17,2024-12-27,20,Europe,Referral,0,
CUST1360,Standard,2024-04-09,2024-06-06,50,APAC,Organic,0,
CUST1361,Basic,2024-09-10,2025-01-28,20,APAC,Partnership,0,
CUST1362,Standard,2024-08-30,2024-12-12,50,North America,Partnership,0,
CUST1363,Premium,2025-04-02,2026-12-15,100,LATAM,Organic,1,2025-06-04
CUST1364,Basic,2024-03-07,2026-06-16,20,LATAM,Partnership,1,2026-06-07
CUST1365,Standard,2025-03-18,2025-06-23,50,North America,Partnership,1,2025-03-26
CUST1366,Premium,2025-01-25,2026-04-11,100,North America,Partnership,1,2026-02-15
CUST1367,Standard,2025-04-09,2026-06-06,50,Europe,Organic,0,
CUST1368,Standard,2024-01-27,2025-06-04,50,North America,Partnership,0,
CUST1369,Premium,2024-04-15,2024-05-27,100,Europe,Organic,0,
CUST1370,Basic,2024-09-19,2025-10-17,20,Europe,Paid Ads,0,
CUST1371,Premium,2024-09-05,2025-02-22,100,LATAM,Paid Ads,0,
CUST1372,Basic,2025-03-22,2026-09-28,20,Europe,Partnership,0,
CUST1373,Standard,2024-05-30,2025-10-22,50,APAC,Paid Ads,0,
CUST1374,Standard,2024-01-09,2025-07-22,50,APAC,Partnership,0,
CUST1375,Premium,2024-08-31,2026-03-03,100,Europe,Organic,0,
CUST1376,Premium,2024-12-18,2025-08-05,100,North America,Referral,0,
CUST1377,Premium,2024-12-15,2025-07-26,100,Europe,Organic,0,
CUST1378,Premium,2024-12-09,2026-09-30,100,LATAM,Partnership,0,
CUST1379,Standard,2025-04-10,2027-07-27,50,Europe,Organic,0,
CUST1380,Standard,2024-08-16,2026-08-25,50,Europe,Organic,0,
CUST1381,Premium,2025-05-07,2027-06-28,100,Europe,Paid Ads,0,
CUST1382,Standard,2025-02-13,2025-09-19,50,LATAM,Paid Ads,0,
CUST1383,Basic,2024-03-16,2025-04-16,20,APAC,Organic,1,2024-05-14
CUST1384,Basic,2024-07-18,2026-05-25,20,APAC,Referral,0,
CUST1385,Standard,2024-07-22,2025-03-11,50,North America,Organic,0,
CUST1386,Basic,2024-12-13,2027-05-29,20,APAC,Paid Ads,0,
CUST1387,Basic,2024-06-29,2026-12-09,20,Europe,Organic,0,
CUST1388,Basic,2025-01-23,2026-12-24,20,North America,Paid Ads,0,
CUST1389,Basic,2024-11-08,2026-03-20,20,APAC,Paid Ads,0,
CUST1390,Standard,2024-03-07,2024-08-05,50,Europe,Referral,1,2024-04-10
CUST1391,Basic,2025-01-18,2026-01-08,20,Europe,Referral,0,
CUST1392,Premium,2024-07-12,2026-02-10,100,Europe,Organic,0,
CUST1393,Basic,2024-02-24,2025-12-29,20,APAC,Paid Ads,0,
CUST1394,Basic,2024-03-24,2026-07-05,20,LATAM,Paid Ads,0,
CUST1395,Premium,2025-02-01,2027-04-11,100,North America,Paid Ads,0,
CUST1396,Premium,2025-04-20,2025-11-19,100,APAC,Referral,0,
CUST1397,Standard,2025-04-30,2026-02-28,50,LATAM,Referral,0,
CUST1398,Premium,2024-08-12,2025-04-06,100,North America,Paid Ads,0,
CUST1399,Basic,2024-11-09,2026-02-17,20,LATAM,Paid Ads,0,
CUST1400,Premium,2024-09-17,2026-05-03,100,Europe,Partnership,1,2024-12-13
CUST1401,Standard,2024-08-23,2026-05-12,50,LATAM,Partnership,1,2026-01-30
CUST1402,Premium,2025-04-06,2026-08-27,100,APAC,Referral,0,
CUST1403,Standard,2024-10-06,2025-12-01,50,LATAM,Partnership,1,2025-05-21
CUST1404,Basic,2025-01-02,2025-04-26,20,APAC,Organic,0,
CUST1405,Premium,2024-08-21,2024-12-29,100,North America,Partnership,1,2024-11-22
CUST1406,Basic,2024-07-20,2026-07-11,20,Europe,Partnership,0,
CUST1407,Standard,2024-05-21,2026-07-30,50,APAC,Paid Ads,0,
CUST1408,Premium,2024-11-02,2025-09-16,100,APAC,Organic,0,
CUST1409,Standard,2025-04-28,2027-03-28,50,LATAM,Organic,0,
CUST1410,Basic,2024-08-20,2026-09-29,20,LATAM,Paid Ads,0,
CUST1411,Standard,2025-04-17,2026-04-30,50,Europe,Referral,0,
CUST1412,Standard,2025-03-03,2025-11-02,50,Europe,Referral,0,
CUST1413,Premium,2024-05-22,2026-02-02,100,North America,Partnership,0,
CUST1414,Standard,2024-12-29,2026-01-10,50,North America,Referral,0,
CUST1415,Standard,2024-11-29,2026-08-22,50,LATAM,Partnership,1,2025-01-01
CUST1416,Basic,2025-02-04,2026-03-31,20,Europe,Partnership,0,
CUST1417,Standard,2024-07-11,2025-12-09,50,North America,Referral,1,2025-10-17
CUST1418,Premium,2024-06-24,2024-11-07,100,APAC,Organic,0,
CUST1419,Basic,2024-01-28,2024-09-05,20,North America,Referral,0,
CUST1420,Standard,2024-08-26,2025-07-20,50,APAC,Paid Ads,0,
CUST1421,Basic,2025-01-12,2026-07-26,20,LATAM,Organic,1,2025-12-13
CUST1422,Standard,2024-04-23,2024-10-02,50,LATAM,Paid Ads,0,
CUST1423,Standard,2024-07-30,2025-01-09,50,North America,Referral,0,
CUST1424,Standard,2024-06-11,2026-03-21,50,LATAM,Referral,0,
CUST1425,Standard,2024-10-09,2025-06-02,50,Europe,Referral,1,2024-11-15
CUST1426,Standard,2024-09-09,2026-03-31,50,North America,Referral,0,
CUST1427,Premium,2025-04-18,2026-12-28,100,LATAM,Referral,1,2025-07-21
CUST1428,Standard,2024-10-31,2026-01-04,50,LATAM,Partnership,0,
CUST1429,Basic,2024-07-02,2026-04-25,20,LATAM,Paid Ads,0,
CUST1430,Standard,2024-04-07,2025-06-13,50,LATAM,Paid Ads,0,
CUST1431,Basic,2024-10-07,2026-08-11,20,Europe,Paid Ads,0,
CUST1432,Premium,2025-05-20,2026-08-14,100,North America,Paid Ads,0,
CUST1433,Premium,2024-03-19,2026-05-31,100,North America,Partnership,1,2026-05-13
CUST1434,Standard,2024-06-17,2025-04-01,50,LATAM,Referral,0,
CUST1435,Basic,2024-03-15,2026-01-28,20,LATAM,Organic,0,
CUST1436,Premium,2024-12-17,2027-02-18,100,LATAM,Referral,0,
CUST1437,Basic,2024-01-11,2024-10-23,20,LATAM,Organic,1,2024-03-21
CUST1438,Standard,2025-04-17,2025-07-25,50,LATAM,Referral,1,2025-07-11
CUST1439,Basic,2025-04-27,2027-09-14,20,LATAM,Paid Ads,0,
CUST1440,Basic,2024-04-12,2024-11-09,20,Europe,Organic,0,
CUST1441,Premium,2024-03-20,2026-03-07,100,LATAM,Paid Ads,0,
CUST1442,Premium,2025-03-27,2026-04-27,100,APAC,Paid Ads,0,
CUST1443,Premium,2025-03-28,2027-04-10,100,North America,Paid Ads,1,2027-01-08
CUST1444,Premium,2024-11-11,2026-03-10,100,North America,Referral,1,2024-11-14
CUST1445,Basic,2024-09-12,2025-10-30,20,LATAM,Paid Ads,0,
CUST1446,Basic,2025-03-07,2025-05-04,20,North America,Organic,0,
CUST1447,Standard,2024-08-13,2024-12-19,50,Europe,Organic,0,
CUST1448,Premium,2024-02-15,2025-05-15,100,Europe,Paid Ads,0,
CUST1449,Standard,2024-07-31,2026-03-07,50,APAC,Paid Ads,0,
CUST1450,Standard,2024-08-06,2024-12-22,50,North America,Paid Ads,0,
CUST1451,Basic,2024-11-19,2024-12-31,20,North America,Referral,0,
CUST1452,Standard,2024-10-12,2026-09-07,50,Europe,Organic,0,
CUST1453,Basic,2025-02-24,2026-01-28,20,North America,Paid Ads,0,
CUST1454,Standard,2024-09-14,2025-01-19,50,North America,Paid Ads,0,
CUST1455,Premium,2024-12-06,2025-07-03,100,LATAM,Paid Ads,0,
CUST1456,Premium,2024-03-10,2025-03-18,100,APAC,Referral,1,2025-01-04
CUST1457,Standard,2025-05-30,2027-02-20,50,LATAM,Paid Ads,0,
CUST1458,Basic,2024-05-07,2025-04-18,20,Europe,Organic,0,
CUST1459,Standard,2024-03-02,2024-08-19,50,Europe,Organic,0,
CUST1460,Standard,2025-01-19,2025-09-15,50,Europe,Paid Ads,0,
CUST1461,Basic,2024-05-17,2025-03-27,20,LATAM,Partnership,0,
CUST1462,Basic,2024-01-25,2024-10-15,20,LATAM,Partnership,0,
CUST1463,Standard,2024-07-29,2026-03-03,50,APAC,Paid Ads,1,2025-04-10
CUST1464,Premium,2024-11-25,2025-06-30,100,Europe,Referral,0,
CUST1465,Basic,2024-03-12,2024-10-25,20,North America,Referral,1,2024-04-18
CUST1466,Basic,2024-06-26,2026-03-24,20,Europe,Organic,0,
CUST1467,Basic,2025-03-12,2027-04-23,20,Europe,Organic,0,
CUST1468,Basic,2025-03-10,2025-10-06,20,Europe,Paid Ads,0,
CUST1469,Standard,2024-07-25,2025-05-29,50,APAC,Referral,0,
CUST1470,Standard,2025-02-11,2026-04-03,50,North America,Partnership,0,
CUST1471,Standard,2024-06-08,2026-10-25,50,LATAM,Referral,0,
CUST1472,Standard,2025-03-13,2025-07-06,50,North America,Referral,0,
CUST1473,Standard,2024-09-20,2025-11-13,50,Europe,Paid Ads,0,
CUST1474,Standard,2025-05-07,2025-08-18,50,APAC,Referral,0,
CUST1475,Premium,2024-06-07,2025-01-17,100,LATAM,Paid Ads,1,2025-01-14
CUST1476,Premium,2025-02-18,2026-05-19,100,APAC,Referral,0,
CUST1477,Premium,2025-05-16,2026-04-26,100,APAC,Referral,0,
CUST1478,Premium,2024-02-09,2024-07-15,100,North America,Referral,0,
CUST1479,Premium,2025-03-22,2026-01-07,100,Europe,Paid Ads,0,
CUST1480,Premium,2025-01-12,2027-01-25,100,APAC,Referral,1,2026-02-11
CUST1481,Standard,2025-05-04,2025-07-08,50,Europe,Paid Ads,0,
CUST1482,Standard,2024-09-24,2026-07-05,50,North America,Paid Ads,0,
CUST1483,Premium,2024-09-10,2026-06-18,100,Europe,Partnership,0,
CUST1484,Premium,2024-04-29,2026-07-27,100,Europe,Organic,1,2026-04-28
CUST1485,Standard,2024-07-12,2025-10-18,50,LATAM,Organic,0,
CUST1486,Standard,2025-05-27,2026-12-23,50,APAC,Partnership,0,
CUST1487,Standard,2024-04-01,2024-08-20,50,APAC,Referral,0,
CUST1488,Standard,2024-08-02,2026-10-07,50,Europe,Partnership,0,
CUST1489,Standard,2025-05-18,2025-06-18,50,North America,Paid Ads,1,2025-06-12
CUST1490,Premium,2024-10-22,2026-12-11,100,LATAM,Referral,0,
CUST1491,Basic,2024-05-17,2025-01-04,20,APAC,Paid Ads,0,
CUST1492,Premium,2024-08-05,2025-03-13,100,North America,Referral,0,
CUST1493,Premium,2024-09-22,2025-12-14,100,Europe,Paid Ads,0,
CUST1494,Premium,2024-03-22,2025-02-15,100,North America,Paid Ads,1,2024-05-25
CUST1495,Standard,2024-01-31,2025-10-21,50,North America,Partnership,0,
CUST1496,Standard,2024-03-03,2024-12-30,50,North America,Organic,0,
CUST1497,Basic,2024-08-04,2026-02-19,20,North America,Organic,0,
CUST1498,Standard,2025-04-29,2027-07-13,50,APAC,Referral,0,
CUST1499,Standard,2024-12-17,2025-12-04,50,APAC,Partnership,0,
CUST1500,Standard,2024-02-28,2025-03-28,50,LATAM,Referral,0,
CUST1501,Basic,2025-02-15,2027-03-29,20,North America,Referral,0,
CUST1502,Basic,2024-10-13,2026-10-29,20,North America,Organic,0,
CUST1503,Basic,2025-05-01,2026-11-09,20,APAC,Referral,0,
CUST1504,Basic,2024-01-18,2025-11-26,20,North America,Partnership,0,
CUST1505,Basic,2024-08-27,2026-06-09,20,APAC,Referral,0,
CUST1506,Premium,2025-03-14,2026-08-13,100,North America,Partnership,0,
CUST1507,Premium,2024-10-27,2026-08-09,100,North America,Referral,0,
CUST1508,Basic,2025-05-24,2027-09-16,20,North America,Paid Ads,1,2027-04-14
CUST1509,Premium,2025-04-01,2025-08-27,100,LATAM,Paid Ads,0,
CUST1510,Premium,2024-08-04,2025-02-24,100,Europe,Paid Ads,0,
CUST1511,Premium,2025-03-21,2027-04-22,100,North America,Organic,1,2026-02-19
CUST1512,Standard,2024-09-20,2026-09-01,50,APAC,Paid Ads,0,
CUST1513,Premium,2025-05-18,2025-09-17,100,North America,Paid Ads,0,
CUST1514,Standard,2024-12-17,2026-02-06,50,Europe,Organic,0,
CUST1515,Premium,2024-08-26,2025-05-11,100,LATAM,Referral,0,
CUST1516,Standard,2024-04-01,2025-04-14,50,North America,Organic,0,
CUST1517,Basic,2024-05-10,2025-04-25,20,North America,Partnership,0,
CUST1518,Premium,2024-03-04,2025-11-28,100,North America,Partnership,0,
CUST1519,Standard,2025-01-08,2027-05-04,50,LATAM,Partnership,0,
CUST1520,Basic,2025-02-08,2025-03-19,20,Europe,Organic,0,
CUST1521,Standard,2024-10-30,2027-04-05,50,APAC,Paid Ads,0,
CUST1522,Premium,2024-10-17,2025-04-14,100,LATAM,Paid Ads,0,
CUST1523,Premium,2024-11-12,2026-05-10,100,North America,Partnership,0,
CUST1524,Basic,2024-08-08,2026-01-26,20,APAC,Referral,0,
CUST1525,Standard,2024-06-05,2026-10-30,50,North America,Partnership,0,
CUST1526,Premium,2024-07-02,2025-12-13,100,Europe,Organic,0,
CUST1527,Standard,2025-02-05,2026-02-15,50,Europe,Organic,0,
CUST1528,Standard,2025-02-04,2025-05-18,50,APAC,Referral,0,
CUST1529,Standard,2025-02-07,2025-06-16,50,APAC,Paid Ads,1,2025-02-21
CUST1530,Premium,2024-06-16,2026-02-27,100,APAC,Referral,1,2025-10-24
CUST1531,Standard,2024-08-11,2026-12-12,50,Europe,Paid Ads,0,
CUST1532,Premium,2024-04-14,2026-04-08,100,North America,Partnership,0,
CUST1533,Basic,2024-06-21,2024-09-16,20,LATAM,Referral,1,2024-08-21
CUST1534,Basic,2024-12-12,2026-09-10,20,North America,Organic,0,
CUST1535,Basic,2024-02-04,2024-07-04,20,LATAM,Paid Ads,0,
CUST1536,Standard,2025-01-19,2027-04-23,50,APAC,Paid Ads,0,
CUST1537,Premium,2025-01-26,2025-12-03,100,North America,Referral,0,
CUST1538,Standard,2024-05-02,2024-09-28,50,APAC,Organic,1,2024-09-05
CUST1539,Premium,2025-05-06,2026-03-12,100,Europe,Organic,0,
CUST1540,Basic,2025-05-10,2027-03-31,20,Europe,Referral,0,
CUST1541,Standard,2024-11-29,2025-03-04,50,Europe,Organic,0,
CUST1542,Premium,2024-01-21,2025-03-29,100,Europe,Referral,0,
CUST1543,Premium,2024-05-07,2026-07-17,100,LATAM,Organic,0,
CUST1544,Premium,2024-07-03,2024-08-07,100,North America,Paid Ads,0,
CUST1545,Standard,2024-05-11,2026-01-19,50,North America,Organic,0,
CUST1546,Basic,2024-02-05,2024-05-31,20,North America,Partnership,0,
CUST1547,Premium,2024-06-24,2025-09-30,100,APAC,Partnership,0,
CUST1548,Premium,2024-11-03,2025-01-19,100,North America,Paid Ads,0,
CUST1549,Premium,2024-05-23,2026-02-02,100,APAC,Referral,0,
CUST1550,Standard,2024-04-11,2026-03-20,50,APAC,Paid Ads,0,
CUST1551,Basic,2024-05-25,2025-04-26,20,North America,Paid Ads,0,
CUST1552,Basic,2025-01-02,2025-11-12,20,Europe,Paid Ads,1,2025-08-07
CUST1553,Basic,2025-01-25,2026-12-21,20,APAC,Partnership,0,
CUST1554,Standard,2024-09-17,2026-09-09,50,LATAM,Organic,0,
CUST1555,Premium,2024-03-13,2026-01-16,100,Europe,Paid Ads,0,
CUST1556,Premium,2024-06-16,2025-09-18,100,Europe,Partnership,0,
CUST1557,Standard,2024-01-27,2025-11-05,50,LATAM,Referral,0,
CUST1558,Standard,2025-02-20,2025-05-28,50,North America,Organic,0,
CUST1559,Basic,2024-10-06,2025-04-03,20,APAC,Partnership,0,
CUST1560,Basic,2024-04-10,2025-05-31,20,APAC,Organic,0,
CUST1561,Basic,2024-05-06,2024-12-01,20,LATAM,Organic,0,
CUST1562,Standard,2024-12-23,2027-01-09,50,LATAM,Organic,0,
CUST1563,Standard,2024-02-19,2024-09-10,50,APAC,Organic,0,
CUST1564,Standard,2025-02-16,2026-07-19,50,Europe,Partnership,0,
CUST1565,Standard,2024-05-09,2024-11-01,50,North America,Paid Ads,0,
CUST1566,Premium,2025-01-14,2027-02-07,100,APAC,Organic,0,
CUST1567,Premium,2024-07-06,2025-10-28,100,LATAM,Referral,0,
CUST1568,Standard,2025-03-14,2026-09-28,50,APAC,Partnership,0,
CUST1569,Basic,2024-11-08,2026-01-28,20,APAC,Organic,0,
CUST1570,Basic,2024-09-02,2025-01-05,20,North America,Organic,0,
CUST1571,Basic,2025-05-19,2027-09-23,20,North America,Partnership,0,
CUST1572,Standard,2025-05-24,2026-12-02,50,Europe,Referral,0,
CUST1573,Premium,2024-01-15,2025-11-06,100,North America,Referral,0,
CUST1574,Premium,2024-12-19,2025-09-25,100,North America,Referral,0,
CUST1575,Premium,2024-06-21,2026-06-11,100,North America,Referral,0,
CUST1576,Premium,2024-03-17,2025-04-26,100,Europe,Paid Ads,0,
CUST1577,Premium,2025-03-08,2026-08-27,100,APAC,Organic,0,
CUST1578,Standard,2024-09-12,2027-02-10,50,North America,Partnership,0,
CUST1579,Basic,2025-05-09,2026-04-04,20,APAC,Partnership,0,
CUST1580,Basic,2024-11-08,2026-09-27,20,LATAM,Paid Ads,0,
CUST1581,Basic,2024-02-28,2025-03-28,20,LATAM,Referral,1,2024-10-21
CUST1582,Standard,2024-04-19,2024-05-24,50,APAC,Partnership,0,
CUST1583,Premium,2024-12-29,2025-02-06,100,Europe,Referral,1,2025-01-30
CUST1584,Basic,2025-02-24,2025-07-30,20,North America,Paid Ads,0,
CUST1585,Basic,2024-08-19,2026-01-12,20,Europe,Partnership,0,
CUST1586,Standard,2024-07-05,2026-02-04,50,APAC,Referral,0,
CUST1587,Basic,2024-06-14,2024-12-04,20,LATAM,Referral,0,
CUST1588,Standard,2024-07-22,2024-12-12,50,North America,Partnership,0,
CUST1589,Basic,2025-03-07,2027-05-07,20,Europe,Referral,0,
CUST1590,Basic,2025-05-05,2027-04-16,20,Europe,Paid Ads,0,
CUST1591,Basic,2025-05-22,2027-09-18,20,LATAM,Referral,0,
CUST1592,Basic,2025-05-28,2027-07-10,20,APAC,Referral,0,
CUST1593,Standard,2024-04-20,2026-08-09,50,Europe,Organic,1,2024-09-27
CUST1594,Standard,2024-02-23,2026-02-16,50,North America,Paid Ads,0,
CUST1595,Standard,2025-05-06,2026-03-28,50,North America,Referral,0,
CUST1596,Basic,2024-06-05,2026-07-21,20,LATAM,Paid Ads,0,
CUST1597,Basic,2024-09-26,2026-10-13,20,APAC,Organic,0,
CUST1598,Standard,2024-04-15,2026-05-02,50,Europe,Referral,0,
CUST1599,Premium,2024-06-01,2025-02-20,100,Europe,Paid Ads,1,2024-12-24
CUST1600,Basic,2024-05-29,2025-09-07,20,APAC,Paid Ads,1,2024-09-09
CUST1601,Basic,2025-02-21,2026-09-11,20,North America,Referral,0,
CUST1602,Premium,2024-12-10,2026-03-21,100,Europe,Paid Ads,0,
CUST1603,Premium,2024-11-07,2025-03-29,100,LATAM,Organic,0,
CUST1604,Standard,2024-09-09,2025-09-01,50,APAC,Referral,0,
CUST1605,Basic,2024-02-23,2026-01-29,20,North America,Organic,0,
CUST1606,Basic,2024-10-13,2026-07-26,20,APAC,Referral,1,2025-04-21
CUST1607,Standard,2024-12-08,2025-11-14,50,LATAM,Partnership,1,2024-12-15
CUST1608,Premium,2025-01-04,2027-03-04,100,Europe,Partnership,0,
CUST1609,Premium,2024-10-09,2025-06-11,100,APAC,Paid Ads,0,
CUST1610,Basic,2024-05-03,2024-07-14,20,North America,Paid Ads,0,
CUST1611,Premium,2025-04-01,2025-08-10,100,Europe,Paid Ads,1,2025-06-28
CUST1612,Standard,2024-06-06,2024-08-19,50,LATAM,Paid Ads,1,2024-07-30
CUST1613,Premium,2025-01-09,2026-05-13,100,APAC,Partnership,0,
CUST1614,Basic,2025-05-09,2026-08-11,20,LATAM,Organic,0,
CUST1615,Premium,2024-10-07,2026-10-20,100,North America,Paid Ads,0,
CUST1616,Standard,2024-07-13,2026-09-09,50,North America,Organic,0,
CUST1617,Standard,2025-03-24,2027-05-31,50,North America,Paid Ads,0,
CUST1618,Premium,2024-10-05,2025-06-03,100,LATAM,Referral,0,
CUST1619,Basic,2025-04-11,2026-10-08,20,Europe,Organic,0,
CUST1620,Premium,2024-08-13,2025-07-12,100,APAC,Partnership,0,
CUST1621,Premium,2024-08-17,2024-11-01,100,North America,Paid Ads,0,
CUST1622,Standard,2024-10-11,2025-03-26,50,North America,Paid Ads,0,
CUST1623,Basic,2024-04-28,2024-05-29,20,Europe,Paid Ads,0,
CUST1624,Premium,2024-03-26,2026-04-17,100,APAC,Partnership,0,
CUST1625,Standard,2024-10-28,2025-10-25,50,Europe,Referral,0,
CUST1626,Premium,2024-08-12,2026-09-29,100,North America,Partnership,0,
CUST1627,Basic,2024-04-18,2026-05-27,20,APAC,Organic,0,
CUST1628,Standard,2025-03-28,2025-12-08,50,APAC,Paid Ads,0,
CUST1629,Basic,2025-04-01,2025-12-24,20,LATAM,Paid Ads,0,
CUST1630,Standard,2025-05-05,2025-09-07,50,APAC,Paid Ads,0,
CUST1631,Standard,2024-07-12,2026-03-17,50,Europe,Paid Ads,0,
CUST1632,Premium,2024-01-22,2025-01-03,100,Europe,Partnership,0,
CUST1633,Basic,2024-03-12,2024-09-04,20,LATAM,Paid Ads,1,2024-05-14
CUST1634,Standard,2024-05-20,2026-07-03,50,LATAM,Organic,0,
CUST1635,Basic,2025-01-28,2025-03-20,20,North America,Referral,1,2025-01-29
CUST1636,Premium,2024-09-11,2026-12-08,100,North America,Paid Ads,1,2025-02-05
CUST1637,Premium,2024-04-18,2025-11-24,100,North America,Organic,0,
CUST1638,Standard,2024-05-22,2025-10-25,50,North America,Paid Ads,0,
CUST1639,Standard,2024-12-05,2026-05-09,50,Europe,Partnership,0,
CUST1640,Basic,2024-01-22,2026-06-14,20,APAC,Organic,1,2025-08-02
CUST1641,Standard,2024-05-25,2024-06-25,50,North America,Referral,0,
CUST1642,Basic,2025-01-29,2025-07-28,20,Europe,Referral,0,
CUST1643,Standard,2024-04-25,2025-10-10,50,Europe,Referral,0,
CUST1644,Basic,2024-10-15,2025-11-14,20,Europe,Organic,1,2025-04-04
CUST1645,Basic,2024-02-14,2025-11-24,20,APAC,Organic,0,
CUST1646,Standard,2025-03-11,2025-09-10,50,APAC,Paid Ads,0,
CUST1647,Premium,2024-12-22,2025-05-07,100,APAC,Partnership,0,
CUST1648,Standard,2024-03-19,2026-07-04,50,APAC,Partnership,1,2024-08-19
CUST1649,Premium,2024-05-31,2025-08-03,100,Europe,Partnership,0,
CUST1650,Standard,2025-03-13,2027-04-26,50,North America,Organic,0,
CUST1651,Basic,2024-07-05,2026-09-28,20,APAC,Paid Ads,0,
CUST1652,Standard,2025-05-07,2027-05-17,50,LATAM,Referral,0,
CUST1653,Premium,2024-09-08,2025-11-04,100,APAC,Paid Ads,0,
CUST1654,Standard,2025-01-28,2025-05-23,50,LATAM,Paid Ads,0,
CUST1655,Standard,2024-08-28,2025-10-02,50,Europe,Organic,1,2024-09-06
CUST1656,Standard,2024-04-22,2024-07-22,50,LATAM,Paid Ads,0,
CUST1657,Standard,2025-04-16,2025-10-10,50,Europe,Partnership,0,
CUST1658,Premium,2024-08-03,2026-12-28,100,LATAM,Paid Ads,0,
CUST1659,Premium,2024-05-26,2025-07-16,100,Europe,Organic,0,
CUST1660,Premium,2024-02-25,2026-03-14,100,LATAM,Partnership,1,2025-10-13
CUST1661,Basic,2024-01-31,2024-07-29,20,LATAM,Paid Ads,0,
CUST1662,Basic,2024-01-13,2025-09-16,20,Europe,Organic,0,
CUST1663,Standard,2025-04-26,2027-06-26,50,Europe,Paid Ads,1,2026-10-19
CUST1664,Premium,2025-02-25,2027-04-05,100,APAC,Referral,0,
CUST1665,Premium,2024-04-23,2024-10-29,100,North America,Partnership,1,2024-10-05
CUST1666,Basic,2024-01-12,2025-03-22,20,Europe,Paid Ads,0,
CUST1667,Premium,2025-05-28,2026-05-06,100,LATAM,Partnership,0,
CUST1668,Standard,2024-04-04,2025-10-20,50,Europe,Partnership,0,
CUST1669,Basic,2024-02-27,2024-11-07,20,Europe,Referral,0,
CUST1670,Premium,2025-05-03,2026-04-18,100,North America,Referral,0,
CUST1671,Standard,2024-02-25,2026-06-26,50,LATAM,Paid Ads,0,
CUST1672,Standard,2024-04-21,2024-09-04,50,Europe,Partnership,1,2024-07-16
CUST1673,Basic,2024-06-15,2026-01-20,20,Europe,Partnership,1,2025-01-18
CUST1674,Premium,2024-07-11,2026-02-25,100,North America,Partnership,0,
CUST1675,Basic,2024-03-28,2025-12-01,20,Europe,Partnership,0,
CUST1676,Premium,2024-02-19,2025-02-05,100,LATAM,Organic,1,2024-07-27
CUST1677,Basic,2025-02-11,2026-08-07,20,APAC,Partnership,0,
CUST1678,Standard,2024-04-09,2025-04-13,50,APAC,Paid Ads,0,
CUST1679,Premium,2024-01-25,2025-10-17,100,North America,Paid Ads,0,
CUST1680,Standard,2024-06-14,2024-12-16,50,North America,Partnership,0,
CUST1681,Basic,2024-08-08,2026-12-12,20,North America,Paid Ads,0,
CUST1682,Basic,2025-04-03,2027-07-16,20,Europe,Partnership,1,2026-01-26
CUST1683,Standard,2025-01-31,2025-11-01,50,LATAM,Organic,0,
CUST1684,Premium,2025-05-24,2025-09-30,100,North America,Paid Ads,0,
CUST1685,Basic,2025-05-25,2025-09-28,20,APAC,Organic,0,
CUST1686,Basic,2024-03-10,2025-01-20,20,APAC,Paid Ads,0,
CUST1687,Standard,2024-07-02,2026-07-29,50,North America,Organic,0,
CUST1688,Standard,2025-03-28,2027-02-21,50,LATAM,Partnership,0,
CUST1689,Basic,2025-01-07,2025-11-26,20,LATAM,Organic,0,
CUST1690,Premium,2025-01-10,2026-07-18,100,Europe,Referral,0,
CUST1691,Standard,2025-02-27,2026-08-29,50,APAC,Organic,0,
CUST1692,Premium,2024-09-07,2026-09-23,100,North America,Organic,0,
CUST1693,Basic,2024-10-24,2025-12-12,20,Europe,Organic,0,
CUST1694,Standard,2025-02-01,2026-06-19,50,North America,Paid Ads,0,
CUST1695,Standard,2025-04-21,2025-09-09,50,LATAM,Referral,1,2025-05-19
CUST1696,Standard,2025-02-15,2026-02-16,50,LATAM,Paid Ads,1,2025-08-10
CUST1697,Premium,2025-05-02,2025-09-26,100,LATAM,Paid Ads,0,
CUST1698,Basic,2024-05-29,2026-04-14,20,Europe,Referral,0,
CUST1699,Premium,2024-03-04,2026-07-09,100,North America,Referral,0,
CUST1700,Standard,2024-02-25,2024-10-28,50,LATAM,Paid Ads,0,
CUST1701,Premium,2024-09-15,2026-07-27,100,LATAM,Partnership,0,
CUST1702,Basic,2025-02-18,2025-06-11,20,North America,Partnership,0,
CUST1703,Premium,2024-08-07,2026-07-23,100,LATAM,Referral,0,
CUST1704,Basic,2025-03-14,2026-03-29,20,North America,Organic,0,
CUST1705,Standard,2024-12-23,2026-03-27,50,Europe,Paid Ads,0,
CUST1706,Premium,2024-12-29,2027-01-07,100,Europe,Referral,0,
CUST1707,Basic,2024-05-28,2025-05-24,20,Europe,Organic,0,
CUST1708,Premium,2024-06-03,2025-10-15,100,APAC,Organic,0,
CUST1709,Standard,2025-02-20,2025-12-16,50,APAC,Organic,0,
CUST1710,Basic,2025-04-05,2027-02-18,20,LATAM,Paid Ads,0,
CUST1711,Basic,2024-07-11,2025-10-14,20,North America,Paid Ads,0,
CUST1712,Basic,2024-12-22,2025-08-23,20,LATAM,Paid Ads,0,
CUST1713,Premium,2025-01-07,2025-02-22,100,North America,Partnership,0,
CUST1714,Standard,2025-04-11,2026-07-08,50,North America,Referral,0,
CUST1715,Standard,2024-04-26,2024-11-22,50,LATAM,Partnership,0,
CUST1716,Standard,2025-03-22,2026-05-16,50,Europe,Paid Ads,0,
CUST1717,Premium,2024-04-11,2024-08-08,100,LATAM,Partnership,0,
CUST1718,Basic,2025-02-25,2025-07-11,20,North America,Organic,0,
CUST1719,Premium,2025-05-30,2027-02-14,100,North America,Referral,0,
CUST1720,Premium,2024-08-04,2025-04-19,100,APAC,Referral,0,
CUST1721,Premium,2024-07-19,2025-12-11,100,LATAM,Organic,0,
CUST1722,Standard,2025-02-09,2025-03-18,50,LATAM,Referral,0,
CUST1723,Basic,2024-09-27,2025-09-06,20,APAC,Partnership,0,
CUST1724,Standard,2025-02-28,2025-05-02,50,Europe,Organic,1,2025-03-10
CUST1725,Standard,2024-06-23,2026-02-28,50,APAC,Partnership,0,
CUST1726,Basic,2025-02-06,2027-07-04,20,LATAM,Paid Ads,1,2026-09-21
CUST1727,Standard,2024-06-26,2025-09-11,50,Europe,Referral,0,
CUST1728,Premium,2024-08-24,2025-01-02,100,Europe,Referral,0,
CUST1729,Basic,2024-09-23,2027-02-27,20,North America,Referral,0,
CUST1730,Standard,2024-04-05,2024-05-31,50,Europe,Organic,0,
CUST1731,Premium,2024-03-21,2025-11-26,100,Europe,Organic,0,
CUST1732,Premium,2025-01-01,2025-08-10,100,Europe,Referral,0,
CUST1733,Basic,2024-09-08,2026-10-21,20,APAC,Paid Ads,0,
CUST1734,Standard,2024-10-08,2025-01-30,50,APAC,Organic,0,
CUST1735,Premium,2024-04-23,2025-09-05,100,North America,Organic,0,
CUST1736,Basic,2024-10-16,2025-08-10,20,North America,Paid Ads,0,
CUST1737,Basic,2025-01-05,2027-06-12,20,North America,Referral,0,
CUST1738,Basic,2025-02-27,2025-06-12,20,LATAM,Organic,0,
CUST1739,Premium,2025-03-05,2026-04-23,100,North America,Paid Ads,0,
CUST1740,Premium,2024-07-03,2025-06-03,100,LATAM,Paid Ads,1,2024-10-03
CUST1741,Premium,2024-12-17,2026-01-06,100,North America,Organic,0,
CUST1742,Premium,2024-09-17,2025-02-18,100,North America,Paid Ads,0,
CUST1743,Basic,2024-08-09,2025-09-16,20,North America,Paid Ads,1,2024-11-29
CUST1744,Basic,2024-08-13,2024-12-06,20,APAC,Paid Ads,0,
CUST1745,Basic,2025-05-08,2025-12-28,20,APAC,Partnership,0,
CUST1746,Standard,2025-05-22,2026-09-10,50,APAC,Referral,0,
CUST1747,Standard,2024-06-26,2025-02-13,50,Europe,Partnership,0,
CUST1748,Premium,2024-04-15,2026-01-02,100,APAC,Referral,0,
CUST1749,Premium,2024-07-29,2026-09-06,100,APAC,Paid Ads,0,
CUST1750,Standard,2024-11-22,2026-09-20,50,LATAM,Partnership,1,2025-12-20
CUST1751,Standard,2025-01-17,2026-11-25,50,Europe,Partnership,0,
CUST1752,Standard,2024-09-16,2026-06-08,50,Europe,Organic,0,
CUST1753,Premium,2024-01-31,2024-06-26,100,APAC,Referral,0,
CUST1754,Standard,2025-01-01,2025-10-09,50,LATAM,Paid Ads,1,2025-07-11
CUST1755,Standard,2024-05-05,2024-06-13,50,Europe,Partnership,0,
CUST1756,Basic,2025-04-21,2026-12-23,20,APAC,Paid Ads,0,
CUST1757,Basic,2024-10-17,2026-07-25,20,North America,Referral,0,
CUST1758,Basic,2024-03-17,2025-11-24,20,North America,Partnership,0,
CUST1759,Standard,2024-11-23,2025-07-13,50,LATAM,Partnership,0,
CUST1760,Standard,2024-10-08,2026-01-12,50,LATAM,Organic,1,2025-05-28
CUST1761,Basic,2024-08-30,2026-05-12,20,APAC,Referral,1,2024-09-18
CUST1762,Premium,2024-10-18,2025-03-31,100,North America,Referral,0,
CUST1763,Standard,2024-12-11,2026-11-01,50,North America,Organic,1,2026-04-07
CUST1764,Basic,2024-10-08,2025-09-27,20,LATAM,Partnership,0,
CUST1765,Standard,2025-05-20,2027-03-08,50,North America,Partnership,1,2026-03-22
CUST1766,Premium,2024-05-04,2026-10-14,100,LATAM,Referral,0,
CUST1767,Premium,2024-08-17,2024-11-03,100,North America,Organic,0,
CUST1768,Basic,2025-03-22,2025-12-08,20,North America,Partnership,0,
CUST1769,Basic,2024-02-23,2024-12-14,20,APAC,Organic,0,
CUST1770,Basic,2024-11-07,2025-02-21,20,North America,Organic,0,
CUST1771,Premium,2024-06-23,2024-12-11,100,LATAM,Partnership,0,
CUST1772,Basic,2024-05-31,2026-08-10,20,Europe,Partnership,0,
CUST1773,Standard,2024-09-03,2026-05-17,50,LATAM,Organic,0,
CUST1774,Standard,2025-05-09,2026-01-25,50,APAC,Partnership,1,2025-10-08
CUST1775,Premium,2024-09-05,2026-08-11,100,North America,Partnership,0,
CUST1776,Basic,2025-05-21,2025-08-20,20,North America,Organic,0,
CUST1777,Premium,2025-01-29,2025-09-08,100,Europe,Referral,0,
CUST1778,Standard,2024-11-15,2026-12-10,50,Europe,Partnership,0,
CUST1779,Basic,2024-08-12,2025-09-18,20,North America,Paid Ads,0,
CUST1780,Standard,2024-07-11,2024-10-19,50,Europe,Referral,0,
CUST1781,Basic,2024-05-30,2025-10-14,20,APAC,Organic,0,
CUST1782,Premium,2024-01-17,2025-06-01,100,North America,Paid Ads,0,
CUST1783,Basic,2024-12-26,2025-10-23,20,LATAM,Referral,1,2025-10-04
CUST1784,Basic,2024-08-05,2025-02-05,20,APAC,Referral,0,
CUST1785,Standard,2025-03-27,2026-01-30,50,APAC,Organic,0,
CUST1786,Basic,2024-07-17,2025-06-13,20,LATAM,Referral,0,
CUST1787,Basic,2025-03-19,2025-08-07,20,APAC,Referral,0,
CUST1788,Premium,2024-08-12,2025-01-06,100,Europe,Organic,1,2024-08-22
CUST1789,Premium,2024-03-08,2025-10-03,100,APAC,Paid Ads,1,2024-10-26
CUST1790,Premium,2025-02-06,2025-06-19,100,LATAM,Referral,0,
CUST1791,Premium,2024-07-29,2025-02-19,100,APAC,Referral,0,
CUST1792,Standard,2024-01-04,2024-05-09,50,APAC,Partnership,0,
CUST1793,Premium,2024-09-01,2025-03-24,100,LATAM,Partnership,0,
CUST1794,Basic,2024-12-06,2026-04-16,20,Europe,Paid Ads,1,2024-12-13
CUST1795,Premium,2024-12-08,2025-01-28,100,LATAM,Referral,0,
CUST1796,Standard,2024-01-10,2025-10-09,50,North America,Paid Ads,0,
CUST1797,Standard,2024-09-10,2026-02-05,50,North America,Referral,1,2024-09-28
CUST1798,Premium,2025-05-30,2025-12-17,100,APAC,Paid Ads,0,
CUST1799,Basic,2024-12-09,2026-04-16,20,North America,Partnership,0,
CUST1800,Standard,2024-09-16,2025-10-24,50,APAC,Referral,0,
CUST1801,Standard,2025-05-10,2025-10-02,50,APAC,Partnership,0,
CUST1802,Premium,2025-02-24,2025-11-06,100,North America,Paid Ads,0,
CUST1803,Basic,2024-02-01,2024-11-07,20,APAC,Referral,0,
CUST1804,Premium,2024-07-30,2026-09-30,100,LATAM,Partnership,1,2025-08-21
CUST1805,Premium,2025-04-05,2026-10-26,100,North America,Partnership,0,
CUST1806,Premium,2025-02-04,2026-10-30,100,APAC,Partnership,0,
CUST1807,Standard,2024-02-12,2025-10-27,50,APAC,Paid Ads,0,
CUST1808,Standard,2025-04-10,2026-12-11,50,North America,Referral,0,
CUST1809,Standard,2024-01-09,2025-07-02,50,APAC,Organic,0,
CUST1810,Basic,2024-10-23,2026-08-22,20,LATAM,Paid Ads,0,
CUST1811,Basic,2024-10-22,2025-01-26,20,APAC,Referral,0,
CUST1812,Basic,2024-08-10,2025-06-25,20,LATAM,Organic,0,
CUST1813,Basic,2024-11-09,2024-12-14,20,North America,Referral,0,
CUST1814,Premium,2024-09-14,2025-03-04,100,North America,Organic,0,
CUST1815,Standard,2024-10-04,2025-03-29,50,Europe,Organic,0,
CUST1816,Basic,2024-10-24,2025-07-05,20,LATAM,Organic,1,2025-06-20
CUST1817,Standard,2025-03-08,2026-05-20,50,Europe,Referral,0,
CUST1818,Basic,2024-11-14,2025-06-09,20,APAC,Partnership,0,
CUST1819,Premium,2024-07-23,2025-05-05,100,APAC,Paid Ads,1,2025-05-03
CUST1820,Basic,2024-03-28,2025-02-25,20,APAC,Partnership,0,
CUST1821,Premium,2025-01-19,2027-04-30,100,LATAM,Paid Ads,0,
CUST1822,Standard,2025-03-28,2027-04-07,50,North America,Paid Ads,0,
CUST1823,Premium,2024-12-28,2026-04-09,100,APAC,Referral,0,
CUST1824,Standard,2024-01-28,2026-04-22,50,LATAM,Organic,0,
CUST1825,Basic,2025-01-17,2025-06-26,20,APAC,Paid Ads,0,
CUST1826,Premium,2025-02-06,2025-07-14,100,APAC,Organic,0,
CUST1827,Basic,2024-02-25,2024-06-20,20,LATAM,Referral,1,2024-06-11
CUST1828,Premium,2024-04-09,2026-08-28,100,North America,Partnership,0,
CUST1829,Standard,2024-05-04,2026-07-01,50,APAC,Organic,0,
CUST1830,Premium,2024-05-27,2026-01-22,100,North America,Paid Ads,0,
CUST1831,Standard,2024-06-07,2025-05-11,50,Europe,Paid Ads,0,
CUST1832,Premium,2024-07-24,2024-12-18,100,North America,Referral,1,2024-09-02
CUST1833,Premium,2024-09-10,2025-05-07,100,North America,Organic,1,2024-09-17
CUST1834,Premium,2024-02-26,2024-07-29,100,LATAM,Referral,0,
CUST1835,Standard,2024-09-23,2027-02-11,50,Europe,Paid Ads,0,
CUST1836,Standard,2024-05-29,2026-04-10,50,North America,Referral,1,2024-10-22
CUST1837,Premium,2024-07-24,2025-12-23,100,Europe,Paid Ads,0,
CUST1838,Standard,2025-01-11,2026-12-25,50,North America,Referral,0,
CUST1839,Standard,2025-03-02,2027-07-13,50,North America,Referral,0,
CUST1840,Basic,2024-05-03,2025-12-31,20,APAC,Referral,0,
CUST1841,Premium,2025-03-31,2025-06-12,100,APAC,Organic,0,
CUST1842,Standard,2025-04-14,2026-02-21,50,Europe,Referral,1,2025-07-05
CUST1843,Standard,2025-02-03,2026-08-12,50,Europe,Partnership,1,2025-07-09
CUST1844,Standard,2024-05-23,2025-04-03,50,APAC,Referral,0,
CUST1845,Premium,2024-03-10,2026-08-16,100,APAC,Referral,0,
CUST1846,Standard,2024-09-22,2025-03-03,50,LATAM,Paid Ads,0,
CUST1847,Premium,2024-03-10,2024-05-25,100,APAC,Referral,1,2024-03-31
CUST1848,Basic,2025-05-26,2027-05-21,20,North America,Organic,0,
CUST1849,Basic,2024-06-27,2026-08-11,20,Europe,Organic,0,
CUST1850,Standard,2024-09-13,2025-02-07,50,North America,Organic,1,2024-10-02
CUST1851,Standard,2024-06-27,2025-06-20,50,APAC,Organic,1,2025-02-13
CUST1852,Standard,2024-07-19,2025-05-03,50,Europe,Paid Ads,0,
CUST1853,Premium,2024-07-25,2026-09-22,100,APAC,Paid Ads,0,
CUST1854,Premium,2024-01-25,2025-11-29,100,Europe,Organic,0,
CUST1855,Basic,2024-05-23,2024-06-27,20,Europe,Organic,0,
CUST1856,Standard,2024-07-08,2026-07-06,50,North America,Partnership,0,
CUST1857,Premium,2024-07-31,2026-04-06,100,LATAM,Paid Ads,0,
CUST1858,Premium,2024-05-21,2026-09-18,100,APAC,Partnership,1,2025-08-02
CUST1859,Premium,2024-03-21,2024-08-28,100,LATAM,Organic,0,
CUST1860,Standard,2025-05-25,2026-02-15,50,North America,Organic,1,2025-11-11
CUST1861,Basic,2024-09-14,2025-11-17,20,Europe,Partnership,0,
CUST1862,Basic,2024-03-17,2025-10-15,20,Europe,Partnership,0,
CUST1863,Premium,2024-02-28,2025-10-09,100,APAC,Referral,0,
CUST1864,Basic,2024-01-31,2024-04-03,20,LATAM,Partnership,0,
CUST1865,Standard,2024-03-01,2024-08-20,50,Europe,Partnership,0,
CUST1866,Premium,2024-08-29,2026-02-15,100,APAC,Organic,1,2024-10-05
CUST1867,Standard,2024-03-23,2025-11-07,50,North America,Referral,0,
CUST1868,Basic,2024-04-16,2024-06-21,20,APAC,Organic,0,
CUST1869,Basic,2025-05-04,2026-04-09,20,APAC,Referral,0,
CUST1870,Basic,2024-01-27,2026-04-28,20,North America,Organic,0,
CUST1871,Basic,2025-05-08,2025-07-30,20,LATAM,Organic,0,
CUST1872,Standard,2025-03-13,2026-10-26,50,Europe,Referral,1,2026-06-05
CUST1873,Basic,2024-07-17,2025-08-02,20,APAC,Partnership,0,
CUST1874,Basic,2024-04-04,2025-12-27,20,Europe,Paid Ads,1,2025-06-01
CUST1875,Premium,2024-09-12,2027-01-22,100,North America,Organic,1,2024-11-10
CUST1876,Basic,2024-10-16,2024-12-29,20,LATAM,Paid Ads,0,
CUST1877,Premium,2024-05-12,2026-02-21,100,Europe,Partnership,0,
CUST1878,Premium,2024-03-19,2024-12-30,100,North America,Organic,0,
CUST1879,Basic,2024-08-13,2025-12-10,20,LATAM,Partnership,0,
CUST1880,Standard,2024-09-30,2025-09-21,50,APAC,Paid Ads,0,
CUST1881,Premium,2024-12-20,2026-03-15,100,North America,Organic,0,
CUST1882,Premium,2024-03-21,2024-11-14,100,LATAM,Partnership,0,
CUST1883,Premium,2024-08-03,2025-01-05,100,Europe,Partnership,0,
CUST1884,Basic,2025-03-26,2027-02-19,20,North America,Paid Ads,0,
CUST1885,Basic,2024-02-04,2024-12-06,20,North America,Referral,0,
CUST1886,Standard,2024-03-02,2025-01-11,50,APAC,Organic,0,
CUST1887,Standard,2025-01-26,2026-03-25,50,LATAM,Organic,0,
CUST1888,Basic,2024-07-07,2026-06-12,20,Europe,Referral,0,
CUST1889,Basic,2024-12-22,2025-02-16,20,APAC,Organic,0,
CUST1890,Standard,2024-01-29,2025-02-11,50,APAC,Paid Ads,0,
CUST1891,Premium,2024-02-28,2026-07-03,100,LATAM,Referral,1,2025-04-01
CUST1892,Premium,2025-03-10,2026-11-16,100,APAC,Referral,0,
CUST1893,Premium,2025-01-25,2026-06-17,100,APAC,Paid Ads,0,
CUST1894,Basic,2024-10-14,2027-02-09,20,Europe,Organic,0,
CUST1895,Standard,2024-10-29,2025-11-08,50,North America,Paid Ads,0,
CUST1896,Basic,2024-10-02,2026-09-07,20,APAC,Partnership,0,
CUST1897,Premium,2024-11-10,2026-07-15,100,North America,Organic,0,
CUST1898,Standard,2025-04-18,2025-06-04,50,Europe,Referral,0,
CUST1899,Standard,2025-05-06,2027-03-20,50,North America,Partnership,0,
CUST1900,Basic,2024-03-22,2025-01-29,20,LATAM,Organic,0,
CUST1901,Premium,2025-03-27,2025-10-27,100,APAC,Organic,0,
CUST1902,Standard,2024-05-10,2025-01-27,50,APAC,Referral,0,
CUST1903,Basic,2024-04-27,2026-03-28,20,North America,Paid Ads,1,2025-09-28
CUST1904,Standard,2024-08-21,2024-11-21,50,APAC,Organic,0,
CUST1905,Standard,2024-12-27,2026-08-02,50,APAC,Organic,0,
CUST1906,Premium,2024-04-21,2024-08-08,100,Europe,Partnership,0,
CUST1907,Basic,2024-07-27,2025-07-25,20,North America,Paid Ads,0,
CUST1908,Premium,2025-03-12,2026-01-25,100,LATAM,Organic,1,2025-08-27
CUST1909,Premium,2025-02-21,2027-01-19,100,APAC,Partnership,0,
CUST1910,Standard,2025-01-12,2025-03-28,50,North America,Paid Ads,0,
CUST1911,Basic,2024-08-04,2026-12-09,20,North America,Organic,0,
CUST1912,Premium,2025-01-22,2027-06-21,100,APAC,Paid Ads,0,
CUST1913,Premium,2024-03-21,2024-07-08,100,Europe,Referral,0,
CUST1914,Basic,2024-02-22,2025-12-04,20,LATAM,Organic,0,
CUST1915,Premium,2024-10-02,2025-05-19,100,LATAM,Partnership,0,
CUST1916,Standard,2024-09-05,2027-01-01,50,Europe,Partnership,0,
CUST1917,Standard,2024-11-18,2027-01-23,50,Europe,Referral,0,
CUST1918,Premium,2025-02-23,2026-03-30,100,Europe,Referral,1,2025-12-07
CUST1919,Premium,2025-05-10,2027-02-18,100,North America,Partnership,0,
CUST1920,Standard,2024-09-07,2026-12-11,50,Europe,Paid Ads,0,
CUST1921,Premium,2024-10-20,2025-11-03,100,Europe,Partnership,0,
CUST1922,Basic,2025-06-01,2025-11-29,20,LATAM,Referral,0,
CUST1923,Premium,2025-04-09,2025-05-24,100,Europe,Paid Ads,0,
CUST1924,Standard,2024-04-13,2024-09-19,50,APAC,Referral,0,
CUST1925,Standard,2024-03-15,2024-08-27,50,North America,Paid Ads,0,
CUST1926,Premium,2024-12-28,2025-06-06,100,LATAM,Referral,0,
CUST1927,Premium,2024-05-01,2025-05-10,100,Europe,Partnership,0,
CUST1928,Standard,2024-03-16,2026-05-11,50,North America,Organic,0,
CUST1929,Standard,2025-03-22,2026-02-11,50,LATAM,Referral,0,
CUST1930,Premium,2024-03-26,2024-09-27,100,Europe,Paid Ads,0,
CUST1931,Premium,2025-01-23,2026-01-16,100,APAC,Referral,0,
CUST1932,Premium,2024-08-25,2025-07-25,100,APAC,Organic,0,
CUST1933,Basic,2024-11-26,2026-01-23,20,LATAM,Partnership,0,
CUST1934,Basic,2024-08-03,2025-11-16,20,Europe,Organic,0,
CUST1935,Premium,2024-12-21,2025-11-07,100,APAC,Organic,0,
CUST1936,Standard,2025-03-25,2025-12-09,50,APAC,Referral,0,
CUST1937,Standard,2024-08-25,2026-08-07,50,APAC,Organic,0,
CUST1938,Basic,2024-01-29,2025-11-01,20,Europe,Paid Ads,0,
CUST1939,Premium,2025-05-15,2027-10-14,100,Europe,Organic,0,
CUST1940,Standard,2025-03-12,2027-04-30,50,Europe,Partnership,0,
CUST1941,Basic,2024-04-22,2026-05-25,20,LATAM,Partnership,0,
CUST1942,Basic,2025-05-20,2026-03-15,20,LATAM,Referral,1,2025-07-30
CUST1943,Standard,2024-03-21,2026-05-22,50,North America,Partnership,0,
CUST1944,Premium,2024-06-09,2025-12-10,100,North America,Partnership,0,
CUST1945,Standard,2024-02-09,2025-05-27,50,North America,Partnership,1,2025-02-05
CUST1946,Premium,2024-02-06,2025-12-16,100,APAC,Paid Ads,0,
CUST1947,Basic,2024-08-13,2026-08-02,20,Europe,Referral,0,
CUST1948,Standard,2024-07-10,2026-08-30,50,Europe,Referral,0,
CUST1949,Basic,2024-08-07,2024-09-09,20,Europe,Organic,0,
CUST1950,Standard,2024-02-09,2025-05-12,50,Europe,Paid Ads,0,
CUST1951,Premium,2024-12-23,2026-06-01,100,LATAM,Paid Ads,0,
CUST1952,Basic,2024-10-26,2026-10-10,20,APAC,Paid Ads,0,
CUST1953,Premium,2025-05-07,2026-04-04,100,LATAM,Partnership,1,2025-07-04
CUST1954,Standard,2024-11-29,2025-09-08,50,LATAM,Referral,0,
CUST1955,Basic,2024-11-22,2026-10-29,20,Europe,Referral,1,2026-01-04
CUST1956,Premium,2025-05-15,2027-02-19,100,Europe,Referral,0,
CUST1957,Basic,2024-10-01,2026-04-03,20,North America,Partnership,0,
CUST1958,Standard,2024-09-24,2026-09-15,50,North America,Partnership,0,
CUST1959,Standard,2025-02-12,2025-12-05,50,LATAM,Referral,0,
CUST1960,Standard,2024-12-13,2026-10-25,50,LATAM,Paid Ads,0,
CUST1961,Standard,2024-08-14,2026-04-22,50,LATAM,Referral,0,
CUST1962,Premium,2024-12-03,2025-05-14,100,Europe,Organic,0,
CUST1963,Basic,2024-04-02,2026-07-10,20,North America,Referral,0,
CUST1964,Standard,2024-08-03,2025-09-07,50,North America,Organic,0,
CUST1965,Basic,2024-10-24,2027-02-21,20,LATAM,Paid Ads,0,
CUST1966,Standard,2024-08-08,2026-03-27,50,APAC,Referral,0,
CUST1967,Basic,2024-04-14,2025-10-09,20,North America,Organic,0,
CUST1968,Standard,2024-10-16,2025-09-19,50,North America,Paid Ads,1,2025-09-05
CUST1969,Premium,2024-10-05,2026-12-11,100,Europe,Organic,1,2025-10-27
CUST1970,Premium,2024-10-03,2025-01-27,100,LATAM,Paid Ads,1,2024-12-07
CUST1971,Premium,2024-01-16,2026-03-16,100,LATAM,Organic,0,
CUST1972,Premium,2025-02-04,2025-09-20,100,Europe,Organic,0,
CUST1973,Standard,2024-01-24,2024-12-28,50,APAC,Referral,0,
CUST1974,Basic,2025-04-27,2026-06-16,20,North America,Partnership,0,
CUST1975,Basic,2024-10-12,2026-03-20,20,Europe,Referral,0,
CUST1976,Premium,2024-01-18,2025-07-09,100,Europe,Referral,0,
CUST1977,Standard,2024-08-17,2026-04-30,50,North America,Referral,0,
CUST1978,Standard,2025-01-13,2026-06-15,50,Europe,Referral,0,
CUST1979,Premium,2024-05-27,2026-10-03,100,APAC,Partnership,0,
CUST1980,Basic,2024-07-31,2026-01-13,20,North America,Paid Ads,0,
CUST1981,Basic,2025-04-29,2026-11-15,20,Europe,Referral,0,
CUST1982,Premium,2025-05-20,2026-03-04,100,Europe,Organic,0,
CUST1983,Premium,2024-02-07,2025-01-31,100,APAC,Paid Ads,0,
CUST1984,Premium,2024-10-01,2026-10-07,100,LATAM,Organic,0,
CUST1985,Premium,2024-11-16,2026-10-14,100,LATAM,Referral,0,
CUST1986,Standard,2024-04-17,2025-07-26,50,LATAM,Organic,0,
CUST1987,Standard,2024-06-14,2025-12-28,50,Europe,Organic,0,
CUST1988,Basic,2024-04-26,2024-07-04,20,Europe,Referral,0,
CUST1989,Standard,2024-05-23,2026-07-28,50,Europe,Referral,0,
CUST1990,Standard,2024-10-30,2025-03-29,50,LATAM,Organic,0,
CUST1991,Standard,2025-01-15,2026-09-14,50,APAC,Partnership,0,
CUST1992,Basic,2025-01-15,2026-07-30,20,APAC,Paid Ads,0,
CUST1993,Standard,2024-12-04,2027-02-06,50,LATAM,Paid Ads,0,
CUST1994,Basic,2024-01-11,2024-12-31,20,Europe,Referral,0,
CUST1995,Basic,2024-01-06,2024-12-20,20,LATAM,Organic,0,
CUST1996,Basic,2024-12-04,2025-04-09,20,North America,Referral,1,2025-02-02
CUST1997,Premium,2024-12-24,2026-11-05,100,Europe,Organic,0,
CUST1998,Basic,2024-07-16,2025-05-23,20,APAC,Organic,0,
CUST1999,Standard,2025-02-16,2025-12-03,50,APAC,Partnership,0,
CUST2000,Premium,2024-06-05,2024-10-18,100,Europe,Organic,0,
CUST2001,Standard,2024-04-14,2024-09-20,50,Europe,Partnership,0,
CUST2002,Premium,2024-10-10,2027-02-13,100,LATAM,Partnership,0,
CUST2003,Premium,2024-06-21,2024-07-23,100,LATAM,Paid Ads,0,
CUST2004,Basic,2024-05-26,2024-12-10,20,North America,Paid Ads,0,
CUST2005,Basic,2024-02-23,2024-08-11,20,APAC,Organic,0,
CUST2006,Standard,2024-11-30,2025-11-04,50,LATAM,Referral,0,
CUST2007,Basic,2025-01-21,2027-04-23,20,Europe,Referral,0,
CUST2008,Standard,2024-11-20,2026-06-16,50,APAC,Partnership,1,2025-06-28
CUST2009,Basic,2025-03-23,2026-11-16,20,APAC,Paid Ads,0,
CUST2010,Premium,2025-03-21,2027-02-16,100,APAC,Organic,0,
CUST2011,Basic,2024-12-20,2027-02-03,20,APAC,Referral,0,
CUST2012,Premium,2025-01-18,2025-08-19,100,Europe,Referral,0,
CUST2013,Basic,2025-01-04,2026-07-26,20,Europe,Referral,0,
CUST2014,Premium,2024-04-06,2025-05-18,100,APAC,Partnership,0,
CUST2015,Premium,2024-02-04,2025-12-27,100,North America,Partnership,0,
CUST2016,Standard,2024-09-16,2025-07-23,50,LATAM,Organic,0,
CUST2017,Premium,2025-04-10,2026-09-24,100,North America,Referral,0,
CUST2018,Premium,2025-01-13,2025-03-13,100,North America,Organic,0,
CUST2019,Premium,2024-05-14,2024-09-05,100,Europe,Paid Ads,0,
CUST2020,Basic,2024-03-04,2025-02-18,20,North America,Referral,1,2024-12-08
CUST2021,Standard,2024-12-06,2027-05-12,50,Europe,Organic,0,
CUST2022,Standard,2024-01-15,2025-12-25,50,Europe,Partnership,0,
CUST2023,Premium,2024-07-16,2026-12-07,100,North America,Organic,0,
CUST2024,Basic,2024-06-25,2025-10-22,20,APAC,Organic,1,2025-05-03
CUST2025,Basic,2024-01-04,2024-12-17,20,LATAM,Paid Ads,0,
CUST2026,Standard,2025-04-22,2026-12-24,50,North America,Partnership,0,
CUST2027,Basic,2024-04-29,2024-08-29,20,LATAM,Organic,0,
CUST2028,Basic,2024-01-21,2026-04-15,20,Europe,Partnership,0,
CUST2029,Basic,2025-04-16,2025-08-07,20,Europe,Partnership,0,
CUST2030,Basic,2024-05-15,2025-04-27,20,APAC,Paid Ads,1,2024-10-09
CUST2031,Basic,2024-11-19,2026-02-15,20,APAC,Paid Ads,0,
CUST2032,Basic,2024-06-30,2025-05-28,20,APAC,Paid Ads,0,
CUST2033,Standard,2025-05-16,2026-06-13,50,APAC,Organic,0,
CUST2034,Standard,2024-02-07,2026-07-10,50,LATAM,Paid Ads,0,
CUST2035,Basic,2024-12-21,2026-11-12,20,Europe,Referral,0,
CUST2036,Standard,2025-05-30,2027-01-14,50,Europe,Partnership,0,
CUST2037,Standard,2024-09-21,2025-06-01,50,North America,Paid Ads,0,
CUST2038,Basic,2025-05-01,2025-10-21,20,North America,Paid Ads,0,
CUST2039,Standard,2024-02-04,2025-01-29,50,APAC,Referral,0,
CUST2040,Premium,2024-06-11,2025-09-15,100,APAC,Organic,0,
CUST2041,Standard,2025-01-01,2025-12-10,50,North America,Paid Ads,0,
CUST2042,Premium,2025-03-25,2027-07-31,100,Europe,Organic,0,
CUST2043,Premium,2025-04-29,2027-09-30,100,LATAM,Referral,0,
CUST2044,Premium,2025-05-09,2027-05-03,100,APAC,Partnership,0,
CUST2045,Basic,2025-03-07,2026-06-16,20,Europe,Organic,0,
CUST2046,Premium,2024-06-16,2025-12-22,100,LATAM,Organic,0,
CUST2047,Standard,2024-05-13,2026-04-22,50,Europe,Paid Ads,0,
CUST2048,Basic,2024-05-24,2026-09-21,20,North America,Partnership,0,
CUST2049,Standard,2024-01-01,2025-12-05,50,Europe,Referral,1,2024-06-26
CUST2050,Standard,2024-07-08,2025-04-05,50,APAC,Organic,0,
CUST2051,Standard,2024-06-06,2026-06-07,50,North America,Paid Ads,0,
CUST2052,Standard,2024-06-12,2025-06-29,50,North America,Referral,1,2025-03-21
CUST2053,Premium,2025-04-28,2027-04-12,100,LATAM,Paid Ads,0,
CUST2054,Standard,2025-01-31,2025-07-11,50,Europe,Organic,0,
CUST2055,Basic,2024-10-16,2027-03-04,20,LATAM,Partnership,0,
CUST2056,Standard,2024-12-21,2026-06-04,50,LATAM,Organic,0,
CUST2057,Premium,2024-07-01,2026-09-25,100,North America,Paid Ads,0,
CUST2058,Standard,2025-02-11,2025-05-31,50,APAC,Organic,0,
CUST2059,Basic,2024-02-15,2024-10-18,20,LATAM,Paid Ads,0,
CUST2060,Basic,2024-07-03,2025-10-11,20,APAC,Referral,0,
CUST2061,Standard,2024-02-05,2024-11-28,50,LATAM,Referral,0,
CUST2062,Standard,2025-02-11,2027-02-09,50,Europe,Paid Ads,0,
CUST2063,Basic,2024-12-20,2026-12-22,20,LATAM,Organic,0,
CUST2064,Premium,2024-06-13,2025-06-04,100,LATAM,Organic,1,2025-02-28
CUST2065,Standard,2025-05-12,2027-04-11,50,LATAM,Organic,0,
CUST2066,Standard,2024-11-06,2026-02-14,50,LATAM,Organic,0,
CUST2067,Premium,2025-05-29,2026-07-14,100,North America,Referral,0,
CUST2068,Premium,2024-04-24,2026-08-06,100,APAC,Partnership,0,
CUST2069,Standard,2024-06-02,2024-07-09,50,LATAM,Organic,0,
CUST2070,Premium,2025-04-10,2026-07-29,100,APAC,Paid Ads,1,2025-09-02
CUST2071,Basic,2025-04-16,2026-05-26,20,North America,Referral,1,2026-02-17
CUST2072,Premium,2025-03-11,2026-03-21,100,APAC,Partnership,0,
CUST2073,Basic,2024-10-27,2025-11-26,20,APAC,Paid Ads,0,
CUST2074,Standard,2024-02-06,2025-11-07,50,APAC,Partnership,1,2024-03-15
CUST2075,Premium,2024-06-28,2024-10-22,100,LATAM,Paid Ads,0,
CUST2076,Basic,2025-03-17,2026-01-22,20,Europe,Referral,0,
CUST2077,Standard,2024-02-11,2024-05-29,50,Europe,Referral,0,
CUST2078,Basic,2025-01-26,2026-08-03,20,Europe,Organic,0,
CUST2079,Basic,2025-03-08,2026-05-22,20,APAC,Partnership,1,2026-03-26
CUST2080,Standard,2024-04-29,2026-08-19,50,North America,Referral,0,
CUST2081,Standard,2024-02-20,2025-04-08,50,APAC,Paid Ads,0,
CUST2082,Basic,2024-07-09,2025-05-18,20,LATAM,Partnership,0,
CUST2083,Basic,2024-10-18,2025-08-23,20,LATAM,Paid Ads,1,2025-02-02
CUST2084,Basic,2024-10-08,2025-08-07,20,LATAM,Paid Ads,0,
CUST2085,Premium,2024-08-14,2025-05-01,100,APAC,Organic,1,2025-01-28
CUST2086,Basic,2025-04-16,2027-01-08,20,North America,Partnership,0,
CUST2087,Premium,2025-05-02,2026-12-24,100,APAC,Referral,1,2026-04-16
CUST2088,Standard,2024-06-04,2025-10-20,50,APAC,Referral,0,
CUST2089,Standard,2025-02-03,2025-11-21,50,Europe,Paid Ads,0,
CUST2090,Premium,2024-12-19,2025-04-13,100,North America,Referral,0,
CUST2091,Premium,2024-10-25,2027-01-01,100,APAC,Partnership,0,
CUST2092,Premium,2024-06-08,2026-04-08,100,LATAM,Organic,0,
CUST2093,Premium,2025-03-01,2027-05-23,100,APAC,Referral,1,2025-12-17
CUST2094,Premium,2025-01-19,2026-08-22,100,LATAM,Paid Ads,1,2025-05-26
CUST2095,Basic,2024-08-04,2024-12-25,20,LATAM,Paid Ads,0,
CUST2096,Basic,2025-02-22,2026-03-19,20,Europe,Referral,0,
CUST2097,Standard,2025-01-06,2026-11-12,50,APAC,Partnership,1,2026-10-17
CUST2098,Premium,2024-08-18,2025-11-04,100,APAC,Referral,0,
CUST2099,Standard,2024-06-09,2025-01-06,50,APAC,Referral,0,
CUST2100,Basic,2024-06-25,2026-06-24,20,APAC,Referral,0,
CUST2101,Standard,2025-02-24,2025-10-05,50,LATAM,Referral,0,
CUST2102,Premium,2025-05-30,2025-09-19,100,Europe,Paid Ads,0,
CUST2103,Premium,2024-11-28,2026-09-13,100,LATAM,Organic,0,
CUST2104,Premium,2025-01-14,2025-03-08,100,LATAM,Organic,0,
CUST2105,Premium,2024-06-14,2025-10-25,100,LATAM,Paid Ads,0,
CUST2106,Basic,2024-07-23,2025-07-18,20,Europe,Referral,1,2024-08-26
CUST2107,Basic,2025-04-15,2026-01-20,20,Europe,Referral,0,
CUST2108,Standard,2025-04-17,2026-10-11,50,Europe,Paid Ads,0,
CUST2109,Premium,2024-09-07,2026-01-23,100,APAC,Paid Ads,0,
CUST2110,Basic,2025-02-20,2026-09-05,20,North America,Organic,0,
CUST2111,Standard,2024-09-23,2026-10-26,50,North America,Referral,0,
CUST2112,Premium,2025-05-07,2027-10-01,100,North America,Referral,0,
CUST2113,Standard,2025-01-07,2026-03-22,50,LATAM,Organic,0,
CUST2114,Premium,2024-05-07,2024-09-20,100,LATAM,Referral,1,2024-07-14
CUST2115,Premium,2025-01-10,2026-04-07,100,North America,Paid Ads,0,
CUST2116,Basic,2024-08-03,2025-05-30,20,Europe,Referral,1,2024-09-10
CUST2117,Standard,2024-09-23,2025-10-08,50,LATAM,Paid Ads,0,
CUST2118,Standard,2024-09-21,2026-05-25,50,APAC,Referral,0,
CUST2119,Basic,2024-10-22,2024-12-17,20,Europe,Paid Ads,0,
CUST2120,Standard,2024-11-10,2026-12-13,50,APAC,Partnership,0,
CUST2121,Premium,2025-03-26,2027-03-15,100,APAC,Referral,0,
CUST2122,Premium,2024-10-26,2025-12-23,100,Europe,Paid Ads,0,
CUST2123,Basic,2024-11-06,2025-05-06,20,North America,Paid Ads,0,
CUST2124,Standard,2025-05-03,2027-02-25,50,APAC,Referral,0,
CUST2125,Standard,2025-01-18,2026-03-11,50,Europe,Partnership,0,
CUST2126,Standard,2024-06-28,2025-12-05,50,Europe,Referral,0,
CUST2127,Basic,2024-08-18,2025-07-30,20,North America,Partnership,0,
CUST2128,Basic,2024-07-20,2025-08-19,20,APAC,Organic,0,
CUST2129,Premium,2024-07-26,2025-09-01,100,North America,Paid Ads,0,
CUST2130,Standard,2024-03-09,2025-01-10,50,North America,Partnership,0,
CUST2131,Premium,2025-04-02,2026-12-03,100,North America,Organic,0,
CUST2132,Basic,2024-09-07,2025-05-28,20,APAC,Paid Ads,0,
CUST2133,Standard,2024-09-29,2026-05-17,50,Europe,Organic,0,
CUST2134,Premium,2024-05-15,2025-12-01,100,Europe,Organic,0,
CUST2135,Basic,2025-05-03,2026-09-20,20,Europe,Paid Ads,1,2026-07-29
CUST2136,Basic,2024-07-20,2025-12-21,20,APAC,Organic,1,2024-10-14
CUST2137,Standard,2024-08-08,2026-05-12,50,Europe,Organic,0,
CUST2138,Premium,2024-04-24,2026-05-31,100,North America,Referral,0,
CUST2139,Premium,2024-01-01,2024-10-14,100,Europe,Referral,0,
CUST2140,Premium,2024-06-29,2025-06-30,100,APAC,Referral,0,
CUST2141,Premium,2024-09-27,2026-04-24,100,APAC,Partnership,0,
CUST2142,Standard,2024-04-24,2026-07-07,50,APAC,Referral,0,
CUST2143,Standard,2025-04-26,2026-10-15,50,North America,Partnership,0,
CUST2144,Basic,2024-04-06,2025-08-02,20,LATAM,Partnership,0,
CUST2145,Premium,2024-04-21,2026-07-11,100,Europe,Paid Ads,0,
CUST2146,Standard,2025-04-28,2025-09-10,50,APAC,Partnership,0,
CUST2147,Premium,2024-11-27,2025-06-05,100,Europe,Paid Ads,0,
CUST2148,Standard,2024-06-09,2025-06-07,50,Europe,Paid Ads,0,
CUST2149,Standard,2024-08-22,2025-06-17,50,LATAM,Partnership,0,
CUST2150,Standard,2024-11-09,2025-11-15,50,APAC,Paid Ads,0,
CUST2151,Premium,2024-11-11,2026-02-19,100,APAC,Referral,0,
CUST2152,Standard,2024-02-26,2025-05-19,50,North America,Referral,0,
CUST2153,Basic,2024-01-20,2026-06-06,20,LATAM,Partnership,0,
CUST2154,Basic,2025-01-17,2025-03-12,20,APAC,Partnership,0,
CUST2155,Standard,2024-08-08,2026-06-01,50,APAC,Paid Ads,0,
CUST2156,Standard,2024-09-05,2025-03-18,50,North America,Organic,0,
CUST2157,Standard,2025-02-03,2027-02-07,50,LATAM,Organic,0,
CUST2158,Premium,2024-10-13,2026-07-26,100,LATAM,Paid Ads,0,
CUST2159,Basic,2024-12-16,2025-10-24,20,North America,Organic,0,
CUST2160,Standard,2025-04-28,2025-10-12,50,APAC,Organic,0,
CUST2161,Basic,2024-06-04,2024-12-05,20,APAC,Referral,0,
CUST2162,Premium,2025-03-24,2025-12-30,100,Europe,Organic,0,
CUST2163,Premium,2024-01-23,2024-07-14,100,APAC,Partnership,0,
CUST2164,Basic,2025-04-01,2027-06-05,20,APAC,Partnership,0,
CUST2165,Basic,2024-08-21,2026-01-04,20,APAC,Referral,0,
CUST2166,Basic,2024-01-24,2024-07-15,20,APAC,Partnership,1,2024-05-09
CUST2167,Standard,2024-02-19,2026-07-19,50,LATAM,Referral,0,
CUST2168,Premium,2025-03-23,2025-05-24,100,APAC,Organic,0,
CUST2169,Standard,2024-12-07,2026-10-17,50,LATAM,Partnership,1,2025-02-23
CUST2170,Premium,2024-06-11,2026-10-06,100,North America,Organic,0,
CUST2171,Basic,2024-03-15,2026-06-08,20,LATAM,Paid Ads,0,
CUST2172,Standard,2024-06-04,2026-05-01,50,LATAM,Referral,0,
CUST2173,Basic,2025-03-18,2025-05-08,20,APAC,Referral,0,
CUST2174,Standard,2024-01-20,2024-02-27,50,North America,Referral,0,
CUST2175,Standard,2024-08-16,2026-05-06,50,Europe,Partnership,0,
CUST2176,Standard,2024-12-29,2027-01-30,50,LATAM,Paid Ads,0,
CUST2177,Basic,2024-07-30,2025-07-10,20,Europe,Paid Ads,0,
CUST2178,Basic,2024-12-22,2025-04-01,20,North America,Paid Ads,0,
CUST2179,Standard,2024-07-25,2025-06-30,50,Europe,Paid Ads,0,
CUST2180,Standard,2024-12-29,2025-02-24,50,Europe,Paid Ads,1,2025-01-27
CUST2181,Basic,2025-03-30,2027-05-30,20,LATAM,Organic,0,
CUST2182,Basic,2025-04-02,2026-07-25,20,LATAM,Organic,0,
CUST2183,Basic,2024-04-05,2024-10-31,20,LATAM,Organic,0,
CUST2184,Premium,2024-08-02,2025-01-02,100,North America,Paid Ads,0,
CUST2185,Premium,2025-03-01,2025-10-12,100,APAC,Partnership,0,
CUST2186,Basic,2024-09-18,2026-03-22,20,APAC,Referral,1,2025-12-30
CUST2187,Basic,2025-03-06,2026-05-19,20,North America,Referral,0,
CUST2188,Basic,2024-11-13,2027-04-18,20,APAC,Partnership,1,2027-04-01
CUST2189,Premium,2024-03-27,2026-02-21,100,APAC,Paid Ads,0,
CUST2190,Standard,2024-10-08,2026-11-24,50,LATAM,Organic,0,
CUST2191,Standard,2024-09-11,2025-04-10,50,North America,Paid Ads,0,
CUST2192,Basic,2025-04-26,2027-07-15,20,Europe,Paid Ads,1,2026-12-28
CUST2193,Basic,2025-02-28,2027-07-21,20,APAC,Partnership,0,
CUST2194,Basic,2024-07-04,2025-08-11,20,Europe,Paid Ads,0,
CUST2195,Basic,2025-05-24,2026-01-17,20,Europe,Organic,0,
CUST2196,Premium,2024-11-24,2025-01-22,100,APAC,Partnership,0,
CUST2197,Standard,2024-02-05,2026-03-28,50,North America,Referral,0,
CUST2198,Standard,2024-06-22,2024-12-30,50,North America,Referral,1,2024-09-20
CUST2199,Basic,2024-03-08,2024-07-31,20,North America,Referral,0,
CUST2200,Standard,2024-05-17,2026-02-23,50,LATAM,Referral,0,
CUST2201,Basic,2025-04-25,2026-02-12,20,APAC,Referral,1,2026-01-27
CUST2202,Standard,2025-05-19,2027-07-24,50,North America,Referral,0,
CUST2203,Premium,2024-08-12,2026-02-20,100,Europe,Paid Ads,1,2025-01-06
CUST2204,Basic,2025-02-17,2026-01-02,20,North America,Organic,0,
CUST2205,Basic,2024-09-13,2025-04-20,20,Europe,Paid Ads,0,
CUST2206,Standard,2024-09-30,2026-12-17,50,APAC,Referral,0,
CUST2207,Standard,2024-05-28,2026-02-10,50,LATAM,Partnership,0,
CUST2208,Basic,2024-07-21,2025-02-22,20,LATAM,Organic,1,2024-12-31
CUST2209,Basic,2025-02-10,2026-02-05,20,Europe,Paid Ads,1,2025-10-15
CUST2210,Standard,2025-02-19,2026-06-26,50,APAC,Paid Ads,0,
CUST2211,Standard,2024-04-30,2026-07-01,50,APAC,Referral,0,
CUST2212,Premium,2024-07-09,2025-04-26,100,APAC,Partnership,0,
CUST2213,Standard,2024-12-16,2027-03-07,50,LATAM,Organic,0,
CUST2214,Basic,2024-01-27,2025-09-04,20,APAC,Referral,1,2024-09-16
CUST2215,Standard,2024-10-29,2025-04-06,50,North America,Organic,0,
CUST2216,Standard,2024-03-25,2025-09-22,50,LATAM,Referral,0,
CUST2217,Premium,2024-08-15,2026-11-17,100,Europe,Paid Ads,1,2026-09-06
CUST2218,Premium,2024-02-18,2026-06-16,100,APAC,Paid Ads,0,
CUST2219,Premium,2025-01-18,2025-07-29,100,Europe,Paid Ads,1,2025-03-02
CUST2220,Premium,2025-03-10,2025-11-02,100,Europe,Paid Ads,0,
CUST2221,Standard,2025-03-07,2026-08-06,50,APAC,Referral,0,
CUST2222,Basic,2024-03-17,2024-12-29,20,APAC,Organic,0,
CUST2223,Premium,2024-03-09,2024-06-07,100,APAC,Paid Ads,0,
CUST2224,Basic,2024-06-13,2026-09-03,20,Europe,Referral,0,
CUST2225,Basic,2025-03-05,2026-05-09,20,LATAM,Paid Ads,0,
CUST2226,Basic,2024-08-19,2025-06-27,20,APAC,Organic,1,2025-03-13
CUST2227,Basic,2025-03-30,2025-09-21,20,Europe,Paid Ads,0,
CUST2228,Standard,2024-11-14,2026-06-03,50,North America,Organic,1,2026-03-12
CUST2229,Basic,2024-05-07,2025-12-12,20,LATAM,Partnership,0,
CUST2230,Standard,2024-12-15,2025-10-19,50,Europe,Organic,0,
CUST2231,Basic,2024-04-25,2026-02-25,20,LATAM,Partnership,0,
CUST2232,Premium,2024-10-25,2025-07-12,100,Europe,Referral,0,
CUST2233,Basic,2025-05-21,2027-10-24,20,APAC,Paid Ads,0,
CUST2234,Standard,2024-04-17,2026-07-14,50,LATAM,Organic,0,
CUST2235,Premium,2024-12-02,2026-03-06,100,APAC,Partnership,0,
CUST2236,Standard,2024-01-14,2024-05-26,50,APAC,Organic,0,
CUST2237,Standard,2024-08-14,2026-05-11,50,Europe,Referral,0,
CUST2238,Standard,2025-01-19,2026-11-01,50,North America,Referral,0,
CUST2239,Premium,2024-04-20,2026-01-14,100,LATAM,Organic,0,
CUST2240,Premium,2024-04-30,2026-07-21,100,North America,Organic,0,
CUST2241,Premium,2024-02-10,2025-03-01,100,LATAM,Referral,0,
CUST2242,Standard,2025-02-12,2027-06-24,50,LATAM,Organic,0,
CUST2243,Premium,2024-08-09,2026-04-11,100,LATAM,Organic,0,
CUST2244,Premium,2024-10-26,2026-01-21,100,APAC,Organic,0,
CUST2245,Premium,2025-01-02,2027-05-20,100,LATAM,Partnership,0,
CUST2246,Standard,2025-04-01,2027-07-12,50,Europe,Partnership,1,2026-07-15
CUST2247,Premium,2024-08-02,2026-03-26,100,APAC,Paid Ads,0,
CUST2248,Premium,2024-12-22,2027-03-31,100,APAC,Referral,0,
CUST2249,Standard,2024-12-26,2026-10-18,50,North America,Partnership,0,
CUST2250,Basic,2024-04-13,2026-05-22,20,APAC,Partnership,1,2025-06-03
CUST2251,Standard,2025-01-26,2025-09-20,50,LATAM,Paid Ads,0,
CUST2252,Premium,2024-12-11,2027-04-15,100,LATAM,Partnership,0,
CUST2253,Standard,2024-11-26,2025-01-11,50,Europe,Paid Ads,1,2025-01-03
CUST2254,Standard,2025-02-11,2026-12-06,50,APAC,Paid Ads,0,
CUST2255,Basic,2025-02-18,2025-12-14,20,North America,Organic,1,2025-08-12
CUST2256,Premium,2024-05-16,2025-07-14,100,APAC,Referral,1,2025-05-28
CUST2257,Standard,2024-08-18,2025-12-14,50,North America,Partnership,0,
CUST2258,Basic,2024-01-27,2025-07-16,20,Europe,Partnership,0,
CUST2259,Premium,2024-08-19,2025-12-12,100,Europe,Paid Ads,0,
CUST2260,Basic,2024-10-30,2025-08-05,20,Europe,Organic,0,
CUST2261,Premium,2025-02-28,2026-10-20,100,LATAM,Referral,0,
CUST2262,Premium,2024-07-09,2026-12-24,100,Europe,Referral,0,
CUST2263,Standard,2025-01-07,2027-05-09,50,LATAM,Partnership,0,
CUST2264,Standard,2024-08-28,2025-08-20,50,APAC,Partnership,0,
CUST2265,Basic,2024-09-09,2027-01-01,20,Europe,Partnership,0,
CUST2266,Basic,2024-11-17,2025-04-03,20,North America,Referral,0,
CUST2267,Premium,2024-08-17,2026-01-05,100,Europe,Partnership,0,
CUST2268,Basic,2025-05-24,2027-02-18,20,LATAM,Referral,0,
CUST2269,Basic,2024-02-28,2025-03-19,20,North America,Referral,0,
CUST2270,Premium,2024-12-28,2025-04-03,100,Europe,Organic,0,
CUST2271,Standard,2025-05-17,2026-08-31,50,APAC,Organic,0,
CUST2272,Basic,2025-04-07,2026-03-20,20,LATAM,Paid Ads,0,
CUST2273,Premium,2024-08-26,2026-05-01,100,APAC,Partnership,0,
CUST2274,Premium,2024-11-18,2024-12-24,100,LATAM,Paid Ads,0,
CUST2275,Basic,2024-03-13,2025-12-31,20,APAC,Organic,1,2025-05-11
CUST2276,Premium,2024-09-11,2026-06-18,100,Europe,Paid Ads,0,
CUST2277,Basic,2025-05-21,2027-07-06,20,Europe,Organic,1,2025-08-21
CUST2278,Basic,2025-02-21,2026-04-17,20,LATAM,Referral,0,
CUST2279,Basic,2024-04-08,2025-03-22,20,APAC,Paid Ads,0,
CUST2280,Premium,2025-05-26,2025-09-25,100,LATAM,Partnership,0,
CUST2281,Standard,2024-12-25,2026-11-17,50,Europe,Paid Ads,0,
CUST2282,Standard,2024-09-20,2024-11-09,50,LATAM,Organic,0,
CUST2283,Basic,2024-04-07,2024-10-26,20,North America,Partnership,1,2024-08-21
CUST2284,Basic,2025-01-28,2026-01-06,20,North America,Partnership,1,2025-11-15
CUST2285,Premium,2024-06-25,2025-02-03,100,APAC,Organic,0,
CUST2286,Standard,2024-12-19,2025-04-27,50,Europe,Paid Ads,0,
CUST2287,Basic,2025-03-27,2027-04-19,20,APAC,Paid Ads,0,
CUST2288,Basic,2024-02-01,2025-11-29,20,Europe,Referral,1,2025-08-05
CUST2289,Basic,2024-04-20,2025-05-12,20,APAC,Partnership,0,
CUST2290,Premium,2025-05-24,2026-01-06,100,Europe,Organic,0,
CUST2291,Premium,2025-02-02,2027-05-15,100,APAC,Referral,0,
CUST2292,Basic,2024-09-09,2025-10-18,20,North America,Partnership,1,2025-05-19
CUST2293,Basic,2025-01-01,2025-04-01,20,LATAM,Organic,0,
CUST2294,Standard,2024-11-24,2026-06-16,50,North America,Organic,0,
CUST2295,Premium,2024-10-16,2025-10-09,100,LATAM,Paid Ads,1,2025-01-26
CUST2296,Standard,2025-03-21,2026-05-11,50,LATAM,Referral,1,2025-04-03
CUST2297,Standard,2025-05-10,2027-02-23,50,North America,Partnership,0,
CUST2298,Standard,2024-02-12,2024-09-21,50,APAC,Organic,0,
CUST2299,Standard,2024-02-19,2025-09-18,50,Europe,Partnership,1,2024-12-26
CUST2300,Standard,2024-02-23,2026-07-15,50,Europe,Partnership,0,
CUST2301,Standard,2024-02-15,2024-10-21,50,Europe,Partnership,1,2024-10-16
CUST2302,Basic,2024-03-15,2026-04-15,20,Europe,Partnership,0,
CUST2303,Basic,2025-01-25,2025-09-22,20,North America,Organic,0,
CUST2304,Basic,2024-09-03,2026-08-09,20,APAC,Organic,0,
CUST2305,Standard,2024-08-21,2025-10-05,50,Europe,Referral,0,
CUST2306,Standard,2024-05-25,2026-02-27,50,North America,Paid Ads,0,
CUST2307,Premium,2024-11-13,2025-07-10,100,APAC,Referral,0,
CUST2308,Premium,2024-01-11,2025-04-10,100,APAC,Referral,0,
CUST2309,Standard,2025-05-14,2026-02-27,50,APAC,Paid Ads,0,
CUST2310,Premium,2025-04-04,2025-09-12,100,LATAM,Organic,0,
CUST2311,Basic,2024-04-28,2024-11-06,20,North America,Organic,0,
CUST2312,Standard,2024-12-01,2025-06-20,50,North America,Paid Ads,0,
CUST2313,Standard,2024-10-20,2025-09-06,50,LATAM,Partnership,0,
CUST2314,Standard,2025-02-08,2027-06-30,50,North America,Organic,0,
CUST2315,Basic,2024-07-24,2024-12-31,20,North America,Referral,0,
CUST2316,Basic,2024-04-21,2024-09-12,20,LATAM,Referral,0,
CUST2317,Standard,2024-03-10,2024-12-12,50,Europe,Organic,0,
CUST2318,Standard,2025-03-28,2026-12-29,50,LATAM,Paid Ads,0,
CUST2319,Premium,2024-11-21,2025-02-03,100,Europe,Paid Ads,0,
CUST2320,Basic,2024-06-28,2025-07-21,20,APAC,Partnership,0,
CUST2321,Premium,2025-01-24,2025-07-29,100,North America,Referral,0,
CUST2322,Premium,2024-07-07,2026-05-10,100,North America,Paid Ads,0,
CUST2323,Premium,2025-03-27,2025-07-06,100,LATAM,Organic,0,
CUST2324,Premium,2024-05-26,2026-01-06,100,APAC,Paid Ads,0,
CUST2325,Basic,2025-02-23,2026-09-06,20,North America,Organic,0,
CUST2326,Premium,2025-01-14,2025-03-24,100,Europe,Partnership,1,2025-01-28
CUST2327,Premium,2025-01-25,2025-02-27,100,Europe,Organic,0,
CUST2328,Standard,2024-02-06,2025-10-05,50,North America,Paid Ads,0,
CUST2329,Basic,2024-10-16,2026-10-18,20,LATAM,Referral,0,
CUST2330,Standard,2024-09-13,2025-10-01,50,Europe,Referral,0,
CUST2331,Premium,2024-06-05,2025-10-13,100,LATAM,Referral,0,
CUST2332,Standard,2024-10-20,2026-09-02,50,Europe,Paid Ads,0,
CUST2333,Standard,2025-01-11,2027-03-09,50,APAC,Paid Ads,1,2025-11-15
CUST2334,Basic,2025-02-24,2027-03-23,20,North America,Referral,0,
CUST2335,Basic,2024-12-27,2025-08-27,20,LATAM,Paid Ads,0,
CUST2336,Standard,2025-04-08,2026-08-05,50,LATAM,Referral,0,
CUST2337,Standard,2024-11-29,2026-11-10,50,APAC,Partnership,0,
CUST2338,Premium,2024-08-10,2026-09-08,100,Europe,Paid Ads,0,
CUST2339,Basic,2025-02-22,2026-04-11,20,APAC,Referral,0,
CUST2340,Basic,2025-04-26,2025-09-14,20,LATAM,Paid Ads,0,
CUST2341,Standard,2024-02-22,2024-10-13,50,APAC,Referral,0,
CUST2342,Premium,2025-03-18,2025-10-18,100,Europe,Referral,0,
CUST2343,Basic,2024-06-25,2025-04-30,20,Europe,Referral,0,
CUST2344,Premium,2024-07-21,2025-01-21,100,Europe,Referral,0,
CUST2345,Standard,2025-05-13,2026-05-01,50,Europe,Paid Ads,0,
CUST2346,Premium,2024-03-07,2024-07-02,100,North America,Organic,1,2024-06-26
CUST2347,Basic,2024-11-16,2025-12-16,20,APAC,Organic,0,
CUST2348,Basic,2024-03-08,2025-04-13,20,Europe,Partnership,0,
CUST2349,Standard,2024-12-12,2027-01-01,50,LATAM,Referral,0,
CUST2350,Standard,2024-06-04,2024-12-18,50,North America,Paid Ads,0,
CUST2351,Premium,2025-04-25,2027-05-11,100,LATAM,Paid Ads,0,
CUST2352,Premium,2024-05-30,2025-09-27,100,Europe,Organic,1,2024-06-20
CUST2353,Basic,2025-01-23,2026-06-25,20,LATAM,Referral,0,
CUST2354,Basic,2024-07-05,2025-11-05,20,APAC,Referral,0,
CUST2355,Standard,2024-03-28,2025-05-10,50,APAC,Partnership,1,2024-06-06
CUST2356,Premium,2024-06-02,2024-10-23,100,APAC,Referral,0,
CUST2357,Premium,2024-10-26,2026-11-23,100,Europe,Partnership,0,
CUST2358,Basic,2024-01-17,2025-11-13,20,APAC,Referral,0,
CUST2359,Standard,2024-09-15,2025-04-29,50,Europe,Partnership,0,
CUST2360,Premium,2024-11-22,2025-06-10,100,North America,Referral,1,2025-01-23
CUST2361,Premium,2025-04-04,2026-07-21,100,APAC,Partnership,0,
CUST2362,Standard,2024-12-06,2026-07-23,50,LATAM,Organic,1,2024-12-17
CUST2363,Premium,2025-01-24,2025-09-15,100,North America,Partnership,0,
CUST2364,Standard,2024-10-03,2026-10-16,50,LATAM,Organic,0,
CUST2365,Standard,2024-12-16,2025-05-30,50,LATAM,Referral,0,
CUST2366,Premium,2025-05-15,2026-03-29,100,APAC,Paid Ads,0,
CUST2367,Standard,2024-04-26,2024-06-18,50,North America,Partnership,0,
CUST2368,Basic,2024-06-30,2025-08-16,20,Europe,Organic,1,2025-04-19
CUST2369,Basic,2024-01-10,2026-02-18,20,North America,Organic,1,2024-12-25
CUST2370,Premium,2025-04-16,2027-02-21,100,North America,Paid Ads,0,
CUST2371,Premium,2024-02-27,2026-03-19,100,North America,Organic,1,2024-05-21
CUST2372,Basic,2024-01-04,2025-04-21,20,North America,Organic,0,
CUST2373,Basic,2024-03-22,2025-05-22,20,Europe,Organic,0,
CUST2374,Premium,2024-07-21,2026-08-15,100,Europe,Referral,0,
CUST2375,Premium,2024-10-21,2026-12-09,100,Europe,Referral,0,
CUST2376,Basic,2024-01-07,2024-04-27,20,LATAM,Paid Ads,0,
CUST2377,Basic,2024-07-12,2026-07-28,20,APAC,Paid Ads,1,2024-09-28
CUST2378,Basic,2024-08-21,2025-03-05,20,Europe,Partnership,0,
CUST2379,Premium,2024-10-19,2025-06-29,100,APAC,Referral,0,
CUST2380,Standard,2024-09-14,2025-07-29,50,Europe,Organic,0,
CUST2381,Basic,2025-05-20,2026-06-06,20,North America,Organic,0,
CUST2382,Basic,2025-04-01,2025-05-13,20,LATAM,Organic,0,
CUST2383,Premium,2025-01-05,2027-01-19,100,North America,Partnership,0,
CUST2384,Premium,2024-11-22,2026-03-28,100,North America,Partnership,0,
CUST2385,Standard,2024-11-03,2027-01-23,50,APAC,Referral,0,
CUST2386,Premium,2024-06-23,2024-09-04,100,Europe,Paid Ads,0,
CUST2387,Standard,2024-11-28,2027-03-23,50,LATAM,Referral,0,
CUST2388,Standard,2025-04-08,2025-10-11,50,LATAM,Referral,1,2025-07-16
CUST2389,Standard,2024-11-20,2026-01-14,50,North America,Paid Ads,0,
CUST2390,Premium,2025-01-09,2025-02-22,100,Europe,Referral,0,
CUST2391,Premium,2024-07-07,2025-03-16,100,Europe,Paid Ads,1,2024-10-16
CUST2392,Standard,2024-12-11,2025-07-31,50,Europe,Partnership,1,2025-03-22
CUST2393,Basic,2024-08-21,2025-04-02,20,APAC,Partnership,0,
CUST2394,Premium,2025-03-21,2025-09-30,100,LATAM,Referral,0,
CUST2395,Premium,2024-04-18,2024-07-25,100,North America,Partnership,0,
CUST2396,Premium,2024-05-24,2025-02-18,100,LATAM,Partnership,0,
CUST2397,Standard,2025-05-17,2025-06-29,50,Europe,Referral,0,
CUST2398,Premium,2024-11-14,2026-11-14,100,Europe,Partnership,0,
CUST2399,Premium,2024-10-15,2025-10-29,100,North America,Paid Ads,0,
CUST2400,Premium,2025-04-29,2025-08-01,100,Europe,Partnership,1,2025-06-16
CUST2401,Standard,2024-11-30,2026-12-04,50,Europe,Paid Ads,0,
CUST2402,Standard,2024-12-14,2026-08-27,50,LATAM,Partnership,0,
CUST2403,Premium,2024-11-25,2027-03-05,100,Europe,Paid Ads,0,
CUST2404,Basic,2025-05-15,2027-01-11,20,Europe,Paid Ads,0,
CUST2405,Basic,2025-01-28,2027-04-06,20,APAC,Organic,1,2025-12-24
CUST2406,Basic,2024-09-29,2025-01-05,20,LATAM,Referral,0,
CUST2407,Basic,2025-01-07,2027-06-24,20,APAC,Paid Ads,0,
CUST2408,Standard,2024-01-04,2025-01-03,50,Europe,Paid Ads,0,
CUST2409,Premium,2024-10-06,2025-09-28,100,LATAM,Paid Ads,0,
CUST2410,Standard,2024-05-03,2025-03-31,50,Europe,Paid Ads,0,
CUST2411,Premium,2024-09-11,2026-12-29,100,Europe,Partnership,0,
CUST2412,Premium,2024-09-24,2025-05-21,100,North America,Partnership,1,2024-10-01
CUST2413,Basic,2025-01-12,2026-06-02,20,LATAM,Organic,0,
CUST2414,Basic,2024-06-09,2026-03-09,20,LATAM,Referral,0,
CUST2415,Standard,2025-04-11,2026-02-17,50,North America,Partnership,0,
CUST2416,Premium,2024-06-15,2026-03-07,100,LATAM,Partnership,1,2024-07-03
CUST2417,Basic,2025-05-03,2026-06-14,20,North America,Partnership,1,2026-05-07
CUST2418,Standard,2024-11-27,2026-02-05,50,North America,Referral,0,
CUST2419,Premium,2024-11-27,2026-07-29,100,North America,Partnership,0,
CUST2420,Basic,2025-05-23,2025-08-26,20,North America,Paid Ads,0,
CUST2421,Basic,2024-06-16,2026-07-16,20,Europe,Organic,0,
CUST2422,Standard,2024-03-24,2025-06-19,50,APAC,Partnership,0,
CUST2423,Basic,2024-03-04,2025-09-22,20,LATAM,Referral,0,
CUST2424,Standard,2024-07-31,2025-12-02,50,Europe,Organic,0,
CUST2425,Standard,2024-02-27,2026-01-17,50,Europe,Paid Ads,0,
CUST2426,Basic,2025-05-05,2025-07-17,20,North America,Paid Ads,1,2025-06-04
CUST2427,Basic,2024-11-26,2026-01-26,20,Europe,Partnership,0,
CUST2428,Premium,2024-10-23,2026-04-10,100,LATAM,Organic,1,2025-12-22
CUST2429,Premium,2024-07-23,2026-04-17,100,North America,Organic,1,2025-03-16
CUST2430,Premium,2024-12-23,2027-01-10,100,LATAM,Organic,1,2026-01-04
CUST2431,Premium,2024-08-05,2025-02-06,100,Europe,Referral,0,
CUST2432,Premium,2025-01-18,2026-07-25,100,APAC,Partnership,0,
CUST2433,Basic,2024-07-19,2025-07-18,20,APAC,Partnership,0,
CUST2434,Standard,2025-04-07,2025-06-05,50,North America,Partnership,0,
CUST2435,Premium,2024-07-08,2024-11-30,100,LATAM,Paid Ads,1,2024-08-05
CUST2436,Premium,2024-11-01,2027-04-02,100,Europe,Paid Ads,0,
CUST2437,Basic,2025-04-19,2025-07-13,20,APAC,Partnership,0,
CUST2438,Basic,2024-01-25,2025-01-06,20,APAC,Paid Ads,1,2024-04-27
CUST2439,Standard,2025-02-01,2027-03-10,50,Europe,Referral,0,
CUST2440,Standard,2025-05-06,2026-12-31,50,Europe,Referral,0,
CUST2441,Premium,2024-04-19,2024-05-19,100,Europe,Organic,0,
CUST2442,Premium,2024-10-07,2024-11-06,100,North America,Organic,0,
CUST2443,Standard,2024-02-24,2025-04-05,50,Europe,Organic,0,
CUST2444,Basic,2024-03-18,2025-01-28,20,LATAM,Partnership,0,
CUST2445,Basic,2024-05-02,2025-04-06,20,APAC,Organic,1,2024-12-22
CUST2446,Basic,2025-05-02,2025-11-26,20,North America,Organic,1,2025-05-25
CUST2447,Premium,2024-10-06,2025-08-08,100,Europe,Referral,1,2025-07-22
CUST2448,Standard,2024-08-08,2024-11-12,50,North America,Paid Ads,0,
CUST2449,Standard,2025-05-24,2026-09-08,50,North America,Organic,0,
CUST2450,Standard,2024-02-15,2026-01-17,50,Europe,Organic,1,2024-11-29
CUST2451,Premium,2024-07-26,2026-11-24,100,APAC,Referral,0,
CUST2452,Premium,2024-08-28,2026-09-03,100,APAC,Paid Ads,0,
CUST2453,Basic,2025-05-15,2027-09-02,20,North America,Referral,0,
CUST2454,Premium,2025-01-07,2025-05-07,100,North America,Partnership,0,
CUST2455,Standard,2025-01-17,2026-12-22,50,LATAM,Paid Ads,0,
CUST2456,Premium,2024-12-21,2026-03-12,100,Europe,Partnership,0,
CUST2457,Standard,2024-12-21,2027-03-16,50,APAC,Referral,0,
CUST2458,Premium,2025-01-03,2026-04-20,100,LATAM,Referral,1,2025-05-13
CUST2459,Basic,2025-04-22,2026-08-26,20,APAC,Partnership,0,
CUST2460,Premium,2024-12-17,2026-06-18,100,Europe,Organic,0,
CUST2461,Premium,2024-06-12,2026-10-07,100,Europe,Partnership,0,
CUST2462,Basic,2025-03-05,2025-07-27,20,LATAM,Organic,0,
CUST2463,Premium,2024-01-05,2024-10-21,100,North America,Organic,0,
CUST2464,Premium,2024-12-08,2026-05-22,100,Europe,Paid Ads,1,2025-12-26
CUST2465,Premium,2024-08-12,2026-04-24,100,LATAM,Referral,0,
CUST2466,Standard,2025-04-09,2025-10-15,50,North America,Paid Ads,0,
CUST2467,Basic,2025-05-22,2025-11-15,20,North America,Organic,0,
CUST2468,Premium,2025-02-19,2026-01-25,100,APAC,Paid Ads,0,
CUST2469,Premium,2024-01-25,2024-03-11,100,North America,Paid Ads,1,2024-02-02
CUST2470,Basic,2024-03-09,2024-12-23,20,Europe,Organic,0,
CUST2471,Basic,2025-02-16,2025-03-28,20,LATAM,Partnership,0,
CUST2472,Standard,2025-01-18,2025-09-18,50,APAC,Referral,0,
CUST2473,Premium,2025-05-18,2025-07-19,100,LATAM,Organic,0,
CUST2474,Standard,2025-04-29,2027-08-23,50,North America,Partnership,0,
CUST2475,Premium,2024-12-25,2026-12-26,100,North America,Referral,0,
CUST2476,Basic,2025-05-14,2027-07-30,20,LATAM,Organic,0,
CUST2477,Standard,2024-03-25,2024-12-31,50,APAC,Organic,0,
CUST2478,Premium,2025-01-23,2027-03-31,100,North America,Referral,0,
CUST2479,Premium,2024-11-26,2025-11-08,100,LATAM,Organic,0,
CUST2480,Premium,2025-02-24,2025-07-01,100,LATAM,Paid Ads,1,2025-03-13
CUST2481,Premium,2024-03-11,2025-09-06,100,North America,Referral,0,
CUST2482,Standard,2024-09-16,2026-06-07,50,LATAM,Organic,1,2026-02-28
CUST2483,Standard,2024-10-27,2025-05-11,50,Europe,Referral,1,2025-03-30
CUST2484,Standard,2024-06-07,2026-11-11,50,LATAM,Organic,1,2025-10-14
CUST2485,Standard,2025-01-31,2027-05-05,50,Europe,Organic,0,
CUST2486,Premium,2024-02-14,2025-01-18,100,Europe,Referral,0,
CUST2487,Standard,2025-03-31,2027-08-05,50,LATAM,Paid Ads,0,
CUST2488,Basic,2024-05-22,2024-11-03,20,North America,Paid Ads,0,
CUST2489,Premium,2025-05-23,2026-07-02,100,North America,Referral,0,
CUST2490,Standard,2024-04-18,2025-07-20,50,North America,Partnership,0,
CUST2491,Standard,2024-03-09,2024-06-13,50,LATAM,Referral,1,2024-06-03
CUST2492,Standard,2024-09-06,2025-02-23,50,LATAM,Referral,1,2024-10-18
CUST2493,Basic,2025-04-01,2027-03-07,20,Europe,Paid Ads,0,
CUST2494,Standard,2024-03-09,2026-06-25,50,APAC,Referral,0,
CUST2495,Premium,2024-02-10,2024-11-03,100,LATAM,Organic,0,
CUST2496,Standard,2024-01-12,2025-02-25,50,Europe,Referral,1,2025-02-19
CUST2497,Basic,2024-01-10,2024-12-15,20,North America,Partnership,0,
CUST2498,Basic,2025-05-06,2027-09-03,20,APAC,Paid Ads,0,
CUST2499,Premium,2025-05-05,2026-01-09,100,LATAM,Referral,1,2025-08-13
CUST2500,Premium,2024-05-10,2025-11-13,100,North America,Paid Ads,1,2024-07-19
CUST2501,Standard,2024-09-09,2026-07-12,50,North America,Paid Ads,0,
CUST2502,Premium,2024-09-25,2025-12-15,100,APAC,Paid Ads,1,2025-05-05
CUST2503,Basic,2024-01-29,2024-09-12,20,APAC,Referral,0,
CUST2504,Standard,2024-08-18,2026-10-23,50,LATAM,Referral,0,
CUST2505,Standard,2024-09-04,2026-06-09,50,LATAM,Paid Ads,0,
CUST2506,Standard,2024-02-01,2025-05-03,50,North America,Referral,1,2024-03-16
CUST2507,Premium,2025-01-13,2025-11-23,100,Europe,Organic,0,
CUST2508,Standard,2024-11-30,2025-11-10,50,APAC,Partnership,0,
CUST2509,Standard,2024-05-20,2025-10-12,50,LATAM,Referral,0,
CUST2510,Premium,2024-03-05,2024-12-17,100,LATAM,Partnership,0,
CUST2511,Standard,2024-11-16,2025-11-12,50,APAC,Paid Ads,0,
CUST2512,Premium,2024-11-09,2025-06-23,100,Europe,Partnership,0,
CUST2513,Premium,2024-09-27,2026-07-01,100,LATAM,Partnership,0,
CUST2514,Premium,2024-10-29,2025-06-10,100,Europe,Paid Ads,0,
CUST2515,Standard,2025-04-18,2027-01-03,50,APAC,Paid Ads,0,
CUST2516,Basic,2024-07-29,2026-05-02,20,APAC,Paid Ads,0,
CUST2517,Standard,2025-01-18,2025-10-26,50,Europe,Referral,0,
CUST2518,Premium,2024-12-15,2025-06-12,100,APAC,Referral,0,
CUST2519,Basic,2025-01-20,2027-06-01,20,APAC,Organic,0,
CUST2520,Standard,2024-07-12,2026-11-20,50,North America,Organic,0,
CUST2521,Standard,2025-03-06,2025-10-25,50,LATAM,Partnership,0,
CUST2522,Standard,2025-05-02,2026-08-22,50,LATAM,Organic,0,
CUST2523,Basic,2024-05-05,2025-06-09,20,Europe,Paid Ads,0,
CUST2524,Basic,2024-10-11,2025-02-28,20,North America,Organic,0,
CUST2525,Standard,2025-03-09,2025-11-03,50,Europe,Organic,1,2025-08-26
CUST2526,Premium,2024-04-24,2025-05-04,100,North America,Organic,0,
CUST2527,Premium,2025-03-16,2025-12-17,100,APAC,Partnership,0,
CUST2528,Premium,2024-08-30,2025-03-03,100,APAC,Partnership,1,2025-01-27
CUST2529,Standard,2025-01-27,2025-09-22,50,Europe,Paid Ads,0,
CUST2530,Basic,2024-10-03,2027-02-08,20,Europe,Organic,0,
CUST2531,Basic,2024-08-14,2025-05-18,20,Europe,Referral,0,
CUST2532,Basic,2024-10-13,2025-03-01,20,Europe,Paid Ads,1,2024-12-31
CUST2533,Standard,2024-08-06,2025-04-30,50,LATAM,Referral,1,2024-09-17
CUST2534,Standard,2024-06-02,2026-07-28,50,LATAM,Referral,0,
CUST2535,Premium,2024-10-05,2025-06-02,100,LATAM,Organic,0,
CUST2536,Standard,2024-11-25,2025-01-15,50,LATAM,Partnership,0,
CUST2537,Premium,2024-07-29,2025-09-13,100,LATAM,Referral,1,2024-09-07
CUST2538,Premium,2025-02-17,2025-10-17,100,LATAM,Paid Ads,0,
CUST2539,Standard,2024-09-11,2026-10-13,50,LATAM,Partnership,0,
CUST2540,Basic,2024-01-25,2026-01-26,20,LATAM,Referral,0,
CUST2541,Basic,2024-01-23,2025-03-26,20,North America,Referral,0,
CUST2542,Standard,2025-05-17,2026-09-05,50,LATAM,Organic,0,
CUST2543,Standard,2024-09-18,2025-10-09,50,North America,Referral,0,
CUST2544,Standard,2024-06-10,2024-12-29,50,APAC,Referral,0,
CUST2545,Premium,2025-01-25,2026-03-04,100,Europe,Organic,1,2025-05-23
CUST2546,Basic,2024-02-21,2024-12-03,20,Europe,Organic,1,2024-07-01
CUST2547,Standard,2024-05-25,2025-09-13,50,Europe,Partnership,0,
CUST2548,Basic,2024-11-15,2025-06-03,20,Europe,Referral,0,
CUST2549,Basic,2024-06-29,2025-05-20,20,North America,Organic,0,
CUST2550,Standard,2024-01-18,2026-05-24,50,Europe,Paid Ads,0,
CUST2551,Premium,2024-04-13,2025-02-12,100,North America,Organic,0,
CUST2552,Basic,2025-01-12,2027-02-21,20,North America,Referral,0,
CUST2553,Premium,2024-01-09,2025-01-06,100,Europe,Paid Ads,0,
CUST2554,Standard,2025-02-07,2025-07-25,50,North America,Organic,0,
CUST2555,Standard,2024-09-04,2026-06-19,50,Europe,Paid Ads,0,
CUST2556,Premium,2024-09-08,2026-01-16,100,APAC,Referral,0,
CUST2557,Basic,2024-02-13,2024-05-21,20,Europe,Paid Ads,0,
CUST2558,Basic,2025-04-16,2026-11-08,20,North America,Partnership,0,
CUST2559,Premium,2025-04-22,2027-03-15,100,LATAM,Referral,0,
CUST2560,Standard,2025-02-21,2025-09-09,50,LATAM,Partnership,0,
CUST2561,Standard,2024-07-30,2024-11-12,50,Europe,Organic,0,
CUST2562,Standard,2025-02-26,2026-04-23,50,APAC,Organic,0,
CUST2563,Standard,2025-05-13,2026-01-01,50,North America,Partnership,0,
CUST2564,Basic,2025-04-05,2026-12-30,20,LATAM,Paid Ads,0,
CUST2565,Premium,2025-02-09,2025-11-16,100,Europe,Partnership,1,2025-06-06
CUST2566,Standard,2025-02-12,2026-07-04,50,APAC,Referral,0,
CUST2567,Standard,2024-05-13,2025-08-11,50,Europe,Referral,0,
CUST2568,Basic,2024-10-29,2025-12-16,20,Europe,Organic,1,2025-06-25
CUST2569,Standard,2024-10-28,2025-11-25,50,LATAM,Organic,0,
CUST2570,Premium,2025-05-05,2025-08-12,100,LATAM,Organic,0,
CUST2571,Basic,2024-01-12,2024-05-24,20,APAC,Paid Ads,1,2024-03-22
CUST2572,Basic,2025-01-15,2025-03-10,20,North America,Paid Ads,0,
CUST2573,Standard,2024-11-30,2025-10-17,50,LATAM,Partnership,0,
CUST2574,Premium,2025-05-14,2026-08-30,100,North America,Referral,0,
CUST2575,Basic,2025-01-21,2026-01-24,20,North America,Paid Ads,0,
CUST2576,Standard,2024-05-25,2026-08-13,50,APAC,Paid Ads,0,
CUST2577,Basic,2025-02-07,2025-10-20,20,LATAM,Partnership,1,2025-04-26
CUST2578,Basic,2025-03-04,2026-11-06,20,Europe,Paid Ads,0,
CUST2579,Basic,2024-08-03,2024-09-02,20,LATAM,Partnership,0,
CUST2580,Basic,2025-05-09,2027-08-22,20,North America,Partnership,1,2026-09-01
CUST2581,Basic,2024-03-22,2026-03-07,20,LATAM,Organic,0,
CUST2582,Standard,2024-09-21,2026-06-03,50,APAC,Referral,0,
CUST2583,Premium,2024-06-08,2026-05-22,100,APAC,Partnership,0,
CUST2584,Premium,2024-08-19,2026-12-31,100,APAC,Paid Ads,1,2025-12-27
CUST2585,Standard,2025-05-25,2027-07-05,50,APAC,Partnership,0,
CUST2586,Basic,2024-04-19,2026-09-09,20,APAC,Partnership,1,2024-12-04
CUST2587,Basic,2024-06-05,2024-10-13,20,Europe,Referral,0,
CUST2588,Premium,2025-02-13,2026-05-18,100,APAC,Referral,0,
CUST2589,Standard,2024-06-15,2026-04-14,50,North America,Paid Ads,0,
CUST2590,Premium,2024-02-28,2025-06-18,100,North America,Partnership,0,
CUST2591,Standard,2025-04-29,2025-06-29,50,Europe,Referral,0,
CUST2592,Standard,2024-08-29,2026-02-08,50,North America,Partnership,0,
CUST2593,Standard,2025-02-19,2026-06-04,50,LATAM,Paid Ads,0,
CUST2594,Standard,2024-12-10,2025-06-21,50,Europe,Paid Ads,0,
CUST2595,Premium,2024-04-13,2024-08-05,100,LATAM,Organic,1,2024-07-17
CUST2596,Basic,2025-05-19,2025-09-20,20,Europe,Referral,0,
CUST2597,Premium,2024-01-03,2025-05-29,100,Europe,Organic,0,
CUST2598,Basic,2024-12-31,2026-12-13,20,APAC,Partnership,0,
CUST2599,Basic,2024-12-04,2025-04-15,20,Europe,Partnership,1,2024-12-26
CUST2600,Basic,2024-06-23,2025-08-27,20,North America,Paid Ads,0,
CUST2601,Standard,2024-10-25,2026-08-16,50,North America,Partnership,0,
CUST2602,Basic,2024-03-07,2025-07-23,20,APAC,Paid Ads,0,
CUST2603,Standard,2025-05-23,2027-03-05,50,Europe,Organic,0,
CUST2604,Standard,2024-12-12,2026-11-22,50,North America,Referral,0,
CUST2605,Standard,2024-11-09,2025-10-05,50,LATAM,Partnership,0,
CUST2606,Standard,2024-11-12,2026-10-25,50,LATAM,Paid Ads,0,
CUST2607,Basic,2024-06-07,2024-08-13,20,LATAM,Paid Ads,1,2024-06-23
CUST2608,Basic,2024-05-09,2024-11-07,20,North America,Referral,0,
CUST2609,Standard,2024-09-01,2026-10-06,50,APAC,Partnership,0,
CUST2610,Standard,2024-08-02,2025-12-29,50,North America,Partnership,0,
CUST2611,Standard,2024-07-15,2025-08-02,50,Europe,Referral,1,2024-08-01
CUST2612,Standard,2025-05-24,2026-10-10,50,LATAM,Paid Ads,0,
CUST2613,Standard,2024-05-16,2026-09-28,50,APAC,Referral,0,
CUST2614,Premium,2024-07-07,2024-08-13,100,LATAM,Partnership,0,
CUST2615,Basic,2024-04-05,2025-09-15,20,APAC,Referral,0,
CUST2616,Standard,2024-05-23,2025-02-22,50,Europe,Organic,0,
CUST2617,Standard,2024-07-03,2025-10-03,50,APAC,Paid Ads,1,2024-07-08
CUST2618,Premium,2025-01-16,2026-01-26,100,APAC,Partnership,1,2025-09-21
CUST2619,Premium,2024-05-31,2025-06-05,100,Europe,Paid Ads,0,
CUST2620,Premium,2024-07-20,2025-11-07,100,APAC,Referral,0,
CUST2621,Premium,2024-10-24,2026-05-28,100,North America,Referral,0,
CUST2622,Standard,2024-12-06,2025-01-23,50,North America,Partnership,0,
CUST2623,Premium,2025-03-03,2026-07-20,100,North America,Referral,0,
CUST2624,Premium,2024-08-16,2025-12-19,100,Europe,Partnership,0,
CUST2625,Premium,2024-09-17,2025-11-25,100,North America,Paid Ads,0,
CUST2626,Premium,2024-08-15,2027-01-03,100,Europe,Organic,0,
CUST2627,Standard,2024-02-18,2024-06-04,50,North America,Referral,0,
CUST2628,Standard,2025-05-28,2027-07-17,50,LATAM,Organic,0,
CUST2629,Premium,2025-05-23,2027-02-06,100,APAC,Organic,0,
CUST2630,Premium,2024-08-28,2025-10-30,100,APAC,Organic,0,
CUST2631,Standard,2024-01-15,2026-01-15,50,Europe,Paid Ads,0,
CUST2632,Standard,2024-01-22,2024-06-01,50,Europe,Referral,1,2024-03-29
CUST2633,Basic,2025-03-01,2025-09-12,20,APAC,Partnership,0,
CUST2634,Basic,2024-04-09,2026-07-01,20,Europe,Partnership,0,
CUST2635,Standard,2024-06-08,2024-11-09,50,North America,Organic,0,
CUST2636,Basic,2024-10-03,2025-05-04,20,Europe,Organic,1,2025-01-27
CUST2637,Standard,2024-05-05,2025-10-09,50,North America,Referral,0,
CUST2638,Standard,2024-04-04,2025-04-30,50,North America,Partnership,0,
CUST2639,Basic,2024-03-29,2024-07-01,20,APAC,Organic,0,
CUST2640,Standard,2025-05-05,2027-07-19,50,Europe,Paid Ads,0,
CUST2641,Basic,2025-03-18,2025-08-01,20,APAC,Referral,0,
CUST2642,Standard,2024-07-13,2026-05-09,50,Europe,Paid Ads,0,
CUST2643,Premium,2025-05-21,2027-01-11,100,North America,Paid Ads,0,
CUST2644,Standard,2024-07-22,2024-10-02,50,APAC,Partnership,1,2024-08-16
CUST2645,Basic,2025-01-16,2026-12-11,20,APAC,Organic,0,
CUST2646,Premium,2025-04-19,2025-08-14,100,North America,Partnership,1,2025-05-02
CUST2647,Premium,2025-04-29,2026-10-17,100,North America,Paid Ads,0,
CUST2648,Premium,2024-02-03,2026-05-18,100,APAC,Organic,0,
CUST2649,Standard,2025-03-11,2026-02-04,50,Europe,Partnership,1,2025-05-05
CUST2650,Basic,2024-09-21,2027-02-03,20,APAC,Paid Ads,0,
CUST2651,Basic,2025-02-25,2025-06-11,20,APAC,Partnership,0,
CUST2652,Standard,2024-11-11,2027-01-06,50,North America,Referral,0,
CUST2653,Basic,2024-12-01,2025-07-08,20,North America,Partnership,0,
CUST2654,Basic,2024-04-26,2024-08-31,20,North America,Partnership,0,
CUST2655,Standard,2024-07-06,2026-03-18,50,APAC,Organic,0,
CUST2656,Basic,2024-10-10,2025-09-23,20,Europe,Organic,0,
CUST2657,Premium,2024-10-31,2025-03-12,100,North America,Partnership,0,
CUST2658,Basic,2024-04-05,2026-03-09,20,APAC,Referral,0,
CUST2659,Premium,2024-03-11,2024-07-15,100,North America,Paid Ads,0,
CUST2660,Premium,2025-05-03,2025-07-15,100,North America,Organic,0,
CUST2661,Standard,2024-09-27,2025-04-07,50,LATAM,Organic,0,
CUST2662,Premium,2024-12-08,2025-06-28,100,Europe,Organic,0,
CUST2663,Premium,2025-04-26,2026-01-04,100,North America,Organic,0,
CUST2664,Basic,2025-02-21,2025-03-28,20,Europe,Paid Ads,0,
CUST2665,Standard,2024-08-31,2024-11-29,50,Europe,Referral,0,
CUST2666,Premium,2024-10-26,2025-11-12,100,LATAM,Paid Ads,1,2025-08-25
CUST2667,Standard,2024-09-12,2026-07-05,50,APAC,Partnership,0,
CUST2668,Basic,2025-05-24,2025-06-24,20,LATAM,Partnership,0,
CUST2669,Standard,2024-05-11,2026-01-21,50,Europe,Partnership,0,
CUST2670,Premium,2024-05-15,2026-06-12,100,North America,Paid Ads,1,2025-01-26
CUST2671,Premium,2025-02-08,2025-07-24,100,North America,Organic,0,
CUST2672,Standard,2024-08-03,2026-09-06,50,North America,Organic,1,2026-07-17
CUST2673,Basic,2024-12-15,2025-08-13,20,LATAM,Organic,0,
CUST2674,Basic,2024-11-28,2026-02-21,20,North America,Partnership,0,
CUST2675,Premium,2024-07-25,2026-06-05,100,APAC,Referral,1,2025-08-28
CUST2676,Standard,2025-05-16,2026-10-28,50,Europe,Paid Ads,0,
CUST2677,Standard,2024-01-04,2025-04-21,50,North America,Partnership,0,
CUST2678,Basic,2024-10-23,2025-06-18,20,North America,Referral,0,
CUST2679,Standard,2024-10-13,2025-05-12,50,Europe,Partnership,0,
CUST2680,Basic,2025-04-10,2026-05-01,20,LATAM,Organic,0,
CUST2681,Basic,2024-10-09,2027-03-17,20,LATAM,Paid Ads,0,
CUST2682,Standard,2025-05-06,2026-01-16,50,APAC,Paid Ads,0,
CUST2683,Basic,2025-05-12,2026-07-09,20,North America,Paid Ads,0,
CUST2684,Premium,2024-10-01,2026-11-08,100,Europe,Organic,0,
CUST2685,Standard,2024-11-13,2027-01-16,50,North America,Partnership,0,
CUST2686,Basic,2024-10-16,2025-07-31,20,North America,Paid Ads,0,
CUST2687,Premium,2024-01-04,2024-07-04,100,Europe,Referral,0,
CUST2688,Standard,2024-01-02,2025-06-07,50,LATAM,Partnership,0,
CUST2689,Basic,2024-09-14,2026-09-26,20,APAC,Referral,0,
CUST2690,Premium,2024-12-31,2025-05-08,100,Europe,Referral,0,
CUST2691,Premium,2024-11-28,2025-02-12,100,Europe,Paid Ads,0,
CUST2692,Standard,2024-12-07,2026-05-25,50,LATAM,Paid Ads,0,
CUST2693,Premium,2024-04-15,2025-12-14,100,North America,Organic,0,
CUST2694,Basic,2024-07-28,2025-12-18,20,LATAM,Organic,0,
CUST2695,Premium,2025-03-27,2027-05-01,100,North America,Organic,1,2027-04-22
CUST2696,Basic,2024-04-09,2024-06-15,20,Europe,Partnership,0,
CUST2697,Premium,2024-10-14,2026-09-02,100,LATAM,Organic,0,
CUST2698,Standard,2024-12-14,2025-09-12,50,Europe,Organic,0,
CUST2699,Basic,2024-02-15,2025-07-16,20,APAC,Paid Ads,0,
CUST2700,Premium,2025-05-16,2027-09-29,100,Europe,Organic,0,
CUST2701,Standard,2024-03-31,2025-09-27,50,APAC,Organic,0,
CUST2702,Premium,2025-03-13,2027-03-26,100,APAC,Organic,0,
CUST2703,Standard,2024-01-28,2026-03-24,50,LATAM,Paid Ads,1,2025-11-01
CUST2704,Premium,2024-07-16,2025-02-07,100,North America,Partnership,0,
CUST2705,Basic,2024-07-19,2026-12-13,20,North America,Paid Ads,0,
CUST2706,Basic,2024-03-03,2026-02-08,20,APAC,Referral,0,
CUST2707,Premium,2024-04-30,2026-06-12,100,Europe,Organic,0,
CUST2708,Basic,2025-03-18,2025-09-21,20,APAC,Partnership,0,
CUST2709,Basic,2024-01-08,2024-07-31,20,LATAM,Referral,0,
CUST2710,Premium,2024-04-21,2024-08-15,100,Europe,Referral,0,
CUST2711,Basic,2025-03-01,2025-07-20,20,North America,Paid Ads,0,
CUST2712,Premium,2024-12-03,2026-04-10,100,Europe,Partnership,0,
CUST2713,Premium,2025-03-11,2025-10-03,100,Europe,Referral,0,
CUST2714,Standard,2024-09-23,2026-07-05,50,APAC,Partnership,0,
CUST2715,Premium,2025-02-19,2026-01-17,100,North America,Paid Ads,0,
CUST2716,Premium,2024-04-28,2026-08-21,100,LATAM,Organic,0,
CUST2717,Basic,2025-05-05,2026-07-13,20,Europe,Organic,0,
CUST2718,Premium,2024-07-03,2026-02-04,100,Europe,Organic,0,
CUST2719,Basic,2024-03-16,2024-12-18,20,Europe,Organic,0,
CUST2720,Basic,2024-09-22,2025-07-16,20,APAC,Organic,0,
CUST2721,Basic,2025-03-13,2026-08-27,20,Europe,Organic,0,
CUST2722,Basic,2024-04-01,2025-10-13,20,Europe,Paid Ads,1,2025-06-28
CUST2723,Basic,2024-11-25,2026-04-10,20,LATAM,Organic,0,
CUST2724,Standard,2024-02-03,2026-04-26,50,APAC,Organic,1,2024-03-02
CUST2725,Premium,2024-03-26,2025-03-21,100,North America,Organic,0,
CUST2726,Premium,2024-07-13,2025-12-17,100,North America,Organic,0,
CUST2727,Basic,2024-02-28,2026-06-13,20,LATAM,Partnership,0,
CUST2728,Premium,2024-12-27,2025-12-12,100,North America,Paid Ads,0,
CUST2729,Basic,2024-09-24,2025-04-05,20,APAC,Partnership,1,2024-11-01
CUST2730,Premium,2025-05-17,2026-12-02,100,LATAM,Partnership,0,
CUST2731,Basic,2024-10-22,2026-04-18,20,Europe,Paid Ads,0,
CUST2732,Basic,2025-04-25,2025-07-05,20,APAC,Referral,0,
CUST2733,Standard,2024-02-20,2024-03-23,50,North America,Organic,0,
CUST2734,Basic,2024-12-15,2025-04-14,20,LATAM,Partnership,0,
CUST2735,Premium,2025-02-18,2026-04-10,100,APAC,Paid Ads,0,
CUST2736,Basic,2024-10-02,2026-04-08,20,LATAM,Paid Ads,0,
CUST2737,Standard,2025-01-09,2025-12-22,50,APAC,Organic,0,
CUST2738,Premium,2024-02-10,2025-12-11,100,LATAM,Organic,0,
CUST2739,Standard,2025-02-24,2026-12-02,50,Europe,Paid Ads,0,
CUST2740,Premium,2024-01-18,2026-04-17,100,LATAM,Partnership,0,
CUST2741,Premium,2024-03-07,2024-06-07,100,Europe,Paid Ads,0,
CUST2742,Basic,2024-09-15,2027-02-16,20,North America,Referral,0,
CUST2743,Premium,2024-09-21,2026-08-11,100,North America,Partnership,0,
CUST2744,Standard,2024-07-17,2025-09-07,50,LATAM,Paid Ads,0,
CUST2745,Basic,2024-10-01,2025-07-06,20,North America,Referral,0,
CUST2746,Basic,2024-10-29,2026-12-11,20,Europe,Referral,0,
CUST2747,Premium,2024-10-31,2025-05-11,100,APAC,Referral,1,2025-02-16
CUST2748,Premium,2025-03-17,2025-11-21,100,Europe,Partnership,1,2025-11-18
CUST2749,Standard,2024-02-11,2026-07-01,50,North America,Referral,0,
CUST2750,Premium,2024-12-29,2027-03-07,100,LATAM,Paid Ads,0,
CUST2751,Standard,2025-02-16,2027-06-03,50,North America,Paid Ads,0,
CUST2752,Premium,2024-07-10,2025-06-05,100,APAC,Partnership,0,
CUST2753,Premium,2025-04-26,2026-06-16,100,North America,Organic,0,
CUST2754,Standard,2024-08-19,2026-10-06,50,APAC,Organic,1,2025-04-24
CUST2755,Premium,2024-12-05,2027-01-16,100,Europe,Partnership,0,
CUST2756,Standard,2024-02-08,2024-12-30,50,North America,Partnership,0,
CUST2757,Basic,2024-07-28,2025-04-05,20,APAC,Paid Ads,0,
CUST2758,Standard,2024-11-18,2026-12-13,50,Europe,Partnership,1,2026-12-04
CUST2759,Basic,2024-04-02,2024-08-06,20,Europe,Organic,0,
CUST2760,Standard,2024-02-19,2025-12-01,50,LATAM,Organic,0,
CUST2761,Basic,2025-05-19,2026-01-25,20,North America,Paid Ads,1,2025-10-31
CUST2762,Standard,2025-02-20,2025-04-26,50,Europe,Organic,0,
CUST2763,Basic,2025-02-02,2025-06-09,20,LATAM,Partnership,0,
CUST2764,Premium,2024-01-11,2024-08-17,100,LATAM,Organic,0,
CUST2765,Basic,2024-12-08,2027-03-15,20,North America,Organic,0,
CUST2766,Premium,2024-09-07,2026-09-11,100,Europe,Organic,0,
CUST2767,Standard,2024-10-17,2027-03-08,50,LATAM,Partnership,0,
CUST2768,Basic,2024-08-06,2025-10-11,20,LATAM,Organic,0,
CUST2769,Standard,2024-03-19,2025-03-02,50,Europe,Organic,0,
CUST2770,Basic,2024-10-26,2025-07-14,20,APAC,Organic,0,
CUST2771,Premium,2024-01-28,2025-10-19,100,LATAM,Partnership,1,2025-03-21
CUST2772,Basic,2024-08-08,2026-05-21,20,Europe,Paid Ads,0,
CUST2773,Basic,2025-04-07,2026-02-12,20,North America,Paid Ads,0,
CUST2774,Standard,2024-09-18,2024-11-24,50,North America,Organic,0,
CUST2775,Premium,2025-02-21,2027-04-27,100,APAC,Paid Ads,1,2026-03-04
CUST2776,Premium,2024-08-31,2026-02-16,100,North America,Partnership,0,
CUST2777,Standard,2024-04-08,2024-09-04,50,LATAM,Organic,0,
CUST2778,Standard,2024-07-16,2024-10-10,50,North America,Organic,0,
CUST2779,Basic,2025-02-11,2026-11-25,20,APAC,Referral,1,2025-03-11
CUST2780,Standard,2024-03-15,2025-03-08,50,Europe,Referral,0,
CUST2781,Basic,2024-08-11,2025-05-28,20,North America,Paid Ads,0,
CUST2782,Standard,2024-07-06,2025-10-25,50,North America,Referral,0,
CUST2783,Standard,2024-05-26,2026-03-23,50,LATAM,Referral,0,
CUST2784,Premium,2024-02-11,2024-07-08,100,APAC,Partnership,0,
CUST2785,Premium,2024-07-17,2025-08-01,100,North America,Referral,0,
CUST2786,Standard,2024-02-17,2024-10-21,50,Europe,Referral,0,
CUST2787,Standard,2024-04-14,2026-03-28,50,North America,Organic,0,
CUST2788,Premium,2025-01-12,2026-09-12,100,North America,Organic,0,
CUST2789,Basic,2024-07-05,2024-08-20,20,APAC,Partnership,0,
CUST2790,Standard,2025-02-16,2027-05-01,50,APAC,Paid Ads,0,
CUST2791,Premium,2024-10-30,2027-03-29,100,LATAM,Referral,0,
CUST2792,Premium,2024-10-29,2025-04-25,100,LATAM,Organic,0,
CUST2793,Standard,2024-05-30,2025-06-02,50,LATAM,Paid Ads,0,
CUST2794,Standard,2024-07-18,2025-02-12,50,North America,Partnership,0,
CUST2795,Basic,2024-10-28,2027-02-04,20,Europe,Paid Ads,1,2026-01-12
CUST2796,Standard,2024-01-24,2025-09-16,50,North America,Referral,0,
CUST2797,Standard,2025-03-03,2025-05-03,50,North America,Referral,0,
CUST2798,Basic,2024-08-21,2026-03-06,20,Europe,Partnership,0,
CUST2799,Standard,2024-05-21,2026-04-24,50,APAC,Paid Ads,0,
CUST2800,Basic,2024-12-18,2026-03-10,20,APAC,Organic,0,
CUST2801,Basic,2024-12-15,2025-02-13,20,Europe,Referral,0,
CUST2802,Basic,2024-05-30,2025-09-16,20,LATAM,Partnership,0,
CUST2803,Basic,2024-12-18,2026-03-09,20,LATAM,Referral,0,
CUST2804,Basic,2025-03-12,2025-07-20,20,North America,Referral,0,
CUST2805,Premium,2024-11-17,2026-07-25,100,Europe,Paid Ads,0,
CUST2806,Basic,2024-09-30,2025-12-12,20,APAC,Paid Ads,0,
CUST2807,Basic,2024-02-11,2024-04-11,20,APAC,Partnership,0,
CUST2808,Basic,2024-01-02,2024-02-07,20,LATAM,Paid Ads,0,
CUST2809,Premium,2025-02-02,2025-05-07,100,LATAM,Referral,0,
CUST2810,Basic,2024-03-17,2024-07-08,20,LATAM,Paid Ads,0,
CUST2811,Premium,2024-02-19,2024-05-26,100,APAC,Organic,0,
CUST2812,Basic,2024-10-27,2026-09-01,20,APAC,Organic,0,
CUST2813,Premium,2025-04-09,2026-06-30,100,APAC,Organic,0,
CUST2814,Premium,2025-02-25,2026-12-29,100,Europe,Referral,1,2026-03-10
CUST2815,Basic,2024-01-18,2025-07-08,20,APAC,Partnership,0,
CUST2816,Premium,2024-06-15,2024-09-12,100,APAC,Referral,0,
CUST2817,Standard,2025-02-25,2027-02-12,50,Europe,Referral,1,2025-07-16
CUST2818,Standard,2025-05-18,2027-06-29,50,North America,Organic,0,
CUST2819,Standard,2024-06-13,2026-02-11,50,LATAM,Organic,0,
CUST2820,Premium,2024-01-24,2025-04-04,100,North America,Partnership,0,
CUST2821,Premium,2024-07-18,2025-03-08,100,APAC,Organic,0,
CUST2822,Basic,2024-11-17,2025-12-18,20,North America,Paid Ads,0,
CUST2823,Basic,2025-02-14,2025-07-05,20,Europe,Partnership,0,
CUST2824,Basic,2024-07-28,2027-01-13,20,LATAM,Organic,0,
CUST2825,Basic,2024-06-16,2024-07-16,20,North America,Organic,0,
CUST2826,Basic,2024-11-21,2025-05-05,20,LATAM,Paid Ads,0,
CUST2827,Premium,2024-05-04,2024-12-14,100,APAC,Referral,0,
CUST2828,Basic,2024-09-27,2026-06-25,20,APAC,Partnership,1,2025-03-19
CUST2829,Premium,2024-05-24,2025-08-02,100,APAC,Organic,0,
CUST2830,Basic,2024-10-09,2025-08-26,20,North America,Referral,0,
CUST2831,Basic,2024-09-13,2027-02-11,20,LATAM,Paid Ads,1,2026-01-08
CUST2832,Premium,2025-04-19,2027-06-16,100,North America,Paid Ads,0,
CUST2833,Premium,2024-03-17,2024-04-30,100,Europe,Paid Ads,0,
CUST2834,Premium,2024-07-05,2024-11-16,100,North America,Referral,0,
CUST2835,Standard,2024-12-14,2027-02-04,50,LATAM,Paid Ads,0,
CUST2836,Premium,2025-03-12,2027-08-05,100,LATAM,Paid Ads,0,
CUST2837,Premium,2024-06-30,2026-02-06,100,Europe,Organic,0,
CUST2838,Standard,2024-12-12,2025-09-02,50,LATAM,Organic,0,
CUST2839,Standard,2025-03-14,2026-05-30,50,North America,Referral,0,
CUST2840,Basic,2024-03-03,2025-05-19,20,LATAM,Referral,0,
CUST2841,Standard,2024-05-30,2026-09-18,50,Europe,Referral,1,2026-07-22
CUST2842,Basic,2024-03-27,2026-03-01,20,LATAM,Paid Ads,0,
CUST2843,Basic,2024-12-01,2026-11-21,20,Europe,Partnership,0,
CUST2844,Standard,2024-12-09,2026-07-14,50,APAC,Organic,0,
CUST2845,Basic,2024-06-02,2026-07-22,20,APAC,Referral,1,2026-03-31
CUST2846,Basic,2024-12-01,2026-08-04,20,North America,Paid Ads,0,
CUST2847,Standard,2024-08-28,2025-12-11,50,North America,Partnership,0,
CUST2848,Premium,2024-06-11,2024-11-17,100,APAC,Organic,0,
CUST2849,Basic,2024-08-23,2026-08-01,20,APAC,Organic,0,
CUST2850,Standard,2024-05-13,2025-04-13,50,APAC,Partnership,0,
CUST2851,Standard,2024-10-17,2025-11-06,50,North America,Organic,0,
CUST2852,Premium,2025-03-27,2025-07-28,100,LATAM,Organic,0,
CUST2853,Basic,2025-04-03,2026-06-06,20,Europe,Referral,0,
CUST2854,Premium,2025-04-07,2026-02-12,100,Europe,Organic,0,
CUST2855,Basic,2025-05-21,2027-03-07,20,North America,Referral,0,
CUST2856,Standard,2025-06-01,2026-11-22,50,Europe,Referral,0,
CUST2857,Basic,2024-07-19,2026-01-05,20,Europe,Partnership,0,
CUST2858,Basic,2025-02-12,2027-01-01,20,APAC,Organic,0,
CUST2859,Premium,2024-02-23,2026-03-06,100,Europe,Partnership,0,
CUST2860,Basic,2025-01-25,2027-03-11,20,APAC,Referral,0,
CUST2861,Premium,2024-02-01,2026-01-20,100,LATAM,Organic,1,2024-11-14
CUST2862,Premium,2025-01-18,2025-11-18,100,Europe,Partnership,0,
CUST2863,Premium,2025-02-07,2025-09-25,100,LATAM,Referral,1,2025-09-07
CUST2864,Premium,2024-09-09,2026-07-20,100,APAC,Paid Ads,0,
CUST2865,Premium,2024-08-15,2025-04-01,100,APAC,Referral,0,
CUST2866,Premium,2025-02-18,2025-09-04,100,North America,Partnership,0,
CUST2867,Premium,2024-12-11,2027-01-19,100,APAC,Paid Ads,0,
CUST2868,Standard,2025-02-02,2025-08-22,50,Europe,Partnership,0,
CUST2869,Basic,2024-08-15,2025-08-31,20,LATAM,Paid Ads,0,
CUST2870,Premium,2024-08-16,2026-02-13,100,APAC,Organic,1,2025-09-21
CUST2871,Standard,2025-05-16,2026-11-28,50,APAC,Organic,0,
CUST2872,Standard,2024-11-24,2027-02-06,50,APAC,Organic,0,
CUST2873,Premium,2024-08-17,2024-09-23,100,APAC,Partnership,0,
CUST2874,Premium,2024-04-25,2025-09-29,100,North America,Organic,0,
CUST2875,Basic,2024-12-07,2026-08-24,20,North America,Paid Ads,0,
CUST2876,Basic,2024-08-03,2025-10-10,20,North America,Partnership,0,
CUST2877,Standard,2024-04-20,2025-04-19,50,APAC,Referral,0,
CUST2878,Basic,2024-06-26,2025-08-04,20,North America,Paid Ads,0,
CUST2879,Basic,2024-04-09,2025-01-07,20,LATAM,Referral,0,
CUST2880,Standard,2024-01-17,2025-11-12,50,APAC,Organic,0,
CUST2881,Basic,2024-03-30,2024-06-04,20,North America,Partnership,0,
CUST2882,Basic,2024-05-04,2026-05-16,20,LATAM,Referral,0,
CUST2883,Standard,2025-05-04,2025-06-09,50,North America,Paid Ads,0,
CUST2884,Basic,2025-02-15,2025-08-30,20,Europe,Partnership,0,
CUST2885,Standard,2024-02-29,2025-02-25,50,LATAM,Referral,0,
CUST2886,Premium,2025-03-28,2026-02-07,100,LATAM,Referral,0,
CUST2887,Basic,2024-12-11,2026-06-16,20,Europe,Referral,0,
CUST2888,Premium,2025-03-08,2026-04-14,100,APAC,Partnership,0,
CUST2889,Standard,2025-05-29,2025-11-06,50,APAC,Paid Ads,0,
CUST2890,Premium,2025-03-14,2026-03-19,100,North America,Organic,1,2025-03-18
CUST2891,Basic,2024-11-10,2025-12-26,20,North America,Paid Ads,0,
CUST2892,Premium,2024-08-30,2025-02-10,100,Europe,Organic,0,
CUST2893,Basic,2024-03-11,2024-11-09,20,APAC,Partnership,1,2024-06-07
CUST2894,Standard,2025-03-11,2026-10-30,50,North America,Paid Ads,0,
CUST2895,Premium,2024-11-06,2025-09-23,100,North America,Partnership,0,
CUST2896,Premium,2025-05-17,2025-11-10,100,LATAM,Referral,0,
CUST2897,Premium,2025-04-04,2027-02-15,100,Europe,Referral,0,
CUST2898,Premium,2024-06-02,2026-08-05,100,APAC,Referral,1,2025-06-13
CUST2899,Premium,2024-10-21,2025-06-22,100,Europe,Partnership,0,
CUST2900,Basic,2024-04-18,2026-06-11,20,Europe,Paid Ads,1,2024-06-22
CUST2901,Basic,2024-01-08,2025-11-09,20,Europe,Paid Ads,0,
CUST2902,Basic,2024-01-09,2024-05-10,20,North America,Referral,0,
CUST2903,Standard,2024-06-12,2025-02-05,50,APAC,Referral,0,
CUST2904,Standard,2024-06-18,2026-09-11,50,APAC,Organic,0,
CUST2905,Premium,2024-06-30,2026-10-13,100,North America,Referral,0,
CUST2906,Standard,2024-11-24,2025-09-16,50,LATAM,Referral,0,
CUST2907,Standard,2024-05-18,2025-07-10,50,APAC,Referral,0,
CUST2908,Premium,2024-05-25,2026-03-19,100,North America,Partnership,1,2025-09-02
CUST2909,Standard,2025-02-05,2025-04-30,50,Europe,Organic,0,
CUST2910,Basic,2025-04-25,2025-11-20,20,LATAM,Organic,1,2025-10-18
CUST2911,Basic,2024-08-10,2026-04-10,20,Europe,Referral,0,
CUST2912,Basic,2024-07-05,2025-01-27,20,North America,Partnership,0,
CUST2913,Premium,2024-06-24,2024-11-04,100,Europe,Referral,0,
CUST2914,Standard,2024-08-29,2026-04-17,50,North America,Partnership,0,
CUST2915,Basic,2025-01-07,2027-01-26,20,Europe,Partnership,0,
CUST2916,Premium,2024-11-11,2025-09-10,100,Europe,Partnership,0,
CUST2917,Standard,2024-08-12,2025-02-23,50,LATAM,Referral,0,
CUST2918,Standard,2024-12-06,2025-09-29,50,Europe,Organic,0,
CUST2919,Premium,2024-07-03,2025-11-02,100,LATAM,Organic,0,
CUST2920,Premium,2024-07-10,2026-03-16,100,LATAM,Organic,0,
CUST2921,Basic,2024-12-05,2025-09-13,20,Europe,Organic,0,
CUST2922,Premium,2024-04-25,2024-12-30,100,LATAM,Referral,0,
CUST2923,Standard,2024-05-13,2024-11-11,50,Europe,Paid Ads,1,2024-11-02
CUST2924,Basic,2025-02-10,2027-03-28,20,Europe,Partnership,0,
CUST2925,Basic,2024-02-08,2024-04-23,20,Europe,Paid Ads,0,
CUST2926,Premium,2025-05-30,2026-11-29,100,LATAM,Referral,0,
CUST2927,Standard,2025-01-16,2026-12-30,50,APAC,Paid Ads,0,
CUST2928,Basic,2024-03-03,2026-06-28,20,Europe,Referral,0,
CUST2929,Basic,2024-10-11,2025-09-15,20,Europe,Organic,0,
CUST2930,Standard,2024-04-22,2025-09-05,50,North America,Partnership,1,2025-06-24
CUST2931,Basic,2024-01-24,2026-04-30,20,Europe,Organic,1,2025-09-07
CUST2932,Basic,2024-04-04,2025-03-10,20,APAC,Organic,0,
CUST2933,Standard,2024-07-20,2024-08-24,50,Europe,Organic,0,
CUST2934,Standard,2025-05-26,2025-09-28,50,North America,Paid Ads,0,
CUST2935,Basic,2024-02-19,2025-12-28,20,Europe,Referral,0,
CUST2936,Basic,2024-06-10,2024-11-07,20,North America,Paid Ads,0,
CUST2937,Premium,2025-04-22,2027-07-01,100,LATAM,Referral,0,
CUST2938,Basic,2024-04-28,2024-09-20,20,North America,Organic,0,
CUST2939,Basic,2024-02-12,2024-07-14,20,Europe,Paid Ads,0,
CUST2940,Basic,2024-12-17,2026-11-24,20,LATAM,Paid Ads,0,
CUST2941,Premium,2024-07-21,2026-05-19,100,LATAM,Paid Ads,0,
CUST2942,Basic,2024-07-16,2025-10-30,20,North America,Partnership,0,
CUST2943,Basic,2025-04-11,2027-03-08,20,North America,Paid Ads,0,
CUST2944,Standard,2024-10-15,2025-05-13,50,North America,Paid Ads,1,2024-12-27
CUST2945,Basic,2024-12-11,2025-01-18,20,LATAM,Paid Ads,0,
CUST2946,Standard,2024-10-20,2025-12-08,50,Europe,Paid Ads,1,2025-08-19
CUST2947,Basic,2025-01-24,2027-07-02,20,APAC,Partnership,0,
CUST2948,Premium,2024-12-19,2025-05-29,100,North America,Paid Ads,0,
CUST2949,Premium,2024-04-09,2024-12-29,100,LATAM,Organic,0,
CUST2950,Basic,2024-07-14,2025-10-21,20,Europe,Partnership,0,
CUST2951,Premium,2025-01-31,2026-01-10,100,APAC,Partnership,0,
CUST2952,Basic,2024-09-22,2025-01-06,20,Europe,Organic,0,
CUST2953,Basic,2025-05-08,2025-08-01,20,North America,Paid Ads,0,
CUST2954,Standard,2024-08-24,2026-04-16,50,Europe,Referral,0,
CUST2955,Basic,2025-03-29,2027-05-04,20,Europe,Organic,0,
CUST2956,Basic,2024-01-23,2025-04-19,20,LATAM,Referral,0,
CUST2957,Basic,2024-12-16,2025-12-08,20,APAC,Organic,0,
CUST2958,Basic,2024-10-19,2024-12-21,20,North America,Paid Ads,0,
CUST2959,Basic,2025-02-19,2026-08-11,20,North America,Partnership,0,
CUST2960,Premium,2025-03-09,2027-06-22,100,LATAM,Partnership,0,
CUST2961,Basic,2024-12-22,2026-02-05,20,APAC,Referral,0,
CUST2962,Basic,2025-05-06,2027-10-14,20,Europe,Partnership,1,2027-09-10
CUST2963,Standard,2024-01-03,2024-05-25,50,LATAM,Referral,1,2024-01-19
CUST2964,Basic,2024-07-31,2024-09-26,20,North America,Organic,0,
CUST2965,Premium,2024-04-12,2025-08-15,100,LATAM,Paid Ads,0,
CUST2966,Basic,2025-03-09,2026-09-18,20,LATAM,Paid Ads,1,2025-03-23
CUST2967,Premium,2025-04-03,2025-08-20,100,North America,Partnership,1,2025-04-11
CUST2968,Premium,2024-03-03,2025-07-20,100,North America,Partnership,1,2024-11-19
CUST2969,Basic,2024-04-14,2025-01-21,20,LATAM,Referral,1,2024-08-10
CUST2970,Standard,2024-10-21,2025-11-24,50,North America,Organic,0,
CUST2971,Standard,2024-07-23,2026-11-20,50,LATAM,Partnership,0,
CUST2972,Basic,2024-01-18,2025-09-17,20,Europe,Organic,0,
CUST2973,Standard,2025-03-12,2027-04-01,50,APAC,Referral,0,
CUST2974,Standard,2024-07-28,2024-12-28,50,LATAM,Organic,0,
CUST2975,Standard,2025-02-16,2025-08-25,50,Europe,Paid Ads,0,
CUST2976,Standard,2025-02-07,2026-05-30,50,APAC,Referral,0,
CUST2977,Basic,2024-09-03,2027-01-31,20,APAC,Organic,1,2027-01-26
CUST2978,Standard,2024-02-28,2024-12-26,50,North America,Organic,0,
CUST2979,Standard,2024-12-04,2026-10-06,50,North America,Partnership,0,
CUST2980,Basic,2025-04-02,2026-12-25,20,North America,Organic,0,
CUST2981,Standard,2024-02-08,2024-03-29,50,North America,Partnership,0,
CUST2982,Standard,2024-10-03,2026-06-12,50,Europe,Organic,1,2025-06-16
CUST2983,Premium,2024-06-25,2024-09-06,100,North America,Partnership,0,
CUST2984,Premium,2025-05-23,2026-07-31,100,North America,Partnership,0,
CUST2985,Premium,2024-03-07,2024-10-26,100,LATAM,Paid Ads,0,
CUST2986,Standard,2025-01-26,2026-11-04,50,North America,Referral,0,
CUST2987,Standard,2025-01-26,2025-06-06,50,North America,Referral,1,2025-05-31
CUST2988,Standard,2025-05-06,2027-01-10,50,North America,Referral,0,
CUST2989,Basic,2025-03-23,2025-10-26,20,Europe,Partnership,0,
CUST2990,Premium,2025-04-01,2027-08-05,100,APAC,Organic,1,2027-03-31
CUST2991,Standard,2024-05-22,2024-07-17,50,Europe,Referral,0,
CUST2992,Basic,2024-04-18,2024-08-17,20,LATAM,Paid Ads,0,
CUST2993,Basic,2024-04-07,2026-09-24,20,North America,Partnership,0,
CUST2994,Premium,2025-01-13,2027-01-13,100,North America,Paid Ads,0,
CUST2995,Premium,2024-04-24,2024-08-17,100,LATAM,Paid Ads,0,
CUST2996,Basic,2024-03-13,2025-10-23,20,APAC,Organic,0,
CUST2997,Standard,2024-06-13,2026-08-28,50,APAC,Paid Ads,1,2025-06-13
CUST2998,Premium,2025-01-17,2026-05-10,100,Europe,Referral,0,
CUST2999,Premium,2024-01-27,2024-11-17,100,Europe,Organic,0,
CUST3000,Standard,2025-04-29,2027-04-11,50,LATAM,Partnership,1,2025-10-31
CUST3001,Basic,2024-11-02,2026-08-03,20,LATAM,Organic,0,
CUST3002,Premium,2025-05-26,2027-05-16,100,North America,Paid Ads,0,
CUST3003,Standard,2025-05-31,2025-12-01,50,Europe,Referral,0,
CUST3004,Standard,2024-09-30,2024-12-13,50,LATAM,Organic,0,
CUST3005,Basic,2024-03-31,2026-07-18,20,North America,Partnership,0,
CUST3006,Basic,2024-02-15,2025-08-04,20,APAC,Referral,0,
CUST3007,Premium,2025-05-14,2026-03-30,100,Europe,Paid Ads,0,
CUST3008,Premium,2025-01-21,2026-02-17,100,Europe,Partnership,1,2025-09-14
CUST3009,Premium,2024-10-26,2026-09-11,100,LATAM,Paid Ads,1,2026-07-08
CUST3010,Standard,2025-01-27,2026-09-08,50,APAC,Referral,0,
CUST3011,Standard,2024-09-29,2026-02-04,50,LATAM,Organic,0,
CUST3012,Basic,2024-01-12,2024-07-16,20,North America,Referral,0,
CUST3013,Basic,2024-06-12,2025-07-11,20,LATAM,Paid Ads,0,
CUST3014,Basic,2024-05-08,2024-06-07,20,LATAM,Partnership,0,
CUST3015,Premium,2025-02-13,2026-09-11,100,Europe,Partnership,0,
CUST3016,Basic,2024-05-20,2025-03-10,20,North America,Referral,0,
CUST3017,Basic,2025-03-11,2025-05-02,20,LATAM,Organic,0,
CUST3018,Basic,2024-03-16,2024-11-20,20,North America,Partnership,0,
CUST3019,Basic,2024-06-16,2026-11-03,20,Europe,Partnership,0,
CUST3020,Premium,2024-08-26,2025-05-01,100,LATAM,Organic,0,
CUST3021,Standard,2024-07-10,2025-04-20,50,North America,Partnership,1,2024-11-18
CUST3022,Standard,2024-12-06,2027-03-14,50,North America,Referral,0,
CUST3023,Basic,2024-10-12,2026-12-19,20,Europe,Partnership,0,
CUST3024,Basic,2024-04-09,2025-07-22,20,APAC,Organic,0,
CUST3025,Basic,2024-10-07,2024-12-04,20,Europe,Partnership,0,
CUST3026,Standard,2025-04-26,2027-07-08,50,LATAM,Organic,0,
CUST3027,Premium,2024-09-21,2026-06-21,100,North America,Paid Ads,0,
CUST3028,Premium,2025-02-14,2026-07-01,100,North America,Organic,0,
CUST3029,Basic,2024-03-22,2025-07-18,20,North America,Partnership,0,
CUST3030,Premium,2024-11-30,2026-09-28,100,North America,Paid Ads,0,
CUST3031,Standard,2025-03-08,2026-12-29,50,LATAM,Partnership,0,
CUST3032,Premium,2025-03-26,2026-03-10,100,Europe,Referral,0,
CUST3033,Standard,2024-12-01,2025-12-14,50,APAC,Organic,0,
CUST3034,Standard,2024-05-07,2026-02-24,50,North America,Organic,1,2026-01-11
CUST3035,Premium,2025-05-04,2026-06-07,100,Europe,Organic,0,
CUST3036,Standard,2024-04-26,2024-08-06,50,North America,Partnership,0,
CUST3037,Standard,2025-02-08,2025-10-08,50,North America,Paid Ads,0,
CUST3038,Basic,2024-04-12,2025-10-21,20,LATAM,Paid Ads,0,
CUST3039,Standard,2025-01-23,2026-07-04,50,APAC,Organic,1,2025-02-18
CUST3040,Premium,2024-11-01,2026-05-28,100,APAC,Paid Ads,0,
CUST3041,Standard,2024-10-27,2025-12-16,50,Europe,Organic,0,
CUST3042,Premium,2025-03-17,2026-09-07,100,APAC,Referral,0,
CUST3043,Standard,2024-06-14,2024-07-28,50,LATAM,Partnership,0,
CUST3044,Standard,2025-01-07,2026-06-22,50,APAC,Referral,0,
CUST3045,Standard,2024-11-11,2027-02-05,50,North America,Referral,0,
CUST3046,Basic,2025-03-11,2025-08-21,20,Europe,Organic,0,
CUST3047,Standard,2025-01-25,2027-05-07,50,APAC,Referral,1,2026-11-05
CUST3048,Basic,2024-10-23,2025-01-16,20,LATAM,Partnership,1,2025-01-12
CUST3049,Standard,2024-02-24,2024-04-03,50,APAC,Paid Ads,0,
CUST3050,Premium,2024-07-10,2024-12-08,100,LATAM,Paid Ads,0,
CUST3051,Standard,2025-03-14,2026-08-15,50,Europe,Referral,0,
CUST3052,Standard,2024-05-17,2026-08-07,50,APAC,Referral,0,
CUST3053,Basic,2024-04-16,2024-08-04,20,LATAM,Organic,0,
CUST3054,Premium,2025-01-16,2026-07-15,100,North America,Organic,0,
CUST3055,Standard,2024-01-07,2026-03-25,50,LATAM,Organic,0,
CUST3056,Premium,2025-04-30,2027-01-22,100,North America,Organic,0,
CUST3057,Standard,2024-05-10,2024-12-26,50,LATAM,Referral,0,
CUST3058,Basic,2024-01-14,2026-05-14,20,APAC,Referral,0,
CUST3059,Basic,2024-06-17,2026-05-01,20,LATAM,Partnership,0,
CUST3060,Basic,2024-06-17,2024-09-09,20,Europe,Organic,0,
CUST3061,Standard,2024-12-16,2025-09-05,50,Europe,Referral,0,
CUST3062,Premium,2025-04-17,2026-12-05,100,LATAM,Organic,0,
CUST3063,Premium,2024-09-28,2026-04-07,100,Europe,Partnership,0,
CUST3064,Basic,2025-05-30,2026-05-27,20,North America,Paid Ads,0,
CUST3065,Standard,2024-02-02,2026-01-24,50,APAC,Organic,0,
CUST3066,Standard,2024-10-19,2026-09-16,50,APAC,Partnership,0,
CUST3067,Premium,2024-03-19,2024-08-10,100,Europe,Paid Ads,1,2024-05-08
CUST3068,Basic,2025-05-18,2027-05-16,20,LATAM,Partnership,0,
CUST3069,Premium,2025-03-24,2027-06-24,100,North America,Referral,0,
CUST3070,Basic,2024-06-19,2025-12-02,20,Europe,Partnership,0,
CUST3071,Basic,2024-03-15,2025-08-13,20,LATAM,Paid Ads,0,
CUST3072,Basic,2025-01-31,2025-11-09,20,North America,Organic,0,
CUST3073,Standard,2024-02-03,2025-04-03,50,APAC,Paid Ads,0,
CUST3074,Basic,2024-09-30,2026-07-31,20,APAC,Paid Ads,0,
CUST3075,Standard,2024-01-13,2024-03-19,50,Europe,Partnership,0,
CUST3076,Premium,2025-02-09,2026-06-05,100,North America,Organic,0,
CUST3077,Standard,2024-12-19,2025-07-13,50,North America,Referral,0,
CUST3078,Standard,2024-09-25,2026-01-05,50,APAC,Partnership,1,2025-06-25
CUST3079,Basic,2025-05-01,2027-02-07,20,APAC,Organic,0,
CUST3080,Standard,2024-11-24,2025-08-27,50,North America,Organic,0,
CUST3081,Basic,2025-05-29,2026-12-04,20,Europe,Referral,0,
CUST3082,Premium,2024-06-07,2026-08-28,100,LATAM,Referral,0,
CUST3083,Basic,2025-05-07,2027-01-19,20,APAC,Partnership,0,
CUST3084,Standard,2025-04-05,2027-04-02,50,North America,Partnership,1,2026-04-26
CUST3085,Basic,2025-01-25,2027-02-21,20,North America,Organic,0,
CUST3086,Standard,2024-08-19,2026-05-17,50,Europe,Paid Ads,0,
CUST3087,Premium,2024-04-15,2024-10-16,100,Europe,Paid Ads,0,
CUST3088,Premium,2025-02-05,2027-06-21,100,LATAM,Organic,0,
CUST3089,Premium,2024-02-20,2026-03-19,100,Europe,Paid Ads,0,
CUST3090,Basic,2024-05-04,2024-07-18,20,Europe,Paid Ads,0,
CUST3091,Basic,2024-06-28,2024-07-30,20,Europe,Paid Ads,1,2024-07-21
CUST3092,Premium,2025-03-20,2026-05-12,100,LATAM,Referral,1,2025-04-05
CUST3093,Premium,2024-05-04,2024-06-14,100,LATAM,Referral,0,
CUST3094,Standard,2025-01-27,2027-05-22,50,Europe,Partnership,1,2025-04-01
CUST3095,Premium,2024-11-22,2026-10-18,100,Europe,Partnership,0,
CUST3096,Basic,2024-10-09,2026-01-13,20,North America,Referral,0,
CUST3097,Premium,2024-11-18,2025-10-30,100,Europe,Paid Ads,0,
CUST3098,Premium,2024-02-05,2024-03-09,100,APAC,Organic,0,
CUST3099,Basic,2024-07-05,2024-08-07,20,LATAM,Referral,0,
CUST3100,Standard,2025-03-24,2027-08-25,50,APAC,Referral,1,2025-04-14
CUST3101,Premium,2025-03-19,2027-03-03,100,North America,Referral,0,
CUST3102,Standard,2024-01-14,2025-12-06,50,North America,Organic,0,
CUST3103,Standard,2024-04-02,2026-04-22,50,APAC,Organic,0,
CUST3104,Basic,2025-04-02,2026-11-07,20,APAC,Organic,0,
CUST3105,Standard,2024-02-12,2025-08-30,50,APAC,Referral,0,
CUST3106,Standard,2025-03-05,2026-10-17,50,Europe,Referral,0,
CUST3107,Premium,2025-02-18,2025-08-30,100,Europe,Referral,0,
CUST3108,Standard,2025-03-19,2026-11-10,50,North America,Paid Ads,0,
CUST3109,Premium,2025-05-11,2027-08-19,100,North America,Referral,0,
CUST3110,Standard,2025-03-15,2025-10-15,50,North America,Partnership,0,
CUST3111,Basic,2024-01-24,2026-02-01,20,LATAM,Referral,0,
CUST3112,Basic,2024-05-15,2025-08-29,20,North America,Organic,0,
CUST3113,Standard,2025-01-24,2025-03-10,50,LATAM,Paid Ads,0,
CUST3114,Basic,2024-05-22,2024-09-03,20,North America,Partnership,0,
CUST3115,Standard,2024-04-30,2025-09-13,50,APAC,Partnership,0,
CUST3116,Standard,2025-05-14,2026-04-12,50,North America,Paid Ads,0,
CUST3117,Basic,2024-05-28,2025-04-10,20,North America,Organic,1,2025-03-28
CUST3118,Standard,2024-09-29,2025-04-28,50,Europe,Referral,0,
CUST3119,Premium,2024-03-17,2025-07-20,100,LATAM,Partnership,1,2025-03-15
CUST3120,Standard,2024-05-15,2024-09-29,50,APAC,Partnership,0,
CUST3121,Standard,2025-05-12,2027-10-12,50,APAC,Partnership,0,
CUST3122,Standard,2024-01-03,2026-06-16,50,LATAM,Paid Ads,0,
CUST3123,Basic,2024-01-01,2026-01-27,20,APAC,Referral,0,
CUST3124,Premium,2025-02-12,2025-10-24,100,North America,Organic,0,
CUST3125,Standard,2024-02-24,2025-07-08,50,LATAM,Partnership,0,
CUST3126,Basic,2024-06-30,2025-12-27,20,APAC,Referral,0,
CUST3127,Premium,2024-01-06,2024-04-04,100,APAC,Partnership,1,2024-03-13
CUST3128,Premium,2024-09-25,2026-10-29,100,Europe,Paid Ads,0,
CUST3129,Basic,2024-03-15,2025-05-17,20,Europe,Referral,0,
CUST3130,Premium,2025-05-08,2025-08-13,100,APAC,Organic,1,2025-06-22
CUST3131,Premium,2024-04-28,2026-01-06,100,North America,Organic,0,
CUST3132,Basic,2024-04-21,2026-09-03,20,Europe,Referral,0,
CUST3133,Standard,2024-03-23,2026-05-27,50,Europe,Referral,0,
CUST3134,Premium,2025-03-27,2025-06-19,100,APAC,Paid Ads,0,
CUST3135,Basic,2024-02-03,2025-06-20,20,Europe,Organic,1,2024-09-11
CUST3136,Premium,2024-01-05,2025-06-13,100,APAC,Organic,0,
CUST3137,Premium,2024-12-01,2026-12-16,100,North America,Partnership,0,
CUST3138,Premium,2025-02-27,2026-11-26,100,Europe,Referral,0,
CUST3139,Basic,2024-05-14,2026-02-12,20,LATAM,Partnership,0,
CUST3140,Standard,2024-03-31,2026-01-29,50,North America,Referral,0,
CUST3141,Premium,2024-07-26,2026-11-27,100,Europe,Referral,0,
CUST3142,Premium,2024-03-13,2024-05-18,100,North America,Paid Ads,0,
CUST3143,Basic,2025-02-16,2025-10-31,20,Europe,Partnership,0,
CUST3144,Basic,2024-08-06,2026-11-16,20,LATAM,Partnership,0,
CUST3145,Standard,2024-09-04,2025-09-14,50,LATAM,Partnership,0,
CUST3146,Basic,2025-02-19,2025-12-25,20,LATAM,Organic,0,
CUST3147,Standard,2025-04-03,2025-11-17,50,North America,Referral,0,
CUST3148,Basic,2025-05-30,2026-01-14,20,APAC,Partnership,0,
CUST3149,Basic,2025-01-26,2027-05-22,20,APAC,Paid Ads,0,
CUST3150,Standard,2024-02-18,2025-02-20,50,LATAM,Paid Ads,0,
CUST3151,Standard,2024-02-21,2025-04-28,50,LATAM,Partnership,0,
CUST3152,Premium,2024-03-22,2025-04-28,100,APAC,Partnership,0,
CUST3153,Basic,2024-01-10,2025-10-09,20,Europe,Paid Ads,1,2024-12-17
CUST3154,Standard,2025-05-20,2027-03-25,50,North America,Organic,0,
CUST3155,Premium,2024-08-27,2025-01-06,100,North America,Organic,0,
CUST3156,Basic,2024-04-07,2026-01-12,20,LATAM,Referral,0,
CUST3157,Basic,2024-10-29,2026-11-19,20,Europe,Partnership,0,
CUST3158,Premium,2024-06-30,2025-01-18,100,LATAM,Organic,0,
CUST3159,Standard,2024-11-18,2027-04-04,50,APAC,Paid Ads,0,
CUST3160,Standard,2024-01-01,2024-04-24,50,North America,Paid Ads,0,
CUST3161,Basic,2024-12-31,2025-03-31,20,LATAM,Partnership,1,2025-02-23
CUST3162,Premium,2024-11-23,2025-04-15,100,North America,Organic,0,
CUST3163,Premium,2024-09-22,2026-01-15,100,Europe,Partnership,0,
CUST3164,Premium,2025-03-24,2026-02-06,100,APAC,Organic,1,2025-12-02
CUST3165,Basic,2024-05-12,2025-09-28,20,LATAM,Paid Ads,0,
CUST3166,Basic,2024-01-29,2024-10-21,20,APAC,Partnership,0,
CUST3167,Basic,2025-02-06,2025-12-27,20,North America,Organic,0,
CUST3168,Premium,2024-01-13,2024-09-07,100,Europe,Partnership,0,
CUST3169,Premium,2024-10-11,2025-11-01,100,North America,Organic,1,2024-10-28
CUST3170,Basic,2024-10-18,2025-01-21,20,LATAM,Organic,1,2024-11-26
CUST3171,Premium,2024-12-10,2026-10-01,100,North America,Paid Ads,0,
CUST3172,Basic,2024-09-06,2025-10-23,20,APAC,Partnership,0,
CUST3173,Standard,2025-01-05,2026-03-08,50,Europe,Organic,1,2025-02-05
CUST3174,Standard,2024-01-20,2025-04-01,50,LATAM,Organic,0,
CUST3175,Premium,2025-01-31,2027-03-06,100,North America,Organic,0,
CUST3176,Standard,2025-05-05,2026-10-29,50,North America,Paid Ads,0,
CUST3177,Premium,2024-07-17,2026-03-22,100,Europe,Paid Ads,0,
CUST3178,Standard,2024-01-22,2024-02-23,50,APAC,Paid Ads,0,
CUST3179,Standard,2024-12-08,2025-12-08,50,LATAM,Paid Ads,1,2025-03-01
CUST3180,Premium,2024-03-15,2025-09-01,100,APAC,Organic,0,
CUST3181,Standard,2024-05-13,2025-07-17,50,APAC,Partnership,0,
CUST3182,Basic,2024-07-07,2026-03-25,20,LATAM,Partnership,1,2025-01-15
CUST3183,Premium,2024-08-14,2025-07-25,100,Europe,Paid Ads,0,
CUST3184,Basic,2024-02-02,2025-10-09,20,North America,Organic,1,2025-04-09
CUST3185,Premium,2024-09-07,2024-10-12,100,North America,Partnership,0,
CUST3186,Premium,2024-09-05,2024-10-19,100,LATAM,Partnership,0,
CUST3187,Basic,2025-02-06,2026-06-05,20,North America,Referral,0,
CUST3188,Basic,2024-12-08,2026-04-19,20,North America,Partnership,0,
CUST3189,Premium,2024-07-09,2024-11-05,100,LATAM,Partnership,0,
CUST3190,Premium,2024-06-20,2025-08-28,100,LATAM,Partnership,1,2025-08-26
CUST3191,Basic,2024-01-09,2026-01-18,20,LATAM,Paid Ads,1,2025-01-22
CUST3192,Standard,2024-09-18,2026-02-03,50,Europe,Organic,0,
CUST3193,Basic,2025-03-31,2025-08-25,20,Europe,Organic,1,2025-06-28
CUST3194,Basic,2024-07-04,2025-02-12,20,Europe,Organic,0,
CUST3195,Basic,2024-03-10,2025-04-05,20,North America,Paid Ads,0,
CUST3196,Premium,2024-01-05,2026-01-06,100,North America,Referral,0,
CUST3197,Basic,2024-04-24,2025-10-21,20,LATAM,Organic,0,
CUST3198,Premium,2024-03-24,2026-05-10,100,APAC,Partnership,0,
CUST3199,Standard,2024-06-20,2026-07-10,50,LATAM,Referral,0,
CUST3200,Standard,2024-12-13,2025-09-11,50,North America,Organic,0,
CUST3201,Premium,2025-01-19,2026-11-03,100,Europe,Organic,0,
CUST3202,Premium,2024-10-09,2025-10-13,100,LATAM,Paid Ads,0,
CUST3203,Standard,2024-05-21,2024-12-09,50,North America,Organic,0,
CUST3204,Standard,2024-02-25,2024-09-23,50,Europe,Organic,0,
CUST3205,Premium,2024-08-22,2025-02-06,100,APAC,Paid Ads,0,
CUST3206,Basic,2024-03-31,2025-02-08,20,North America,Partnership,0,
CUST3207,Standard,2024-04-22,2024-07-28,50,Europe,Paid Ads,0,
CUST3208,Standard,2024-05-09,2026-07-01,50,Europe,Organic,0,
CUST3209,Basic,2024-07-31,2024-10-20,20,Europe,Organic,0,
CUST3210,Premium,2024-05-14,2024-10-24,100,Europe,Paid Ads,0,
CUST3211,Standard,2024-04-15,2025-01-19,50,APAC,Paid Ads,0,
CUST3212,Basic,2025-05-30,2025-10-02,20,North America,Paid Ads,0,
CUST3213,Basic,2025-02-09,2025-09-28,20,LATAM,Partnership,1,2025-09-09
CUST3214,Basic,2025-03-26,2026-08-05,20,APAC,Paid Ads,0,
CUST3215,Standard,2024-05-15,2026-08-09,50,North America,Paid Ads,1,2024-06-08
CUST3216,Premium,2025-03-01,2027-02-28,100,Europe,Organic,0,
CUST3217,Premium,2024-11-01,2025-12-23,100,North America,Referral,0,
CUST3218,Basic,2024-05-02,2026-08-14,20,Europe,Paid Ads,1,2025-01-11
CUST3219,Premium,2025-01-31,2026-04-07,100,APAC,Organic,0,
CUST3220,Premium,2024-05-01,2025-08-03,100,North America,Paid Ads,0,
CUST3221,Premium,2025-02-19,2026-10-12,100,North America,Partnership,0,
CUST3222,Standard,2024-02-11,2025-04-08,50,LATAM,Referral,0,
CUST3223,Standard,2025-02-07,2026-03-14,50,Europe,Organic,0,
CUST3224,Standard,2024-11-03,2026-10-05,50,APAC,Partnership,1,2026-01-19
CUST3225,Standard,2024-07-12,2026-08-15,50,Europe,Partnership,0,
CUST3226,Standard,2024-11-05,2026-09-28,50,APAC,Organic,0,
CUST3227,Basic,2024-05-12,2026-10-25,20,LATAM,Paid Ads,0,
CUST3228,Basic,2024-03-31,2025-02-26,20,LATAM,Organic,0,
CUST3229,Standard,2024-05-20,2026-10-15,50,Europe,Referral,0,
CUST3230,Premium,2024-06-03,2024-10-14,100,APAC,Partnership,0,
CUST3231,Premium,2024-04-10,2026-06-06,100,North America,Referral,0,
CUST3232,Standard,2024-11-14,2027-04-03,50,Europe,Paid Ads,0,
CUST3233,Premium,2024-08-13,2025-04-05,100,LATAM,Partnership,0,
CUST3234,Basic,2025-04-16,2025-11-23,20,Europe,Partnership,0,
CUST3235,Premium,2024-08-29,2025-05-16,100,North America,Partnership,0,
CUST3236,Basic,2024-03-20,2024-07-08,20,North America,Paid Ads,0,
CUST3237,Standard,2024-01-29,2025-03-16,50,LATAM,Referral,0,
CUST3238,Standard,2025-02-03,2027-02-09,50,APAC,Referral,0,
CUST3239,Standard,2025-04-09,2026-06-24,50,LATAM,Partnership,0,
CUST3240,Premium,2024-07-23,2025-08-26,100,APAC,Partnership,0,
CUST3241,Standard,2024-10-04,2025-12-10,50,APAC,Referral,0,
CUST3242,Premium,2025-03-17,2025-11-15,100,LATAM,Organic,0,
CUST3243,Basic,2024-12-17,2025-11-04,20,North America,Paid Ads,0,
CUST3244,Premium,2024-11-09,2026-05-13,100,North America,Partnership,1,2025-10-25
CUST3245,Basic,2024-11-26,2027-03-11,20,LATAM,Paid Ads,0,
CUST3246,Premium,2024-11-05,2027-04-18,100,LATAM,Referral,0,
CUST3247,Basic,2025-04-09,2026-02-15,20,Europe,Organic,1,2025-10-15
CUST3248,Premium,2024-07-04,2025-09-01,100,North America,Partnership,1,2025-08-25
CUST3249,Standard,2024-07-19,2025-04-28,50,North America,Partnership,0,
CUST3250,Basic,2024-11-04,2027-02-07,20,LATAM,Organic,0,
CUST3251,Standard,2025-04-08,2026-12-09,50,Europe,Organic,0,
CUST3252,Premium,2024-04-16,2026-04-13,100,LATAM,Paid Ads,0,
CUST3253,Basic,2024-12-30,2025-07-19,20,North America,Referral,1,2025-01-30
CUST3254,Basic,2024-04-04,2025-11-25,20,APAC,Referral,0,
CUST3255,Basic,2024-10-13,2026-12-08,20,Europe,Partnership,0,
CUST3256,Standard,2024-09-30,2027-03-13,50,LATAM,Partnership,0,
CUST3257,Premium,2024-04-25,2025-10-16,100,LATAM,Organic,0,
CUST3258,Basic,2024-12-15,2027-02-12,20,North America,Referral,0,
CUST3259,Basic,2025-04-08,2025-09-20,20,LATAM,Referral,0,
CUST3260,Standard,2024-07-11,2025-02-25,50,APAC,Referral,0,
CUST3261,Basic,2024-02-17,2026-05-08,20,APAC,Organic,0,
CUST3262,Standard,2024-03-05,2024-04-29,50,Europe,Referral,0,
CUST3263,Standard,2024-02-07,2024-04-02,50,APAC,Organic,0,
CUST3264,Standard,2024-03-08,2025-02-17,50,Europe,Paid Ads,0,
CUST3265,Standard,2025-03-11,2025-05-07,50,Europe,Organic,0,
CUST3266,Basic,2025-02-11,2026-09-05,20,North America,Paid Ads,0,
CUST3267,Premium,2024-06-17,2024-08-21,100,North America,Referral,0,
CUST3268,Basic,2024-12-25,2027-01-20,20,LATAM,Partnership,0,
CUST3269,Standard,2024-07-09,2026-03-20,50,Europe,Organic,0,
CUST3270,Standard,2024-05-10,2026-06-15,50,Europe,Partnership,0,
CUST3271,Premium,2024-08-28,2025-02-25,100,APAC,Paid Ads,0,
CUST3272,Premium,2024-07-13,2026-01-28,100,LATAM,Paid Ads,0,
CUST3273,Basic,2025-01-07,2026-06-06,20,North America,Partnership,0,
CUST3274,Basic,2024-05-12,2025-01-29,20,APAC,Paid Ads,0,
CUST3275,Basic,2025-04-25,2026-07-05,20,APAC,Organic,1,2025-05-21
CUST3276,Premium,2024-07-10,2025-09-11,100,LATAM,Organic,0,
CUST3277,Basic,2025-01-25,2025-04-04,20,Europe,Paid Ads,1,2025-03-29
CUST3278,Basic,2024-04-12,2025-05-09,20,Europe,Referral,0,
CUST3279,Premium,2024-04-01,2025-09-17,100,Europe,Paid Ads,0,
CUST3280,Premium,2024-09-21,2026-12-28,100,LATAM,Partnership,0,
CUST3281,Basic,2024-09-25,2025-03-08,20,APAC,Referral,1,2024-11-20
CUST3282,Premium,2024-06-14,2026-07-13,100,Europe,Paid Ads,0,
CUST3283,Premium,2024-09-16,2025-03-22,100,North America,Partnership,0,
CUST3284,Premium,2024-07-01,2026-08-21,100,Europe,Paid Ads,0,
CUST3285,Standard,2024-07-06,2026-11-23,50,North America,Referral,0,
CUST3286,Standard,2024-02-20,2025-04-23,50,Europe,Partnership,0,
CUST3287,Premium,2024-03-09,2026-01-31,100,LATAM,Paid Ads,1,2024-05-05
CUST3288,Standard,2024-10-09,2025-02-23,50,LATAM,Referral,0,
CUST3289,Basic,2024-08-22,2026-04-16,20,LATAM,Partnership,0,
CUST3290,Basic,2024-01-14,2025-12-19,20,APAC,Paid Ads,1,2025-02-12
CUST3291,Basic,2024-10-20,2026-09-29,20,LATAM,Organic,0,
CUST3292,Premium,2025-01-30,2025-05-04,100,LATAM,Partnership,0,
CUST3293,Standard,2025-01-05,2025-12-27,50,LATAM,Organic,0,
CUST3294,Basic,2025-01-12,2025-05-10,20,Europe,Organic,0,
CUST3295,Premium,2024-03-20,2025-11-19,100,APAC,Organic,0,
CUST3296,Premium,2025-03-14,2026-01-16,100,APAC,Partnership,1,2025-04-30
CUST3297,Premium,2024-11-24,2026-03-30,100,LATAM,Paid Ads,0,
CUST3298,Standard,2025-05-03,2027-09-02,50,Europe,Organic,1,2025-09-21
CUST3299,Basic,2025-03-21,2025-09-29,20,APAC,Paid Ads,0,
CUST3300,Basic,2024-05-19,2026-07-04,20,LATAM,Organic,0,
CUST3301,Basic,2024-07-25,2026-04-01,20,APAC,Organic,0,
CUST3302,Premium,2025-04-18,2026-11-13,100,LATAM,Referral,0,
CUST3303,Standard,2025-04-30,2026-01-05,50,LATAM,Organic,1,2025-08-18
CUST3304,Standard,2024-03-22,2026-07-17,50,LATAM,Paid Ads,0,
CUST3305,Basic,2025-02-02,2027-01-24,20,Europe,Referral,0,
CUST3306,Standard,2025-03-06,2026-03-31,50,APAC,Referral,0,
CUST3307,Premium,2024-07-26,2024-12-21,100,Europe,Partnership,0,
CUST3308,Premium,2024-11-12,2025-06-22,100,LATAM,Partnership,1,2025-03-24
CUST3309,Premium,2024-08-26,2025-01-30,100,APAC,Paid Ads,1,2024-10-06
CUST3310,Basic,2024-01-25,2026-04-27,20,North America,Partnership,0,
CUST3311,Standard,2025-04-12,2027-08-08,50,APAC,Partnership,0,
CUST3312,Standard,2024-01-02,2024-06-23,50,North America,Organic,0,
CUST3313,Premium,2024-11-09,2025-10-21,100,LATAM,Referral,0,
CUST3314,Standard,2024-10-31,2026-07-09,50,LATAM,Referral,0,
CUST3315,Standard,2025-03-05,2027-07-18,50,APAC,Organic,0,
CUST3316,Standard,2024-09-20,2025-09-23,50,LATAM,Organic,1,2025-04-17
CUST3317,Basic,2024-08-13,2026-01-06,20,APAC,Partnership,0,
CUST3318,Premium,2025-03-12,2027-01-02,100,LATAM,Partnership,0,
CUST3319,Standard,2024-04-22,2026-03-03,50,LATAM,Organic,0,
CUST3320,Standard,2024-08-16,2025-08-09,50,Europe,Referral,0,
CUST3321,Premium,2024-01-09,2024-08-09,100,APAC,Referral,0,
CUST3322,Basic,2025-04-18,2026-07-15,20,Europe,Paid Ads,0,
CUST3323,Standard,2024-03-21,2025-03-07,50,APAC,Paid Ads,0,
CUST3324,Premium,2024-12-23,2025-11-06,100,APAC,Referral,0,
CUST3325,Standard,2024-12-04,2027-02-13,50,Europe,Partnership,0,
CUST3326,Standard,2024-09-20,2027-01-02,50,Europe,Partnership,1,2025-07-30
CUST3327,Premium,2024-09-07,2026-11-17,100,North America,Referral,0,
CUST3328,Premium,2025-04-06,2026-02-21,100,APAC,Partnership,0,
CUST3329,Standard,2024-01-18,2025-08-08,50,LATAM,Partnership,0,
CUST3330,Premium,2024-08-17,2024-11-03,100,Europe,Paid Ads,0,
CUST3331,Premium,2025-05-03,2027-06-12,100,LATAM,Paid Ads,0,
CUST3332,Premium,2024-09-12,2025-03-22,100,APAC,Organic,1,2024-09-15
CUST3333,Premium,2024-03-03,2026-03-10,100,LATAM,Paid Ads,0,
CUST3334,Standard,2024-11-30,2025-11-03,50,North America,Referral,0,
CUST3335,Premium,2024-10-20,2026-08-26,100,APAC,Paid Ads,0,
CUST3336,Standard,2025-04-28,2027-08-25,50,APAC,Partnership,0,
CUST3337,Basic,2024-01-11,2024-03-24,20,North America,Paid Ads,0,
CUST3338,Premium,2025-01-25,2025-04-30,100,LATAM,Partnership,1,2025-04-14
CUST3339,Basic,2024-05-24,2026-07-17,20,North America,Organic,0,
CUST3340,Basic,2024-07-27,2026-09-16,20,Europe,Organic,0,
CUST3341,Standard,2025-02-05,2025-09-17,50,LATAM,Partnership,0,
CUST3342,Standard,2025-03-16,2027-07-19,50,LATAM,Organic,1,2026-10-25
CUST3343,Premium,2024-09-24,2026-10-16,100,Europe,Organic,0,
CUST3344,Standard,2024-12-01,2026-02-10,50,Europe,Partnership,0,
CUST3345,Basic,2025-01-14,2025-04-03,20,North America,Paid Ads,0,
CUST3346,Standard,2025-02-21,2025-08-31,50,Europe,Paid Ads,0,
CUST3347,Premium,2024-09-11,2025-04-28,100,Europe,Organic,0,
CUST3348,Standard,2025-02-20,2025-10-20,50,Europe,Partnership,0,
CUST3349,Basic,2025-04-06,2027-05-07,20,APAC,Paid Ads,0,
CUST3350,Premium,2024-02-03,2025-09-20,100,LATAM,Organic,0,
CUST3351,Premium,2024-10-14,2025-12-08,100,APAC,Paid Ads,0,
CUST3352,Basic,2025-05-13,2026-09-03,20,Europe,Organic,0,
CUST3353,Basic,2024-07-11,2024-09-17,20,LATAM,Partnership,0,
CUST3354,Standard,2024-08-21,2026-03-23,50,North America,Paid Ads,0,
CUST3355,Standard,2024-06-14,2026-10-26,50,North America,Paid Ads,0,
CUST3356,Standard,2024-12-12,2025-07-15,50,LATAM,Referral,0,
CUST3357,Standard,2024-07-24,2025-01-06,50,Europe,Paid Ads,0,
CUST3358,Basic,2024-05-19,2024-07-04,20,Europe,Organic,1,2024-06-14
CUST3359,Premium,2024-07-28,2024-09-06,100,North America,Paid Ads,0,
CUST3360,Basic,2025-02-22,2026-07-16,20,Europe,Partnership,0,
CUST3361,Premium,2025-04-12,2026-05-20,100,North America,Referral,0,
CUST3362,Basic,2024-05-25,2026-08-27,20,LATAM,Referral,0,
CUST3363,Premium,2024-09-12,2026-11-17,100,APAC,Partnership,1,2025-06-24
CUST3364,Premium,2024-02-27,2024-06-16,100,APAC,Paid Ads,0,
CUST3365,Basic,2025-05-14,2025-12-04,20,Europe,Partnership,0,
CUST3366,Basic,2024-02-17,2024-07-26,20,APAC,Paid Ads,0,
CUST3367,Standard,2024-04-03,2025-08-11,50,North America,Organic,0,
CUST3368,Basic,2024-02-23,2025-04-10,20,Europe,Partnership,1,2025-02-27
CUST3369,Standard,2024-04-14,2026-09-12,50,APAC,Referral,0,
CUST3370,Premium,2024-09-23,2025-12-20,100,LATAM,Partnership,1,2025-10-31
CUST3371,Premium,2024-02-21,2025-04-21,100,Europe,Partnership,0,
CUST3372,Premium,2024-06-06,2026-09-21,100,Europe,Referral,0,
CUST3373,Premium,2025-06-01,2025-09-04,100,Europe,Partnership,0,
CUST3374,Standard,2025-01-29,2026-04-07,50,North America,Partnership,0,
CUST3375,Standard,2024-09-10,2026-02-19,50,APAC,Paid Ads,0,
CUST3376,Basic,2024-07-09,2024-11-18,20,LATAM,Organic,1,2024-08-01
CUST3377,Basic,2024-02-12,2024-11-09,20,North America,Referral,0,
CUST3378,Premium,2024-03-16,2025-07-24,100,LATAM,Organic,0,
CUST3379,Standard,2024-08-18,2026-05-22,50,APAC,Organic,0,
CUST3380,Basic,2024-07-01,2026-04-04,20,APAC,Partnership,0,
CUST3381,Basic,2024-06-25,2025-01-20,20,LATAM,Organic,1,2024-10-30
CUST3382,Standard,2024-08-13,2026-04-05,50,APAC,Paid Ads,0,
CUST3383,Basic,2024-10-23,2025-04-24,20,North America,Partnership,1,2025-01-28
CUST3384,Basic,2024-09-23,2026-06-20,20,LATAM,Partnership,0,
CUST3385,Standard,2024-01-02,2026-01-09,50,Europe,Paid Ads,0,
CUST3386,Basic,2024-10-28,2025-10-02,20,Europe,Partnership,0,
CUST3387,Basic,2024-12-04,2025-01-15,20,APAC,Referral,0,
CUST3388,Basic,2025-01-18,2026-11-07,20,Europe,Organic,0,
CUST3389,Premium,2024-11-16,2025-06-28,100,APAC,Organic,0,
CUST3390,Standard,2024-07-05,2025-09-14,50,LATAM,Partnership,0,
CUST3391,Premium,2024-11-20,2026-02-17,100,Europe,Paid Ads,0,
CUST3392,Basic,2025-04-30,2026-04-21,20,LATAM,Referral,0,
CUST3393,Basic,2024-01-18,2025-04-20,20,APAC,Paid Ads,1,2024-08-10
CUST3394,Standard,2024-05-17,2024-07-14,50,North America,Paid Ads,0,
CUST3395,Premium,2024-10-19,2025-03-17,100,Europe,Paid Ads,1,2025-02-02
CUST3396,Basic,2024-11-21,2025-11-09,20,North America,Paid Ads,0,
CUST3397,Premium,2025-03-22,2025-12-27,100,LATAM,Paid Ads,0,
CUST3398,Premium,2024-06-25,2026-11-18,100,Europe,Referral,0,
CUST3399,Standard,2025-03-17,2026-05-07,50,Europe,Organic,1,2026-02-20
CUST3400,Standard,2024-04-09,2024-11-24,50,North America,Partnership,0,
CUST3401,Basic,2024-02-14,2024-12-19,20,Europe,Organic,0,
CUST3402,Basic,2024-03-26,2024-10-23,20,Europe,Organic,0,
CUST3403,Basic,2025-01-16,2027-03-24,20,Europe,Organic,0,
CUST3404,Premium,2024-06-06,2025-09-24,100,North America,Partnership,0,
CUST3405,Premium,2024-11-01,2024-12-09,100,LATAM,Referral,1,2024-11-09
CUST3406,Premium,2024-02-29,2025-05-02,100,APAC,Partnership,0,
CUST3407,Standard,2024-02-13,2026-06-05,50,Europe,Organic,0,
CUST3408,Premium,2025-05-06,2026-02-10,100,LATAM,Referral,0,
CUST3409,Premium,2025-02-15,2025-12-30,100,APAC,Referral,0,
CUST3410,Standard,2025-03-21,2027-05-01,50,APAC,Organic,1,2026-01-19
CUST3411,Premium,2024-05-24,2026-06-25,100,Europe,Organic,0,
CUST3412,Basic,2024-07-16,2025-02-18,20,Europe,Organic,1,2025-01-09
CUST3413,Basic,2024-06-16,2026-04-03,20,North America,Partnership,0,
CUST3414,Basic,2025-05-12,2026-11-16,20,North America,Partnership,0,
CUST3415,Premium,2025-04-27,2027-02-15,100,North America,Organic,0,
CUST3416,Standard,2024-06-13,2025-12-21,50,APAC,Organic,0,
CUST3417,Basic,2024-08-12,2025-11-27,20,North America,Organic,0,
CUST3418,Basic,2024-03-04,2024-04-08,20,Europe,Organic,0,
CUST3419,Basic,2024-07-17,2026-02-24,20,Europe,Partnership,0,
CUST3420,Basic,2024-02-17,2025-02-15,20,North America,Partnership,0,
CUST3421,Standard,2024-01-02,2025-01-29,50,Europe,Paid Ads,0,
CUST3422,Basic,2024-03-04,2024-06-03,20,LATAM,Paid Ads,0,
CUST3423,Premium,2025-04-13,2027-06-26,100,LATAM,Paid Ads,0,
CUST3424,Basic,2024-07-30,2026-01-24,20,Europe,Paid Ads,0,
CUST3425,Standard,2025-05-10,2026-07-31,50,Europe,Paid Ads,0,
CUST3426,Basic,2025-02-16,2025-09-15,20,APAC,Organic,0,
CUST3427,Basic,2024-11-08,2027-02-11,20,Europe,Referral,1,2025-01-24
CUST3428,Basic,2024-07-24,2025-04-11,20,Europe,Paid Ads,0,
CUST3429,Basic,2024-12-23,2025-08-01,20,North America,Paid Ads,0,
CUST3430,Premium,2024-11-29,2026-12-24,100,North America,Referral,0,
CUST3431,Premium,2025-05-08,2026-10-24,100,North America,Referral,0,
CUST3432,Premium,2025-01-14,2027-06-08,100,North America,Referral,0,
CUST3433,Basic,2024-09-10,2026-12-07,20,North America,Partnership,1,2025-01-19
CUST3434,Standard,2024-04-29,2025-09-12,50,LATAM,Referral,0,
CUST3435,Premium,2025-03-05,2026-11-18,100,North America,Partnership,0,
CUST3436,Premium,2024-12-24,2026-11-30,100,Europe,Partnership,0,
CUST3437,Premium,2025-02-04,2026-03-26,100,North America,Paid Ads,0,
CUST3438,Standard,2024-12-28,2026-09-07,50,LATAM,Paid Ads,0,
CUST3439,Basic,2024-07-28,2025-07-08,20,APAC,Referral,0,
CUST3440,Premium,2024-11-29,2025-08-14,100,Europe,Partnership,0,
CUST3441,Premium,2025-03-31,2027-05-25,100,LATAM,Organic,0,
CUST3442,Basic,2024-10-01,2026-08-04,20,North America,Referral,0,
CUST3443,Premium,2024-11-07,2025-02-09,100,LATAM,Referral,0,
CUST3444,Premium,2024-01-23,2025-09-19,100,LATAM,Referral,1,2025-05-06
CUST3445,Standard,2024-12-26,2026-12-28,50,LATAM,Partnership,0,
CUST3446,Premium,2024-10-09,2025-01-24,100,APAC,Referral,0,
CUST3447,Basic,2025-02-24,2026-07-12,20,APAC,Organic,0,
CUST3448,Standard,2025-02-12,2027-04-03,50,APAC,Paid Ads,0,
CUST3449,Premium,2024-10-26,2027-01-29,100,North America,Referral,0,
CUST3450,Basic,2024-11-19,2024-12-29,20,APAC,Partnership,0,
CUST3451,Basic,2024-11-30,2025-06-23,20,LATAM,Organic,1,2024-12-09
CUST3452,Basic,2025-04-14,2025-06-23,20,LATAM,Paid Ads,0,
CUST3453,Standard,2024-07-02,2025-05-05,50,North America,Organic,0,
CUST3454,Standard,2024-08-14,2024-09-13,50,APAC,Organic,0,
CUST3455,Premium,2024-12-03,2026-05-11,100,Europe,Organic,0,
CUST3456,Premium,2024-09-25,2027-02-25,100,Europe,Referral,0,
CUST3457,Basic,2024-08-30,2024-10-13,20,APAC,Referral,1,2024-09-28
CUST3458,Standard,2024-01-01,2024-09-04,50,North America,Organic,1,2024-03-30
CUST3459,Premium,2024-04-14,2026-01-10,100,LATAM,Referral,0,
CUST3460,Premium,2024-01-18,2025-02-17,100,APAC,Paid Ads,0,
CUST3461,Basic,2025-03-24,2026-10-29,20,APAC,Paid Ads,0,
CUST3462,Standard,2024-02-23,2025-08-20,50,LATAM,Referral,0,
CUST3463,Premium,2025-04-28,2025-11-09,100,North America,Organic,0,
CUST3464,Premium,2024-04-25,2026-03-02,100,North America,Organic,0,
CUST3465,Standard,2024-02-18,2024-11-10,50,APAC,Organic,0,
CUST3466,Standard,2024-05-14,2026-02-18,50,APAC,Partnership,0,
CUST3467,Basic,2024-10-07,2026-09-18,20,LATAM,Referral,0,
CUST3468,Standard,2024-06-17,2025-05-21,50,LATAM,Partnership,0,
CUST3469,Standard,2024-04-29,2025-04-25,50,Europe,Paid Ads,0,
CUST3470,Premium,2024-05-20,2025-05-07,100,LATAM,Referral,0,
CUST3471,Basic,2024-05-07,2026-02-19,20,Europe,Paid Ads,1,2025-01-04
CUST3472,Basic,2024-01-31,2024-11-20,20,APAC,Referral,0,
CUST3473,Standard,2024-10-22,2026-10-23,50,LATAM,Partnership,0,
CUST3474,Standard,2024-11-30,2025-06-22,50,Europe,Referral,1,2025-01-29
CUST3475,Premium,2024-01-07,2025-06-20,100,Europe,Partnership,0,
CUST3476,Basic,2024-12-22,2025-09-01,20,APAC,Partnership,1,2025-06-20
CUST3477,Premium,2024-09-12,2025-11-19,100,North America,Organic,1,2024-12-16
CUST3478,Basic,2024-08-30,2026-12-05,20,North America,Referral,0,
CUST3479,Premium,2024-06-09,2025-09-17,100,LATAM,Referral,0,
CUST3480,Premium,2024-11-24,2026-12-23,100,Europe,Partnership,0,
CUST3481,Premium,2024-07-04,2026-03-24,100,APAC,Paid Ads,0,
CUST3482,Basic,2024-11-16,2025-03-29,20,APAC,Paid Ads,0,
CUST3483,Premium,2025-01-12,2026-11-02,100,APAC,Referral,1,2025-03-22
CUST3484,Basic,2024-02-18,2025-03-25,20,APAC,Organic,0,
CUST3485,Basic,2025-04-10,2026-03-20,20,APAC,Referral,0,
CUST3486,Basic,2024-12-31,2027-03-31,20,APAC,Paid Ads,1,2026-03-25
CUST3487,Premium,2025-04-17,2025-09-15,100,APAC,Organic,0,
CUST3488,Standard,2024-09-23,2025-08-15,50,LATAM,Paid Ads,0,
CUST3489,Premium,2024-12-07,2025-08-30,100,Europe,Organic,0,
CUST3490,Premium,2024-07-18,2024-12-22,100,North America,Paid Ads,0,
CUST3491,Standard,2024-07-24,2025-04-25,50,North America,Organic,0,
CUST3492,Premium,2024-02-08,2025-08-16,100,Europe,Referral,0,
CUST3493,Premium,2024-12-27,2027-04-19,100,Europe,Organic,0,
CUST3494,Premium,2024-01-10,2024-11-27,100,LATAM,Paid Ads,0,
CUST3495,Standard,2024-03-05,2025-02-18,50,Europe,Partnership,0,
CUST3496,Standard,2024-11-30,2027-04-30,50,APAC,Referral,0,
CUST3497,Standard,2024-02-21,2024-07-03,50,Europe,Referral,0,
CUST3498,Basic,2025-05-04,2025-12-12,20,APAC,Referral,0,
CUST3499,Standard,2025-05-05,2026-08-31,50,LATAM,Organic,0,
CUST3500,Basic,2024-11-13,2025-07-30,20,LATAM,Organic,0,
CUST3501,Standard,2025-01-20,2026-11-25,50,Europe,Partnership,0,
CUST3502,Standard,2024-01-30,2026-02-04,50,APAC,Organic,1,2024-03-20
CUST3503,Premium,2024-08-21,2026-05-04,100,APAC,Referral,1,2025-04-18
CUST3504,Premium,2024-04-07,2026-04-28,100,APAC,Paid Ads,1,2025-12-07
CUST3505,Standard,2024-06-23,2026-05-20,50,APAC,Partnership,0,
CUST3506,Standard,2025-01-14,2026-05-07,50,APAC,Referral,0,
CUST3507,Standard,2024-12-22,2027-03-04,50,LATAM,Partnership,0,
CUST3508,Premium,2024-07-02,2024-12-25,100,North America,Organic,1,2024-11-29
CUST3509,Standard,2024-11-02,2026-05-27,50,North America,Paid Ads,0,
CUST3510,Premium,2025-04-18,2025-06-01,100,LATAM,Organic,0,
CUST3511,Premium,2024-12-02,2027-04-11,100,APAC,Partnership,1,2025-09-01
CUST3512,Basic,2024-06-12,2025-12-29,20,LATAM,Referral,0,
CUST3513,Premium,2024-07-05,2026-08-17,100,North America,Organic,0,
CUST3514,Basic,2025-03-20,2027-09-05,20,Europe,Partnership,0,
CUST3515,Basic,2024-03-22,2025-01-27,20,Europe,Referral,0,
CUST3516,Standard,2024-06-19,2026-11-19,50,North America,Organic,1,2025-10-12
CUST3517,Premium,2024-11-19,2025-05-19,100,North America,Partnership,0,
CUST3518,Standard,2024-08-14,2027-01-03,50,LATAM,Paid Ads,0,
CUST3519,Basic,2025-04-20,2027-06-25,20,APAC,Organic,1,2027-03-06
CUST3520,Standard,2025-02-08,2025-03-30,50,Europe,Paid Ads,0,
CUST3521,Basic,2024-03-22,2024-05-01,20,North America,Paid Ads,0,
CUST3522,Premium,2024-11-10,2025-04-26,100,Europe,Referral,0,
CUST3523,Standard,2024-09-06,2026-10-16,50,APAC,Organic,0,
CUST3524,Premium,2024-04-13,2025-10-09,100,North America,Partnership,0,
CUST3525,Basic,2024-03-03,2024-08-18,20,APAC,Partnership,0,
CUST3526,Premium,2025-02-14,2025-05-26,100,LATAM,Paid Ads,0,
CUST3527,Premium,2025-01-23,2027-04-08,100,LATAM,Paid Ads,0,
CUST3528,Standard,2024-12-23,2026-06-27,50,North America,Paid Ads,0,
CUST3529,Standard,2024-12-27,2025-09-30,50,Europe,Paid Ads,0,
CUST3530,Basic,2024-11-25,2027-02-02,20,North America,Partnership,0,
CUST3531,Standard,2024-10-25,2026-02-28,50,North America,Partnership,0,
CUST3532,Basic,2025-01-19,2025-10-21,20,APAC,Referral,0,
CUST3533,Premium,2024-12-21,2027-04-08,100,Europe,Partnership,0,
CUST3534,Basic,2024-09-09,2025-11-15,20,LATAM,Partnership,0,
CUST3535,Premium,2024-09-02,2026-01-27,100,North America,Paid Ads,0,
CUST3536,Standard,2025-03-07,2027-05-30,50,North America,Paid Ads,0,
CUST3537,Standard,2024-09-12,2025-08-10,50,North America,Partnership,0,
CUST3538,Basic,2024-09-19,2024-12-28,20,LATAM,Partnership,0,
CUST3539,Premium,2024-02-05,2024-06-21,100,LATAM,Organic,0,
CUST3540,Premium,2024-07-28,2025-08-04,100,LATAM,Partnership,0,
CUST3541,Premium,2024-09-28,2024-12-10,100,APAC,Referral,0,
CUST3542,Basic,2024-01-02,2024-06-18,20,North America,Paid Ads,0,
CUST3543,Basic,2024-05-26,2025-11-05,20,North America,Partnership,0,
CUST3544,Standard,2024-09-26,2026-08-05,50,Europe,Organic,0,
CUST3545,Standard,2024-08-23,2026-05-21,50,LATAM,Organic,0,
CUST3546,Basic,2024-02-15,2025-05-18,20,North America,Referral,0,
CUST3547,Standard,2024-06-26,2025-12-25,50,North America,Paid Ads,0,
CUST3548,Standard,2024-11-23,2027-02-03,50,LATAM,Partnership,0,
CUST3549,Basic,2025-04-09,2025-09-25,20,Europe,Partnership,0,
CUST3550,Basic,2024-07-20,2024-09-09,20,LATAM,Partnership,0,
CUST3551,Standard,2025-01-27,2027-07-05,50,North America,Organic,0,
CUST3552,Standard,2024-11-08,2025-07-09,50,North America,Paid Ads,0,
CUST3553,Premium,2024-07-29,2026-03-12,100,North America,Referral,0,
CUST3554,Premium,2024-08-27,2025-05-03,100,APAC,Paid Ads,0,
CUST3555,Standard,2024-09-14,2025-01-18,50,LATAM,Organic,0,
CUST3556,Basic,2024-12-23,2025-08-07,20,North America,Organic,0,
CUST3557,Premium,2024-07-09,2026-02-17,100,LATAM,Organic,1,2024-11-23
CUST3558,Standard,2024-02-10,2024-12-04,50,APAC,Paid Ads,1,2024-05-08
CUST3559,Basic,2024-12-30,2026-05-05,20,North America,Organic,0,
CUST3560,Basic,2024-03-08,2024-04-27,20,APAC,Partnership,1,2024-04-22
CUST3561,Standard,2024-08-08,2025-02-17,50,APAC,Organic,0,
CUST3562,Basic,2025-05-09,2027-06-09,20,North America,Organic,0,
CUST3563,Basic,2024-10-10,2026-05-20,20,Europe,Paid Ads,0,
CUST3564,Basic,2025-02-03,2025-11-21,20,LATAM,Paid Ads,0,
CUST3565,Premium,2024-07-06,2025-02-02,100,LATAM,Paid Ads,0,
CUST3566,Standard,2024-07-08,2025-05-30,50,APAC,Paid Ads,1,2024-10-26
CUST3567,Basic,2024-04-20,2025-11-17,20,LATAM,Organic,0,
CUST3568,Basic,2024-11-08,2026-01-03,20,North America,Paid Ads,0,
CUST3569,Basic,2024-02-21,2025-07-21,20,LATAM,Paid Ads,1,2025-04-05
CUST3570,Standard,2024-06-04,2026-09-09,50,Europe,Organic,1,2026-02-03
CUST3571,Standard,2025-02-28,2027-04-07,50,Europe,Referral,1,2026-10-06
CUST3572,Standard,2024-02-01,2024-03-12,50,Europe,Referral,0,
CUST3573,Standard,2024-03-02,2024-07-08,50,APAC,Organic,0,
CUST3574,Basic,2024-01-27,2026-05-23,20,APAC,Organic,0,
CUST3575,Premium,2024-07-13,2026-09-21,100,LATAM,Organic,0,
CUST3576,Premium,2024-06-13,2024-10-16,100,LATAM,Paid Ads,1,2024-08-22
CUST3577,Standard,2024-03-18,2026-02-16,50,North America,Referral,0,
CUST3578,Basic,2024-01-26,2026-05-28,20,Europe,Organic,0,
CUST3579,Standard,2024-04-24,2025-10-13,50,APAC,Referral,1,2024-10-13
CUST3580,Premium,2024-01-07,2025-05-16,100,North America,Referral,0,
CUST3581,Basic,2024-05-28,2026-10-19,20,LATAM,Organic,0,
CUST3582,Standard,2024-07-07,2025-08-10,50,APAC,Paid Ads,1,2025-06-04
CUST3583,Standard,2024-12-16,2025-07-19,50,North America,Paid Ads,0,
CUST3584,Premium,2024-05-25,2026-07-14,100,APAC,Organic,0,
CUST3585,Premium,2024-11-08,2027-01-06,100,North America,Partnership,0,
CUST3586,Standard,2024-01-24,2024-09-23,50,Europe,Referral,0,
CUST3587,Standard,2024-04-06,2024-12-22,50,APAC,Partnership,0,
CUST3588,Standard,2025-04-21,2027-01-28,50,LATAM,Organic,0,
CUST3589,Premium,2024-10-03,2025-10-21,100,North America,Paid Ads,0,
CUST3590,Standard,2025-01-26,2025-04-03,50,APAC,Organic,1,2025-02-09
CUST3591,Premium,2024-04-03,2024-10-24,100,North America,Partnership,0,
CUST3592,Premium,2025-02-27,2025-12-15,100,LATAM,Partnership,0,
CUST3593,Standard,2024-08-07,2025-12-24,50,LATAM,Paid Ads,0,
CUST3594,Basic,2024-11-15,2026-03-27,20,North America,Partnership,0,
CUST3595,Premium,2024-03-31,2025-11-29,100,Europe,Referral,1,2024-05-04
CUST3596,Standard,2024-03-28,2025-07-18,50,APAC,Paid Ads,0,
CUST3597,Basic,2025-02-06,2026-11-20,20,LATAM,Paid Ads,0,
CUST3598,Premium,2024-11-29,2025-08-21,100,Europe,Paid Ads,0,
CUST3599,Standard,2025-04-04,2025-06-13,50,LATAM,Partnership,0,
CUST3600,Basic,2024-11-22,2025-09-28,20,Europe,Referral,0,
CUST3601,Basic,2024-03-08,2024-09-24,20,North America,Paid Ads,0,
CUST3602,Premium,2024-01-15,2025-02-15,100,LATAM,Paid Ads,0,
CUST3603,Basic,2024-01-03,2024-04-04,20,Europe,Paid Ads,1,2024-03-14
CUST3604,Premium,2024-10-25,2026-12-25,100,LATAM,Paid Ads,0,
CUST3605,Standard,2024-04-23,2026-02-08,50,LATAM,Paid Ads,1,2025-10-04
CUST3606,Premium,2024-09-15,2025-02-13,100,North America,Organic,0,
CUST3607,Basic,2025-01-28,2026-10-01,20,North America,Organic,0,
CUST3608,Premium,2024-05-22,2026-05-23,100,Europe,Paid Ads,0,
CUST3609,Standard,2025-02-01,2025-03-12,50,LATAM,Organic,0,
CUST3610,Premium,2024-03-25,2025-11-05,100,APAC,Partnership,0,
CUST3611,Standard,2024-02-11,2024-05-02,50,LATAM,Paid Ads,1,2024-04-28
CUST3612,Premium,2024-09-12,2025-12-30,100,APAC,Paid Ads,1,2024-11-01
CUST3613,Premium,2024-03-25,2024-07-31,100,Europe,Referral,0,
CUST3614,Basic,2025-01-13,2027-01-23,20,APAC,Organic,0,
CUST3615,Premium,2024-06-02,2024-07-20,100,Europe,Partnership,0,
CUST3616,Standard,2025-01-06,2025-09-01,50,North America,Organic,0,
CUST3617,Basic,2025-02-24,2025-04-25,20,APAC,Referral,0,
CUST3618,Standard,2024-10-06,2025-12-24,50,APAC,Partnership,0,
CUST3619,Basic,2024-02-29,2025-10-14,20,North America,Organic,1,2024-03-17
CUST3620,Basic,2024-05-21,2026-04-19,20,North America,Paid Ads,0,
CUST3621,Standard,2024-06-01,2025-08-05,50,APAC,Organic,1,2025-02-28
CUST3622,Standard,2024-09-25,2026-09-30,50,North America,Referral,0,
CUST3623,Basic,2025-01-02,2026-11-15,20,LATAM,Paid Ads,0,
CUST3624,Standard,2024-08-15,2025-09-01,50,APAC,Paid Ads,0,
CUST3625,Basic,2024-03-30,2024-10-09,20,North America,Partnership,0,
CUST3626,Premium,2024-04-19,2025-12-02,100,Europe,Partnership,1,2025-06-22
CUST3627,Basic,2024-12-20,2026-08-20,20,Europe,Partnership,1,2026-02-01
CUST3628,Basic,2025-04-20,2027-01-26,20,North America,Organic,0,
CUST3629,Basic,2025-02-22,2025-04-17,20,APAC,Referral,1,2025-03-03
CUST3630,Premium,2025-04-14,2025-08-10,100,Europe,Paid Ads,1,2025-07-16
CUST3631,Premium,2024-05-10,2026-01-11,100,Europe,Paid Ads,0,
CUST3632,Premium,2024-12-25,2025-04-25,100,LATAM,Organic,1,2025-03-19
CUST3633,Standard,2025-05-24,2027-07-16,50,APAC,Organic,0,
CUST3634,Standard,2024-11-15,2026-01-09,50,Europe,Partnership,0,
CUST3635,Standard,2025-03-26,2026-06-28,50,Europe,Paid Ads,0,
CUST3636,Premium,2024-01-26,2024-06-13,100,APAC,Referral,0,
CUST3637,Standard,2025-01-09,2026-07-04,50,Europe,Organic,0,
CUST3638,Premium,2025-05-18,2027-10-30,100,Europe,Partnership,1,2026-01-14
CUST3639,Standard,2025-05-17,2026-08-09,50,LATAM,Organic,0,
CUST3640,Basic,2024-05-09,2026-10-01,20,APAC,Organic,0,
CUST3641,Basic,2024-01-04,2025-07-08,20,LATAM,Referral,0,
CUST3642,Standard,2025-02-13,2025-08-18,50,LATAM,Partnership,0,
CUST3643,Standard,2025-02-22,2026-10-03,50,North America,Referral,0,
CUST3644,Standard,2025-04-23,2027-09-19,50,APAC,Referral,1,2025-10-04
CUST3645,Premium,2025-01-05,2025-02-19,100,North America,Paid Ads,1,2025-01-12
CUST3646,Premium,2024-11-04,2025-05-02,100,APAC,Referral,1,2025-01-24
CUST3647,Standard,2024-02-24,2025-02-02,50,Europe,Partnership,0,
CUST3648,Premium,2024-04-23,2024-10-24,100,LATAM,Paid Ads,1,2024-10-04
CUST3649,Standard,2024-06-16,2025-07-16,50,APAC,Partnership,0,
CUST3650,Basic,2024-10-10,2027-02-07,20,North America,Referral,0,
CUST3651,Basic,2025-05-19,2027-08-19,20,North America,Organic,0,
CUST3652,Premium,2025-04-19,2026-01-29,100,North America,Paid Ads,1,2025-11-25
CUST3653,Basic,2024-12-11,2026-12-04,20,APAC,Paid Ads,0,
CUST3654,Standard,2024-10-10,2026-07-02,50,Europe,Organic,0,
CUST3655,Premium,2025-02-18,2025-12-10,100,North America,Referral,0,
CUST3656,Basic,2024-04-13,2024-06-26,20,APAC,Organic,0,
CUST3657,Basic,2024-07-19,2026-06-21,20,APAC,Partnership,0,
CUST3658,Basic,2024-01-31,2024-06-30,20,Europe,Paid Ads,0,
CUST3659,Basic,2024-01-05,2026-05-27,20,APAC,Referral,0,
CUST3660,Standard,2025-06-01,2026-07-30,50,Europe,Organic,1,2025-07-01
CUST3661,Basic,2024-07-25,2024-12-09,20,Europe,Organic,0,
CUST3662,Premium,2024-04-01,2026-08-05,100,North America,Organic,0,
CUST3663,Basic,2025-05-01,2027-09-10,20,Europe,Partnership,1,2025-08-19
CUST3664,Premium,2025-04-22,2027-07-11,100,LATAM,Organic,0,
CUST3665,Standard,2025-02-01,2025-08-09,50,North America,Organic,0,
CUST3666,Standard,2024-04-10,2025-12-26,50,North America,Partnership,0,
CUST3667,Premium,2025-01-08,2025-02-16,100,LATAM,Partnership,0,
CUST3668,Basic,2024-12-14,2025-08-29,20,Europe,Referral,0,
CUST3669,Basic,2025-04-28,2025-11-14,20,North America,Organic,0,
CUST3670,Premium,2025-04-27,2025-10-14,100,LATAM,Organic,0,
CUST3671,Premium,2025-04-24,2025-09-15,100,North America,Paid Ads,0,
CUST3672,Basic,2024-04-23,2026-07-29,20,LATAM,Organic,0,
CUST3673,Basic,2025-01-28,2025-11-11,20,Europe,Paid Ads,0,
CUST3674,Basic,2024-12-12,2027-05-18,20,Europe,Referral,0,
CUST3675,Standard,2024-01-08,2024-08-11,50,LATAM,Organic,0,
CUST3676,Premium,2024-12-26,2026-05-16,100,North America,Partnership,0,
CUST3677,Premium,2024-06-22,2026-05-19,100,North America,Organic,0,
CUST3678,Standard,2024-08-06,2025-10-14,50,Europe,Paid Ads,0,
CUST3679,Basic,2024-02-08,2026-05-26,20,North America,Referral,0,
CUST3680,Premium,2025-04-11,2026-01-31,100,LATAM,Partnership,0,
CUST3681,Standard,2025-03-29,2027-03-27,50,North America,Referral,0,
CUST3682,Basic,2024-09-08,2026-05-22,20,LATAM,Organic,0,
CUST3683,Standard,2024-11-25,2025-02-19,50,Europe,Organic,0,
CUST3684,Standard,2025-02-01,2025-05-16,50,APAC,Paid Ads,1,2025-02-03
CUST3685,Basic,2024-02-17,2026-06-28,20,Europe,Partnership,0,
CUST3686,Standard,2024-08-04,2026-08-23,50,Europe,Partnership,0,
CUST3687,Basic,2024-10-22,2026-05-29,20,Europe,Paid Ads,0,
CUST3688,Premium,2024-01-25,2024-03-05,100,North America,Paid Ads,0,
CUST3689,Basic,2024-01-16,2025-01-03,20,LATAM,Organic,0,
CUST3690,Basic,2025-01-12,2025-04-24,20,Europe,Organic,0,
CUST3691,Premium,2024-10-24,2026-01-10,100,APAC,Referral,0,
CUST3692,Basic,2024-08-26,2025-08-08,20,Europe,Partnership,0,
CUST3693,Basic,2024-01-18,2026-06-05,20,North America,Partnership,1,2026-03-08
CUST3694,Standard,2024-09-22,2026-12-18,50,LATAM,Referral,0,
CUST3695,Standard,2024-11-23,2026-04-20,50,LATAM,Organic,0,
CUST3696,Standard,2024-05-20,2025-12-30,50,APAC,Organic,0,
CUST3697,Standard,2024-04-10,2024-09-24,50,LATAM,Partnership,0,
CUST3698,Standard,2024-12-15,2026-01-19,50,LATAM,Organic,0,
CUST3699,Standard,2024-06-13,2025-03-02,50,North America,Referral,0,
CUST3700,Basic,2024-10-26,2026-02-13,20,Europe,Partnership,0,
CUST3701,Standard,2025-04-18,2026-09-09,50,APAC,Referral,1,2025-10-19
CUST3702,Basic,2024-01-28,2025-06-12,20,LATAM,Organic,0,
CUST3703,Premium,2025-01-05,2026-03-04,100,LATAM,Organic,0,
CUST3704,Premium,2025-05-07,2027-04-17,100,LATAM,Paid Ads,0,
CUST3705,Basic,2024-11-21,2025-10-31,20,North America,Referral,0,
CUST3706,Premium,2025-03-28,2026-02-24,100,North America,Paid Ads,0,
CUST3707,Standard,2024-07-04,2025-08-30,50,APAC,Referral,1,2025-04-19
CUST3708,Basic,2025-02-07,2027-02-08,20,APAC,Partnership,0,
CUST3709,Basic,2024-11-03,2025-01-18,20,LATAM,Paid Ads,0,
CUST3710,Standard,2024-01-11,2025-05-11,50,APAC,Paid Ads,0,
CUST3711,Standard,2025-05-04,2025-08-11,50,Europe,Paid Ads,0,
CUST3712,Premium,2024-08-01,2026-09-14,100,Europe,Partnership,0,
CUST3713,Standard,2024-05-21,2025-06-21,50,LATAM,Referral,0,
CUST3714,Basic,2024-02-23,2025-05-14,20,LATAM,Referral,0,
CUST3715,Premium,2025-02-06,2026-11-03,100,North America,Partnership,0,
CUST3716,Basic,2025-01-14,2027-04-20,20,North America,Partnership,0,
CUST3717,Basic,2024-05-28,2025-10-25,20,APAC,Organic,0,
CUST3718,Standard,2025-04-05,2026-07-18,50,North America,Partnership,0,
CUST3719,Basic,2024-11-25,2026-02-19,20,APAC,Paid Ads,0,
CUST3720,Premium,2025-05-26,2027-06-22,100,LATAM,Referral,0,
CUST3721,Standard,2024-03-19,2025-12-09,50,Europe,Referral,0,
CUST3722,Basic,2024-05-30,2026-11-11,20,Europe,Partnership,0,
CUST3723,Basic,2025-04-11,2027-05-27,20,LATAM,Paid Ads,0,
CUST3724,Basic,2024-05-30,2025-11-04,20,Europe,Paid Ads,1,2024-08-15
CUST3725,Standard,2025-03-12,2026-12-23,50,APAC,Referral,1,2026-07-29
CUST3726,Basic,2024-02-28,2026-06-05,20,LATAM,Paid Ads,0,
CUST3727,Premium,2024-10-22,2025-08-22,100,APAC,Organic,0,
CUST3728,Standard,2025-01-18,2025-08-15,50,Europe,Organic,0,
CUST3729,Standard,2024-07-02,2025-02-08,50,North America,Paid Ads,1,2024-08-18
CUST3730,Premium,2024-04-07,2025-02-03,100,LATAM,Organic,0,
CUST3731,Standard,2024-03-20,2024-06-20,50,APAC,Referral,0,
CUST3732,Basic,2025-04-20,2027-07-06,20,North America,Referral,1,2025-11-28
CUST3733,Basic,2025-04-01,2027-07-07,20,LATAM,Paid Ads,1,2026-03-18
CUST3734,Premium,2024-10-25,2026-07-14,100,North America,Organic,0,
CUST3735,Basic,2024-07-06,2025-04-21,20,LATAM,Referral,0,
CUST3736,Standard,2025-03-27,2025-10-06,50,Europe,Organic,0,
CUST3737,Standard,2024-01-06,2025-08-10,50,LATAM,Paid Ads,0,
CUST3738,Premium,2024-11-28,2025-09-20,100,North America,Referral,1,2025-05-27
CUST3739,Premium,2024-08-12,2026-10-06,100,APAC,Organic,0,
CUST3740,Basic,2025-05-20,2025-12-20,20,LATAM,Paid Ads,0,
CUST3741,Basic,2025-01-31,2025-10-15,20,Europe,Organic,0,
CUST3742,Basic,2024-03-01,2024-08-06,20,APAC,Referral,0,
CUST3743,Premium,2025-02-08,2026-12-31,100,LATAM,Referral,0,
CUST3744,Basic,2024-11-07,2025-12-06,20,LATAM,Paid Ads,0,
CUST3745,Premium,2025-01-17,2025-03-11,100,LATAM,Partnership,0,
CUST3746,Basic,2024-01-03,2025-04-05,20,LATAM,Partnership,0,
CUST3747,Standard,2024-06-22,2024-09-05,50,LATAM,Organic,0,
CUST3748,Premium,2024-02-17,2024-09-03,100,North America,Paid Ads,0,
CUST3749,Basic,2024-08-31,2026-06-26,20,APAC,Partnership,1,2025-05-24
CUST3750,Premium,2024-06-26,2025-01-02,100,North America,Paid Ads,0,
CUST3751,Basic,2024-06-26,2024-08-01,20,Europe,Paid Ads,0,
CUST3752,Basic,2024-02-11,2024-08-16,20,APAC,Organic,0,
CUST3753,Premium,2024-03-01,2024-07-25,100,APAC,Partnership,0,
CUST3754,Premium,2024-10-17,2025-10-18,100,Europe,Partnership,0,
CUST3755,Premium,2025-02-18,2026-11-04,100,North America,Paid Ads,0,
CUST3756,Premium,2024-07-17,2026-09-28,100,APAC,Paid Ads,0,
CUST3757,Basic,2024-09-09,2025-11-16,20,Europe,Partnership,0,
CUST3758,Premium,2024-01-08,2026-05-18,100,LATAM,Paid Ads,0,
CUST3759,Standard,2024-05-09,2026-10-07,50,Europe,Organic,0,
CUST3760,Standard,2024-06-14,2026-02-27,50,APAC,Organic,1,2025-05-22
CUST3761,Premium,2024-05-17,2024-08-12,100,LATAM,Partnership,1,2024-06-18
CUST3762,Standard,2024-03-18,2025-08-22,50,LATAM,Paid Ads,0,
CUST3763,Premium,2024-06-12,2024-09-17,100,APAC,Partnership,0,
CUST3764,Standard,2024-04-05,2025-12-05,50,Europe,Partnership,0,
CUST3765,Standard,2024-05-15,2024-12-16,50,APAC,Organic,0,
CUST3766,Basic,2025-05-08,2026-06-23,20,Europe,Organic,0,
CUST3767,Standard,2024-10-07,2026-03-05,50,Europe,Referral,0,
CUST3768,Premium,2025-01-27,2025-06-11,100,LATAM,Partnership,0,
CUST3769,Basic,2024-05-03,2025-09-04,20,North America,Referral,0,
CUST3770,Basic,2024-06-11,2026-05-17,20,North America,Organic,0,
CUST3771,Premium,2024-05-20,2025-03-22,100,APAC,Partnership,1,2024-08-14
CUST3772,Premium,2024-12-28,2027-01-04,100,North America,Organic,0,
CUST3773,Standard,2024-11-21,2025-03-27,50,APAC,Organic,0,
CUST3774,Premium,2024-04-17,2025-03-19,100,Europe,Organic,0,
CUST3775,Basic,2025-04-17,2027-03-01,20,LATAM,Referral,1,2026-08-08
CUST3776,Premium,2024-09-14,2025-02-25,100,Europe,Partnership,0,
CUST3777,Basic,2024-11-25,2026-12-12,20,Europe,Partnership,0,
CUST3778,Basic,2024-11-05,2027-02-03,20,Europe,Organic,0,
CUST3779,Standard,2025-05-19,2027-03-29,50,North America,Referral,0,
CUST3780,Premium,2024-08-28,2026-11-11,100,Europe,Paid Ads,0,
CUST3781,Premium,2024-04-07,2025-05-08,100,LATAM,Partnership,0,
CUST3782,Basic,2025-04-23,2027-05-26,20,Europe,Partnership,0,
CUST3783,Standard,2024-02-28,2025-09-12,50,LATAM,Partnership,0,
CUST3784,Premium,2024-06-24,2026-09-25,100,APAC,Paid Ads,0,
CUST3785,Standard,2025-02-18,2027-06-05,50,LATAM,Paid Ads,0,
CUST3786,Premium,2025-05-08,2025-10-13,100,APAC,Referral,0,
CUST3787,Basic,2024-08-09,2026-11-15,20,APAC,Partnership,0,
CUST3788,Standard,2025-02-05,2025-08-26,50,APAC,Organic,0,
CUST3789,Basic,2024-01-09,2026-03-22,20,Europe,Partnership,1,2024-07-15
CUST3790,Standard,2024-11-03,2026-03-05,50,LATAM,Paid Ads,0,
CUST3791,Standard,2024-07-03,2026-05-25,50,Europe,Partnership,1,2024-12-24
CUST3792,Basic,2024-03-30,2025-02-17,20,Europe,Partnership,0,
CUST3793,Basic,2025-03-03,2026-05-10,20,North America,Organic,0,
CUST3794,Premium,2024-05-17,2025-08-09,100,LATAM,Organic,0,
CUST3795,Standard,2025-01-04,2026-04-19,50,APAC,Organic,0,
CUST3796,Basic,2024-02-10,2024-03-30,20,LATAM,Partnership,0,
CUST3797,Premium,2024-03-27,2025-12-05,100,North America,Organic,0,
CUST3798,Standard,2024-05-17,2024-11-27,50,Europe,Paid Ads,0,
CUST3799,Standard,2024-08-15,2025-10-10,50,North America,Organic,0,
CUST3800,Premium,2024-01-22,2025-08-15,100,North America,Referral,1,2025-06-03
CUST3801,Premium,2025-02-13,2025-12-27,100,North America,Partnership,0,
CUST3802,Premium,2025-04-30,2026-08-19,100,LATAM,Organic,0,
CUST3803,Standard,2024-12-28,2025-02-06,50,APAC,Paid Ads,1,2025-01-18
CUST3804,Basic,2024-07-23,2025-05-26,20,LATAM,Paid Ads,0,
CUST3805,Standard,2024-08-16,2026-08-05,50,LATAM,Paid Ads,1,2025-03-07
CUST3806,Standard,2024-09-22,2025-08-07,50,North America,Organic,0,
CUST3807,Standard,2024-07-23,2026-08-24,50,APAC,Paid Ads,1,2025-07-16
CUST3808,Standard,2024-07-20,2025-12-02,50,APAC,Organic,0,
CUST3809,Standard,2025-05-03,2026-08-06,50,LATAM,Partnership,0,
CUST3810,Basic,2024-09-14,2026-06-24,20,LATAM,Paid Ads,0,
CUST3811,Premium,2025-03-14,2027-07-20,100,North America,Partnership,1,2026-02-13
CUST3812,Standard,2024-01-21,2024-05-18,50,North America,Referral,0,
CUST3813,Standard,2024-11-02,2026-11-16,50,Europe,Paid Ads,0,
CUST3814,Basic,2025-03-31,2026-03-11,20,APAC,Paid Ads,0,
CUST3815,Standard,2024-06-21,2025-03-02,50,North America,Referral,0,
CUST3816,Standard,2025-05-28,2027-10-18,50,APAC,Paid Ads,0,
CUST3817,Standard,2024-06-18,2025-07-20,50,LATAM,Organic,0,
CUST3818,Premium,2025-01-22,2027-07-03,100,APAC,Paid Ads,0,
CUST3819,Standard,2025-04-23,2025-11-16,50,North America,Partnership,0,
CUST3820,Standard,2024-01-13,2024-02-15,50,APAC,Organic,0,
CUST3821,Basic,2025-05-08,2027-07-06,20,APAC,Partnership,0,
CUST3822,Basic,2024-10-12,2025-07-09,20,North America,Referral,0,
CUST3823,Premium,2024-08-13,2026-01-13,100,North America,Organic,0,
CUST3824,Standard,2024-11-08,2026-04-22,50,LATAM,Organic,0,
CUST3825,Premium,2024-10-27,2025-07-11,100,LATAM,Organic,0,
CUST3826,Premium,2024-08-05,2025-12-16,100,APAC,Partnership,1,2025-08-13
CUST3827,Standard,2024-12-25,2026-03-25,50,North America,Referral,0,
CUST3828,Standard,2025-02-01,2027-04-15,50,LATAM,Paid Ads,0,
CUST3829,Premium,2024-10-31,2026-11-10,100,North America,Partnership,1,2025-11-17
CUST3830,Premium,2024-06-01,2025-10-07,100,North America,Organic,0,
CUST3831,Premium,2024-01-12,2026-04-16,100,Europe,Organic,0,
CUST3832,Standard,2025-01-29,2025-03-20,50,North America,Referral,0,
CUST3833,Basic,2025-03-14,2025-05-17,20,APAC,Referral,0,
CUST3834,Basic,2025-03-30,2026-01-27,20,Europe,Paid Ads,0,
CUST3835,Premium,2024-01-28,2025-04-07,100,Europe,Paid Ads,0,
CUST3836,Standard,2025-02-18,2026-07-15,50,Europe,Organic,0,
CUST3837,Basic,2024-07-06,2025-10-09,20,Europe,Paid Ads,0,
CUST3838,Standard,2024-01-17,2026-04-15,50,APAC,Organic,0,
CUST3839,Premium,2024-08-11,2026-02-06,100,LATAM,Partnership,0,
CUST3840,Premium,2025-04-27,2027-07-05,100,North America,Referral,0,
CUST3841,Standard,2024-06-22,2026-07-05,50,Europe,Partnership,0,
CUST3842,Premium,2024-01-25,2026-03-24,100,LATAM,Referral,0,
CUST3843,Premium,2024-11-05,2026-07-12,100,APAC,Organic,1,2025-03-06
CUST3844,Premium,2024-09-25,2026-08-19,100,LATAM,Organic,0,
CUST3845,Standard,2025-03-29,2025-05-28,50,North America,Referral,0,
CUST3846,Basic,2024-03-12,2025-05-27,20,Europe,Organic,0,
CUST3847,Premium,2024-07-15,2026-11-21,100,North America,Referral,0,
CUST3848,Basic,2025-05-17,2025-10-16,20,North America,Paid Ads,0,
CUST3849,Standard,2024-08-26,2026-01-12,50,APAC,Paid Ads,1,2025-09-08
CUST3850,Basic,2024-09-25,2025-04-18,20,LATAM,Partnership,0,
CUST3851,Standard,2024-07-30,2026-09-03,50,Europe,Organic,0,
CUST3852,Premium,2024-08-31,2025-08-30,100,Europe,Organic,0,
CUST3853,Premium,2024-10-16,2025-11-17,100,North America,Organic,0,
CUST3854,Premium,2024-01-28,2025-03-22,100,LATAM,Referral,0,
CUST3855,Basic,2024-07-13,2024-08-14,20,APAC,Referral,0,
CUST3856,Premium,2024-08-25,2026-04-21,100,Europe,Partnership,0,
CUST3857,Premium,2024-02-25,2026-03-10,100,APAC,Paid Ads,1,2026-02-05
CUST3858,Premium,2024-04-24,2025-07-22,100,North America,Referral,0,
CUST3859,Basic,2024-10-04,2026-09-13,20,LATAM,Referral,0,
CUST3860,Basic,2024-04-15,2025-06-07,20,APAC,Organic,0,
CUST3861,Standard,2024-12-02,2025-01-02,50,Europe,Organic,0,
CUST3862,Standard,2025-05-02,2025-07-26,50,North America,Organic,0,
CUST3863,Basic,2024-02-13,2025-06-13,20,LATAM,Partnership,0,
CUST3864,Basic,2024-03-08,2025-07-16,20,North America,Organic,0,
CUST3865,Basic,2024-06-27,2026-05-24,20,Europe,Referral,0,
CUST3866,Standard,2024-01-31,2026-01-06,50,APAC,Partnership,0,
CUST3867,Standard,2024-07-07,2026-05-24,50,Europe,Partnership,0,
CUST3868,Premium,2024-03-18,2025-06-20,100,APAC,Organic,0,
CUST3869,Standard,2024-04-22,2024-11-13,50,North America,Referral,0,
CUST3870,Standard,2024-01-16,2025-09-07,50,LATAM,Paid Ads,1,2024-06-01
CUST3871,Basic,2025-04-12,2025-07-09,20,Europe,Organic,0,
CUST3872,Basic,2024-09-27,2025-08-10,20,LATAM,Paid Ads,0,
CUST3873,Standard,2024-09-16,2025-09-23,50,LATAM,Paid Ads,0,
CUST3874,Premium,2024-03-24,2024-10-22,100,LATAM,Organic,1,2024-10-02
CUST3875,Standard,2024-06-15,2026-05-19,50,Europe,Partnership,0,
CUST3876,Basic,2024-04-02,2024-10-08,20,LATAM,Organic,0,
CUST3877,Standard,2024-01-10,2024-08-14,50,APAC,Paid Ads,0,
CUST3878,Standard,2024-03-01,2024-12-11,50,LATAM,Referral,0,
CUST3879,Premium,2024-05-15,2026-07-26,100,LATAM,Organic,0,
CUST3880,Standard,2024-11-11,2025-01-23,50,APAC,Paid Ads,0,
CUST3881,Basic,2025-05-28,2027-08-07,20,LATAM,Partnership,1,2026-11-25
CUST3882,Standard,2024-01-17,2024-10-21,50,APAC,Partnership,0,
CUST3883,Premium,2024-05-01,2025-05-26,100,APAC,Paid Ads,0,
CUST3884,Premium,2024-09-11,2026-03-25,100,LATAM,Referral,0,
CUST3885,Premium,2024-06-04,2025-01-22,100,LATAM,Referral,0,
CUST3886,Basic,2025-01-25,2026-04-12,20,LATAM,Organic,0,
CUST3887,Premium,2024-03-16,2024-08-25,100,LATAM,Partnership,0,
CUST3888,Standard,2024-05-18,2026-07-23,50,LATAM,Paid Ads,1,2025-02-05
CUST3889,Basic,2024-06-18,2025-09-11,20,LATAM,Paid Ads,0,
CUST3890,Basic,2025-03-02,2026-05-13,20,North America,Referral,1,2025-10-21
CUST3891,Premium,2024-07-12,2025-07-30,100,LATAM,Paid Ads,0,
CUST3892,Premium,2024-08-08,2025-08-01,100,Europe,Paid Ads,0,
CUST3893,Premium,2025-04-20,2027-05-17,100,LATAM,Referral,0,
CUST3894,Premium,2025-03-20,2025-05-01,100,Europe,Partnership,0,
CUST3895,Basic,2024-02-20,2025-09-07,20,APAC,Paid Ads,0,
CUST3896,Standard,2024-12-01,2025-07-23,50,Europe,Organic,0,
CUST3897,Premium,2024-06-07,2024-11-13,100,Europe,Organic,0,
CUST3898,Basic,2024-10-23,2025-09-22,20,North America,Organic,1,2025-06-19
CUST3899,Standard,2024-11-08,2027-01-05,50,Europe,Organic,0,
CUST3900,Basic,2024-03-13,2024-11-20,20,North America,Partnership,0,
CUST3901,Basic,2024-11-25,2025-05-29,20,Europe,Referral,0,
CUST3902,Premium,2024-02-03,2025-10-30,100,LATAM,Paid Ads,0,
CUST3903,Standard,2024-10-31,2025-05-12,50,APAC,Referral,0,
CUST3904,Premium,2024-01-12,2025-01-13,100,Europe,Partnership,0,
CUST3905,Premium,2024-07-06,2025-04-01,100,Europe,Organic,0,
CUST3906,Basic,2025-03-12,2026-06-23,20,North America,Referral,0,
CUST3907,Basic,2024-05-08,2026-01-10,20,APAC,Referral,0,
CUST3908,Premium,2025-02-15,2026-09-14,100,North America,Partnership,1,2025-02-20
CUST3909,Basic,2024-09-08,2026-07-13,20,LATAM,Partnership,0,
CUST3910,Standard,2024-04-12,2025-11-01,50,LATAM,Referral,0,
CUST3911,Standard,2024-10-24,2027-04-11,50,LATAM,Paid Ads,0,
CUST3912,Standard,2025-05-17,2026-03-06,50,Europe,Partnership,1,2025-08-09
CUST3913,Standard,2024-07-17,2025-12-22,50,Europe,Organic,0,
CUST3914,Standard,2024-01-14,2024-04-06,50,LATAM,Organic,0,
CUST3915,Standard,2024-03-16,2025-09-05,50,Europe,Paid Ads,0,
CUST3916,Standard,2025-03-05,2025-07-01,50,North America,Paid Ads,0,
CUST3917,Premium,2024-05-30,2026-06-10,100,Europe,Organic,0,
CUST3918,Premium,2025-05-10,2025-12-24,100,North America,Paid Ads,0,
CUST3919,Basic,2024-07-07,2026-11-13,20,Europe,Partnership,0,
CUST3920,Standard,2024-10-20,2026-06-05,50,APAC,Referral,0,
CUST3921,Standard,2024-01-27,2025-05-25,50,LATAM,Referral,0,
CUST3922,Premium,2024-08-18,2025-08-05,100,LATAM,Paid Ads,0,
CUST3923,Basic,2024-11-25,2025-03-13,20,LATAM,Referral,0,
CUST3924,Premium,2024-02-04,2026-02-07,100,North America,Referral,0,
CUST3925,Standard,2024-09-01,2026-08-05,50,North America,Referral,0,
CUST3926,Premium,2024-10-01,2025-10-26,100,APAC,Organic,0,
CUST3927,Standard,2024-12-28,2026-07-02,50,North America,Organic,1,2025-12-18
CUST3928,Premium,2024-11-24,2027-04-28,100,North America,Organic,0,
CUST3929,Standard,2024-09-11,2026-06-19,50,LATAM,Partnership,0,
CUST3930,Standard,2025-04-29,2025-05-31,50,North America,Referral,1,2025-04-30
CUST3931,Premium,2024-11-14,2025-11-05,100,Europe,Organic,0,
CUST3932,Basic,2024-09-11,2026-06-21,20,APAC,Organic,0,
CUST3933,Premium,2024-03-24,2026-07-25,100,Europe,Paid Ads,0,
CUST3934,Premium,2025-02-07,2027-05-05,100,Europe,Referral,0,
CUST3935,Premium,2025-01-15,2027-06-04,100,North America,Paid Ads,0,
CUST3936,Standard,2025-03-31,2026-10-28,50,APAC,Organic,0,
CUST3937,Basic,2024-06-10,2026-03-24,20,LATAM,Partnership,0,
CUST3938,Basic,2025-03-23,2027-04-18,20,LATAM,Partnership,0,
CUST3939,Basic,2025-03-03,2025-08-15,20,Europe,Partnership,0,
CUST3940,Basic,2024-09-26,2027-03-15,20,LATAM,Partnership,1,2026-02-28
CUST3941,Basic,2024-02-13,2025-08-13,20,LATAM,Referral,0,
CUST3942,Premium,2024-06-21,2024-09-01,100,LATAM,Organic,0,
CUST3943,Premium,2024-10-15,2025-06-29,100,North America,Organic,1,2025-01-26
CUST3944,Premium,2025-01-22,2025-06-03,100,Europe,Referral,1,2025-04-03
CUST3945,Premium,2024-12-17,2025-07-01,100,APAC,Organic,0,
CUST3946,Basic,2024-04-24,2026-01-22,20,Europe,Organic,0,
CUST3947,Basic,2024-06-11,2024-12-08,20,APAC,Referral,1,2024-08-08
CUST3948,Premium,2025-05-02,2026-10-02,100,LATAM,Organic,0,
CUST3949,Standard,2025-05-06,2027-06-18,50,APAC,Partnership,0,
CUST3950,Basic,2024-03-22,2025-07-19,20,Europe,Paid Ads,0,
CUST3951,Standard,2024-12-13,2027-01-28,50,LATAM,Organic,0,
CUST3952,Standard,2025-01-31,2026-04-23,50,LATAM,Referral,1,2025-08-28
CUST3953,Basic,2025-01-19,2025-02-20,20,Europe,Partnership,0,
CUST3954,Basic,2024-03-16,2026-05-12,20,Europe,Referral,0,
CUST3955,Basic,2025-05-12,2027-09-21,20,Europe,Partnership,0,
CUST3956,Standard,2025-02-01,2026-08-14,50,North America,Paid Ads,0,
CUST3957,Standard,2024-08-30,2024-11-10,50,North America,Referral,0,
CUST3958,Basic,2025-01-14,2025-03-30,20,LATAM,Organic,1,2025-03-23
CUST3959,Premium,2024-09-29,2027-03-05,100,North America,Referral,1,2026-04-11
CUST3960,Premium,2024-08-09,2026-05-01,100,North America,Organic,1,2024-12-09
CUST3961,Basic,2024-01-30,2024-07-24,20,North America,Paid Ads,0,
CUST3962,Basic,2024-06-10,2026-06-15,20,APAC,Partnership,0,
CUST3963,Standard,2025-01-10,2025-10-03,50,APAC,Referral,0,
CUST3964,Premium,2024-02-12,2024-05-02,100,Europe,Referral,0,
CUST3965,Premium,2024-05-16,2025-10-02,100,LATAM,Organic,0,
CUST3966,Standard,2024-09-20,2027-01-28,50,APAC,Partnership,0,
CUST3967,Premium,2024-11-22,2025-10-10,100,Europe,Organic,0,
CUST3968,Premium,2024-12-03,2025-08-20,100,APAC,Partnership,0,
CUST3969,Basic,2025-02-02,2026-02-23,20,North America,Organic,0,
CUST3970,Premium,2024-10-16,2027-01-04,100,Europe,Partnership,0,
CUST3971,Standard,2025-01-14,2025-07-15,50,Europe,Paid Ads,1,2025-06-21
CUST3972,Standard,2025-02-21,2026-04-16,50,North America,Partnership,1,2026-04-13
CUST3973,Standard,2024-05-22,2025-05-04,50,North America,Referral,0,
CUST3974,Basic,2024-10-30,2026-03-03,20,LATAM,Organic,0,
CUST3975,Basic,2024-01-17,2024-06-29,20,LATAM,Referral,0,
CUST3976,Basic,2024-01-28,2024-05-09,20,APAC,Partnership,0,
CUST3977,Basic,2025-03-27,2025-12-17,20,North America,Organic,0,
CUST3978,Premium,2025-05-23,2027-09-28,100,North America,Referral,1,2026-07-31
CUST3979,Basic,2024-03-04,2025-04-20,20,APAC,Referral,1,2024-07-13
CUST3980,Standard,2024-09-08,2026-06-04,50,North America,Paid Ads,0,
CUST3981,Standard,2025-01-19,2025-11-15,50,APAC,Organic,0,
CUST3982,Standard,2024-11-23,2026-12-04,50,Europe,Organic,0,
CUST3983,Standard,2025-04-16,2025-09-19,50,North America,Partnership,0,
CUST3984,Premium,2025-03-21,2027-05-21,100,North America,Referral,0,
CUST3985,Premium,2025-03-15,2026-03-18,100,LATAM,Paid Ads,0,
CUST3986,Basic,2024-11-26,2026-12-26,20,Europe,Paid Ads,0,
CUST3987,Standard,2024-01-08,2025-02-24,50,LATAM,Referral,0,
CUST3988,Basic,2025-05-04,2027-10-18,20,Europe,Paid Ads,0,
CUST3989,Premium,2024-09-07,2024-10-13,100,North America,Partnership,0,
CUST3990,Basic,2024-01-27,2025-11-04,20,Europe,Paid Ads,0,
CUST3991,Standard,2024-07-13,2026-12-30,50,Europe,Paid Ads,0,
CUST3992,Premium,2024-05-16,2025-01-16,100,LATAM,Paid Ads,0,
CUST3993,Standard,2024-02-10,2024-09-17,50,APAC,Partnership,0,
CUST3994,Basic,2024-06-16,2026-10-29,20,APAC,Paid Ads,0,
CUST3995,Standard,2024-09-21,2025-04-08,50,LATAM,Paid Ads,0,
CUST3996,Basic,2024-12-12,2026-11-09,20,Europe,Paid Ads,1,2025-05-01
CUST3997,Basic,2024-04-06,2025-01-18,20,Europe,Organic,0,
CUST3998,Basic,2024-07-12,2025-04-01,20,North America,Referral,0,
CUST3999,Basic,2024-05-21,2025-01-23,20,APAC,Partnership,0,
CUST4000,Standard,2024-01-10,2026-05-07,50,North America,Paid Ads,0,
CUST4001,Standard,2024-12-02,2027-05-13,50,APAC,Organic,0,
CUST4002,Standard,2024-02-28,2025-06-25,50,Europe,Referral,0,
CUST4003,Premium,2024-08-14,2025-01-18,100,North America,Paid Ads,1,2024-11-23
CUST4004,Standard,2024-06-07,2025-01-11,50,Europe,Paid Ads,0,
CUST4005,Standard,2025-05-19,2026-09-21,50,Europe,Paid Ads,0,
CUST4006,Basic,2025-02-28,2027-04-12,20,Europe,Organic,0,
CUST4007,Basic,2024-11-01,2026-12-18,20,LATAM,Referral,0,
CUST4008,Standard,2025-01-05,2025-03-29,50,North America,Paid Ads,0,
CUST4009,Basic,2024-06-22,2026-04-21,20,APAC,Partnership,0,
CUST4010,Standard,2024-03-27,2026-05-11,50,Europe,Partnership,0,
CUST4011,Premium,2024-02-24,2024-08-07,100,LATAM,Partnership,0,
CUST4012,Standard,2025-04-29,2027-08-07,50,North America,Referral,0,
CUST4013,Premium,2025-04-09,2026-07-13,100,Europe,Referral,1,2026-01-26
CUST4014,Basic,2024-01-15,2026-06-25,20,LATAM,Paid Ads,1,2026-01-08
CUST4015,Standard,2025-02-17,2027-06-11,50,Europe,Partnership,0,
CUST4016,Standard,2025-04-03,2026-01-31,50,North America,Partnership,0,
CUST4017,Standard,2024-08-10,2026-05-03,50,Europe,Organic,0,
CUST4018,Premium,2024-03-20,2025-01-07,100,LATAM,Partnership,0,
CUST4019,Premium,2024-11-18,2027-03-31,100,LATAM,Organic,0,
CUST4020,Standard,2025-03-02,2027-06-03,50,Europe,Paid Ads,0,
CUST4021,Standard,2024-05-14,2026-07-16,50,Europe,Paid Ads,0,
CUST4022,Premium,2024-04-13,2024-09-23,100,APAC,Referral,1,2024-09-01
CUST4023,Premium,2024-12-03,2026-09-24,100,North America,Organic,0,
CUST4024,Standard,2024-01-17,2024-02-20,50,Europe,Partnership,0,
CUST4025,Basic,2024-06-16,2024-12-03,20,LATAM,Referral,0,
CUST4026,Premium,2024-11-03,2025-05-28,100,APAC,Referral,0,
CUST4027,Premium,2025-02-11,2027-03-15,100,Europe,Partnership,0,
CUST4028,Premium,2025-05-28,2026-12-17,100,LATAM,Organic,1,2025-10-07
CUST4029,Basic,2024-02-29,2025-03-02,20,LATAM,Referral,0,
CUST4030,Standard,2024-02-20,2025-04-18,50,North America,Referral,0,
CUST4031,Premium,2025-01-13,2026-03-29,100,Europe,Partnership,0,
CUST4032,Premium,2024-01-26,2026-04-06,100,APAC,Referral,0,
CUST4033,Premium,2024-10-02,2026-06-04,100,LATAM,Referral,0,
CUST4034,Standard,2024-01-04,2025-10-30,50,Europe,Paid Ads,0,
CUST4035,Standard,2025-02-08,2027-06-11,50,Europe,Paid Ads,1,2026-08-19
CUST4036,Basic,2024-03-26,2025-05-23,20,Europe,Referral,0,
CUST4037,Basic,2024-11-26,2025-12-25,20,North America,Referral,0,
CUST4038,Premium,2024-10-11,2025-10-14,100,LATAM,Referral,0,
CUST4039,Premium,2024-12-01,2027-02-08,100,LATAM,Partnership,0,
CUST4040,Standard,2024-06-25,2025-04-11,50,APAC,Organic,0,
CUST4041,Standard,2024-02-23,2025-04-23,50,North America,Organic,0,
CUST4042,Standard,2024-10-25,2026-10-24,50,LATAM,Paid Ads,1,2025-01-07
CUST4043,Standard,2024-09-18,2025-09-15,50,LATAM,Partnership,1,2024-12-17
CUST4044,Standard,2024-03-11,2026-06-07,50,APAC,Partnership,0,
CUST4045,Premium,2024-01-06,2024-07-01,100,LATAM,Partnership,0,
CUST4046,Basic,2025-03-12,2025-04-28,20,Europe,Referral,0,
CUST4047,Basic,2024-02-12,2026-03-30,20,APAC,Referral,1,2024-03-04
CUST4048,Basic,2024-02-16,2025-12-14,20,LATAM,Paid Ads,0,
CUST4049,Standard,2025-02-25,2025-05-28,50,Europe,Paid Ads,0,
CUST4050,Premium,2024-08-16,2024-10-16,100,APAC,Organic,0,
CUST4051,Standard,2024-10-02,2026-09-16,50,North America,Paid Ads,0,
CUST4052,Premium,2025-05-02,2027-02-01,100,LATAM,Organic,0,
CUST4053,Premium,2024-10-06,2025-10-15,100,LATAM,Paid Ads,0,
CUST4054,Premium,2024-08-02,2025-09-07,100,APAC,Organic,0,
CUST4055,Standard,2024-11-21,2025-02-02,50,North America,Partnership,0,
CUST4056,Standard,2024-11-02,2026-05-07,50,LATAM,Referral,0,
CUST4057,Basic,2024-08-16,2026-04-24,20,APAC,Referral,0,
CUST4058,Basic,2024-05-23,2026-04-26,20,APAC,Organic,0,
CUST4059,Basic,2024-10-03,2025-04-01,20,Europe,Partnership,0,
CUST4060,Basic,2024-12-28,2026-07-24,20,Europe,Organic,0,
CUST4061,Basic,2024-01-18,2025-06-10,20,APAC,Partnership,0,
CUST4062,Standard,2024-08-20,2024-12-26,50,Europe,Organic,0,
CUST4063,Standard,2024-10-19,2026-05-17,50,LATAM,Referral,0,
CUST4064,Standard,2024-11-12,2025-02-18,50,APAC,Organic,0,
CUST4065,Standard,2024-07-25,2024-08-27,50,APAC,Paid Ads,0,
CUST4066,Premium,2025-02-09,2027-02-22,100,Europe,Partnership,0,
CUST4067,Standard,2024-06-11,2025-03-18,50,North America,Referral,0,
CUST4068,Basic,2024-02-01,2026-03-26,20,Europe,Referral,0,
CUST4069,Premium,2024-06-18,2025-10-31,100,LATAM,Partnership,0,
CUST4070,Standard,2024-04-11,2026-09-27,50,APAC,Paid Ads,0,
CUST4071,Basic,2025-02-16,2025-09-20,20,North America,Referral,0,
CUST4072,Basic,2024-04-04,2026-08-13,20,North America,Partnership,0,
CUST4073,Basic,2024-10-28,2027-02-02,20,LATAM,Paid Ads,1,2025-11-23
CUST4074,Standard,2025-02-28,2026-12-27,50,APAC,Partnership,0,
CUST4075,Basic,2024-08-29,2025-02-11,20,LATAM,Paid Ads,0,
CUST4076,Basic,2024-05-01,2025-09-04,20,Europe,Referral,0,
CUST4077,Premium,2024-06-24,2025-03-14,100,North America,Paid Ads,0,
CUST4078,Premium,2025-03-14,2026-03-02,100,North America,Organic,0,
CUST4079,Premium,2024-10-14,2027-02-20,100,LATAM,Organic,0,
CUST4080,Standard,2024-03-13,2026-01-14,50,APAC,Partnership,0,
CUST4081,Standard,2024-11-17,2025-07-12,50,LATAM,Partnership,0,
CUST4082,Basic,2024-08-03,2025-12-19,20,North America,Referral,0,
CUST4083,Standard,2025-05-20,2027-02-25,50,North America,Partnership,1,2027-01-05
CUST4084,Standard,2024-06-20,2025-09-07,50,APAC,Referral,0,
CUST4085,Basic,2025-02-24,2025-10-22,20,APAC,Referral,0,
CUST4086,Basic,2025-02-12,2025-06-03,20,North America,Referral,0,
CUST4087,Premium,2024-07-03,2024-11-27,100,LATAM,Organic,0,
CUST4088,Premium,2024-03-31,2025-11-11,100,North America,Partnership,0,
CUST4089,Premium,2025-01-31,2027-07-17,100,North America,Paid Ads,0,
CUST4090,Basic,2025-05-15,2025-06-21,20,Europe,Organic,0,
CUST4091,Standard,2024-02-18,2025-06-27,50,North America,Organic,0,
CUST4092,Basic,2024-05-27,2025-07-27,20,LATAM,Paid Ads,0,
CUST4093,Basic,2025-03-23,2027-02-28,20,Europe,Partnership,0,
CUST4094,Standard,2024-11-19,2025-02-02,50,North America,Paid Ads,0,
CUST4095,Standard,2024-08-18,2025-03-31,50,LATAM,Referral,0,
CUST4096,Premium,2025-05-13,2026-09-07,100,LATAM,Organic,0,
CUST4097,Basic,2024-04-12,2025-04-07,20,Europe,Paid Ads,0,
CUST4098,Premium,2025-03-26,2027-03-18,100,North America,Partnership,0,
CUST4099,Standard,2025-05-04,2027-02-25,50,Europe,Organic,0,
CUST4100,Premium,2024-10-13,2025-08-08,100,Europe,Partnership,1,2025-04-20
CUST4101,Premium,2024-03-19,2025-03-02,100,Europe,Organic,1,2024-11-22
CUST4102,Basic,2024-08-20,2026-07-14,20,North America,Paid Ads,0,
CUST4103,Basic,2025-03-30,2025-08-23,20,Europe,Referral,0,
CUST4104,Standard,2025-03-24,2026-07-28,50,North America,Organic,0,
CUST4105,Premium,2024-08-25,2026-07-10,100,North America,Paid Ads,0,
CUST4106,Premium,2025-03-12,2026-09-17,100,APAC,Partnership,0,
CUST4107,Standard,2024-01-26,2026-04-14,50,LATAM,Partnership,0,
CUST4108,Standard,2024-01-23,2024-04-29,50,LATAM,Partnership,0,
CUST4109,Basic,2024-08-11,2026-10-26,20,APAC,Referral,0,
CUST4110,Premium,2024-12-29,2026-09-16,100,Europe,Organic,0,
CUST4111,Standard,2024-05-30,2026-05-08,50,LATAM,Paid Ads,0,
CUST4112,Basic,2024-02-08,2024-07-26,20,LATAM,Paid Ads,0,
CUST4113,Basic,2024-11-07,2026-09-25,20,APAC,Partnership,0,
CUST4114,Basic,2024-11-03,2025-03-05,20,Europe,Paid Ads,0,
CUST4115,Premium,2024-12-21,2026-10-23,100,APAC,Organic,0,
CUST4116,Premium,2025-02-02,2025-03-28,100,Europe,Referral,0,
CUST4117,Basic,2025-01-28,2027-07-13,20,APAC,Partnership,0,
CUST4118,Standard,2024-05-05,2025-05-23,50,LATAM,Paid Ads,0,
CUST4119,Premium,2024-03-25,2026-01-26,100,APAC,Partnership,0,
CUST4120,Premium,2024-03-06,2025-07-01,100,North America,Referral,1,2024-03-13
CUST4121,Basic,2024-04-06,2025-06-24,20,Europe,Organic,0,
CUST4122,Basic,2024-08-21,2026-12-05,20,APAC,Organic,0,
CUST4123,Standard,2024-02-29,2026-03-22,50,LATAM,Referral,0,
CUST4124,Premium,2025-04-05,2026-02-23,100,Europe,Referral,1,2025-06-10
CUST4125,Premium,2024-10-22,2026-10-02,100,Europe,Referral,0,
CUST4126,Basic,2024-06-04,2025-09-11,20,Europe,Organic,0,
CUST4127,Premium,2025-01-28,2027-02-21,100,APAC,Organic,0,
CUST4128,Basic,2025-01-21,2026-05-29,20,Europe,Referral,0,
CUST4129,Premium,2025-02-27,2026-06-17,100,LATAM,Referral,0,
CUST4130,Basic,2025-02-07,2025-11-10,20,Europe,Partnership,0,
CUST4131,Basic,2024-05-16,2026-05-12,20,Europe,Paid Ads,0,
CUST4132,Basic,2024-03-15,2024-11-13,20,APAC,Organic,0,
CUST4133,Standard,2025-05-14,2026-06-14,50,Europe,Referral,0,
CUST4134,Basic,2025-04-08,2027-01-27,20,North America,Referral,1,2025-09-09
CUST4135,Premium,2025-02-17,2025-07-20,100,APAC,Partnership,0,
CUST4136,Basic,2024-09-08,2026-12-12,20,Europe,Paid Ads,0,
CUST4137,Basic,2025-02-08,2026-03-14,20,LATAM,Partnership,0,
CUST4138,Standard,2024-02-23,2024-07-14,50,Europe,Referral,0,
CUST4139,Basic,2025-01-23,2025-10-03,20,LATAM,Paid Ads,1,2025-06-22
CUST4140,Standard,2024-12-30,2026-09-17,50,LATAM,Partnership,0,
CUST4141,Premium,2025-03-25,2026-05-13,100,Europe,Referral,0,
CUST4142,Standard,2024-02-16,2024-04-12,50,North America,Partnership,0,
CUST4143,Premium,2024-07-02,2026-08-31,100,APAC,Organic,0,
CUST4144,Standard,2024-10-04,2027-01-10,50,North America,Paid Ads,0,
CUST4145,Premium,2025-05-07,2025-10-28,100,APAC,Referral,0,
CUST4146,Premium,2024-11-03,2026-03-28,100,Europe,Organic,0,
CUST4147,Basic,2025-01-04,2025-11-12,20,North America,Partnership,0,
CUST4148,Premium,2025-05-08,2026-04-02,100,North America,Partnership,0,
CUST4149,Basic,2024-04-05,2024-08-30,20,Europe,Partnership,0,
CUST4150,Premium,2024-11-20,2025-07-26,100,LATAM,Referral,1,2025-07-02
CUST4151,Premium,2024-01-15,2025-10-03,100,North America,Partnership,0,
CUST4152,Basic,2025-03-21,2026-06-29,20,LATAM,Referral,1,2025-06-29
CUST4153,Basic,2024-03-02,2024-07-12,20,APAC,Organic,0,
CUST4154,Premium,2024-03-28,2025-03-12,100,LATAM,Paid Ads,0,
CUST4155,Basic,2024-03-07,2024-12-18,20,APAC,Organic,0,
CUST4156,Standard,2024-04-16,2026-08-13,50,LATAM,Paid Ads,1,2026-07-13
CUST4157,Premium,2024-04-09,2024-06-24,100,North America,Referral,0,
CUST4158,Standard,2024-11-04,2025-04-14,50,APAC,Referral,0,
CUST4159,Standard,2024-01-03,2024-06-27,50,North America,Referral,0,
CUST4160,Premium,2024-03-14,2025-04-29,100,Europe,Paid Ads,0,
CUST4161,Basic,2025-02-17,2025-04-22,20,Europe,Organic,1,2025-03-02
CUST4162,Basic,2024-12-09,2026-11-01,20,Europe,Referral,0,
CUST4163,Standard,2024-05-21,2024-12-09,50,North America,Partnership,0,
CUST4164,Basic,2024-06-06,2024-08-02,20,North America,Partnership,0,
CUST4165,Standard,2024-11-18,2025-03-05,50,North America,Organic,0,
CUST4166,Premium,2024-04-07,2025-06-22,100,Europe,Organic,0,
CUST4167,Basic,2024-05-11,2024-10-26,20,Europe,Paid Ads,0,
CUST4168,Standard,2024-11-23,2025-08-17,50,North America,Organic,0,
CUST4169,Premium,2024-06-29,2024-09-15,100,Europe,Paid Ads,0,
CUST4170,Basic,2024-02-17,2026-08-05,20,North America,Organic,1,2026-04-04
CUST4171,Basic,2024-08-02,2025-04-17,20,APAC,Partnership,0,
CUST4172,Basic,2025-01-07,2025-08-10,20,Europe,Paid Ads,0,
CUST4173,Basic,2024-09-06,2026-10-26,20,Europe,Paid Ads,0,
CUST4174,Standard,2024-12-07,2025-05-15,50,LATAM,Partnership,0,
CUST4175,Basic,2024-11-01,2026-08-17,20,LATAM,Partnership,0,
CUST4176,Basic,2025-03-16,2026-06-28,20,Europe,Partnership,0,
CUST4177,Basic,2024-09-10,2025-12-31,20,North America,Partnership,0,
CUST4178,Premium,2024-10-10,2026-09-17,100,LATAM,Paid Ads,0,
CUST4179,Premium,2025-04-28,2027-09-25,100,APAC,Paid Ads,0,
CUST4180,Standard,2024-06-30,2025-08-26,50,North America,Partnership,0,
CUST4181,Standard,2024-03-08,2025-01-05,50,APAC,Partnership,0,
CUST4182,Standard,2024-09-09,2026-07-25,50,Europe,Partnership,0,
CUST4183,Premium,2024-11-03,2025-03-20,100,LATAM,Referral,0,
CUST4184,Standard,2025-02-18,2027-08-06,50,Europe,Paid Ads,0,
CUST4185,Standard,2025-03-28,2027-07-02,50,Europe,Partnership,0,
CUST4186,Standard,2024-11-21,2026-11-03,50,LATAM,Referral,0,
CUST4187,Basic,2024-12-13,2027-02-16,20,LATAM,Paid Ads,0,
CUST4188,Standard,2025-05-20,2027-02-15,50,Europe,Referral,0,
CUST4189,Basic,2024-03-24,2024-09-30,20,APAC,Referral,0,
CUST4190,Premium,2024-08-17,2025-08-13,100,LATAM,Paid Ads,0,
CUST4191,Premium,2024-12-02,2026-05-28,100,APAC,Referral,0,
CUST4192,Basic,2024-04-13,2025-06-19,20,North America,Referral,0,
CUST4193,Basic,2024-08-30,2026-06-21,20,APAC,Referral,0,
CUST4194,Premium,2024-04-08,2025-05-05,100,North America,Referral,0,
CUST4195,Premium,2025-02-07,2027-05-18,100,North America,Organic,0,
CUST4196,Basic,2024-01-30,2024-11-05,20,LATAM,Organic,1,2024-05-16
CUST4197,Standard,2024-03-01,2025-07-26,50,Europe,Referral,0,
CUST4198,Basic,2025-03-09,2027-07-21,20,North America,Partnership,0,
CUST4199,Premium,2025-01-30,2027-03-20,100,North America,Paid Ads,0,
CUST4200,Basic,2024-05-05,2025-03-23,20,North America,Paid Ads,0,
CUST4201,Basic,2025-02-10,2025-09-16,20,APAC,Referral,0,
CUST4202,Standard,2025-02-01,2027-07-13,50,Europe,Paid Ads,0,
CUST4203,Standard,2024-07-14,2026-04-17,50,LATAM,Paid Ads,1,2024-12-04
CUST4204,Premium,2024-08-08,2025-10-16,100,APAC,Organic,0,
CUST4205,Standard,2024-07-04,2026-05-22,50,North America,Organic,0,
CUST4206,Standard,2024-03-31,2026-01-25,50,APAC,Referral,0,
CUST4207,Premium,2024-08-17,2025-04-27,100,North America,Referral,0,
CUST4208,Premium,2024-04-17,2025-06-19,100,North America,Organic,1,2024-10-14
CUST4209,Premium,2025-02-14,2027-05-19,100,North America,Organic,0,
CUST4210,Premium,2024-03-24,2024-11-08,100,APAC,Organic,0,
CUST4211,Standard,2025-05-02,2027-04-13,50,APAC,Paid Ads,0,
CUST4212,Standard,2024-04-12,2025-02-24,50,Europe,Partnership,1,2025-01-26
CUST4213,Premium,2024-03-04,2024-06-14,100,APAC,Organic,0,
CUST4214,Standard,2024-03-16,2024-12-28,50,Europe,Organic,0,
CUST4215,Basic,2024-01-11,2024-11-25,20,North America,Referral,0,
CUST4216,Premium,2024-02-18,2026-08-04,100,North America,Organic,0,
CUST4217,Basic,2025-03-03,2026-06-03,20,North America,Paid Ads,0,
CUST4218,Standard,2024-02-10,2024-11-18,50,North America,Organic,0,
CUST4219,Basic,2025-05-28,2027-07-27,20,Europe,Partnership,0,
CUST4220,Standard,2024-03-02,2024-11-01,50,APAC,Paid Ads,0,
CUST4221,Basic,2025-05-04,2027-01-03,20,LATAM,Organic,0,
CUST4222,Basic,2024-07-29,2026-03-07,20,LATAM,Organic,0,
CUST4223,Basic,2024-04-11,2026-04-29,20,APAC,Referral,0,
CUST4224,Standard,2024-05-18,2026-08-27,50,North America,Paid Ads,0,
CUST4225,Premium,2024-05-18,2025-04-23,100,APAC,Organic,0,
CUST4226,Premium,2024-03-31,2025-02-20,100,North America,Paid Ads,1,2024-06-07
CUST4227,Premium,2024-11-20,2025-05-08,100,LATAM,Partnership,0,
CUST4228,Premium,2025-03-22,2026-08-21,100,North America,Paid Ads,0,
CUST4229,Standard,2024-10-28,2026-02-08,50,LATAM,Referral,0,
CUST4230,Basic,2024-02-08,2025-12-21,20,Europe,Organic,0,
CUST4231,Premium,2024-05-05,2026-08-14,100,North America,Referral,0,
CUST4232,Standard,2024-06-04,2024-11-02,50,Europe,Paid Ads,0,
CUST4233,Basic,2024-03-25,2025-04-02,20,North America,Paid Ads,0,
CUST4234,Basic,2024-07-08,2025-09-08,20,LATAM,Referral,1,2025-04-15
CUST4235,Standard,2024-06-20,2025-06-15,50,APAC,Partnership,0,
CUST4236,Premium,2024-03-17,2024-04-18,100,LATAM,Partnership,1,2024-03-29
CUST4237,Standard,2025-04-22,2027-01-09,50,LATAM,Organic,0,
CUST4238,Premium,2025-03-12,2026-05-15,100,APAC,Partnership,0,
CUST4239,Premium,2024-02-01,2025-03-15,100,Europe,Organic,1,2024-12-19
CUST4240,Premium,2025-04-07,2026-04-28,100,APAC,Referral,0,
CUST4241,Standard,2025-01-07,2027-04-13,50,Europe,Partnership,0,
CUST4242,Basic,2024-03-29,2025-08-07,20,Europe,Referral,0,
CUST4243,Standard,2025-02-18,2026-03-30,50,Europe,Partnership,1,2025-09-02
CUST4244,Basic,2024-02-13,2024-06-06,20,LATAM,Organic,0,
CUST4245,Premium,2024-08-15,2024-09-19,100,APAC,Organic,0,
CUST4246,Standard,2024-09-23,2024-12-03,50,LATAM,Paid Ads,0,
CUST4247,Premium,2024-01-06,2024-02-08,100,LATAM,Organic,0,
CUST4248,Standard,2024-10-05,2027-02-05,50,LATAM,Organic,0,
CUST4249,Standard,2024-01-08,2025-06-04,50,Europe,Paid Ads,0,
CUST4250,Basic,2024-12-25,2027-04-15,20,North America,Organic,0,
CUST4251,Basic,2024-05-31,2025-01-01,20,Europe,Paid Ads,0,
CUST4252,Basic,2024-10-11,2026-03-07,20,APAC,Organic,0,
CUST4253,Basic,2024-10-31,2025-01-01,20,Europe,Partnership,1,2024-11-06
CUST4254,Basic,2024-04-28,2025-01-16,20,APAC,Referral,0,
CUST4255,Basic,2024-12-21,2026-12-04,20,North America,Paid Ads,1,2025-11-08
CUST4256,Basic,2024-05-29,2024-12-13,20,APAC,Referral,0,
CUST4257,Premium,2025-03-23,2026-02-12,100,Europe,Organic,1,2025-09-24
CUST4258,Standard,2024-09-03,2024-11-01,50,North America,Referral,1,2024-10-08
CUST4259,Basic,2024-11-03,2025-03-17,20,North America,Organic,0,
CUST4260,Premium,2024-11-04,2025-02-21,100,APAC,Paid Ads,0,
CUST4261,Basic,2024-10-21,2026-03-15,20,North America,Partnership,0,
CUST4262,Standard,2024-02-07,2024-09-03,50,APAC,Paid Ads,1,2024-06-17
CUST4263,Premium,2025-01-29,2025-10-13,100,Europe,Organic,0,
CUST4264,Standard,2025-04-20,2026-12-12,50,North America,Paid Ads,0,
CUST4265,Basic,2024-08-15,2027-01-05,20,Europe,Organic,0,
CUST4266,Premium,2024-09-02,2027-01-21,100,LATAM,Partnership,0,
CUST4267,Premium,2024-12-05,2026-07-23,100,North America,Partnership,0,
CUST4268,Standard,2024-11-09,2026-11-23,50,LATAM,Partnership,0,
CUST4269,Premium,2024-01-01,2026-06-03,100,APAC,Paid Ads,0,
CUST4270,Standard,2025-01-02,2025-07-07,50,North America,Partnership,0,
CUST4271,Premium,2025-01-21,2025-04-29,100,LATAM,Organic,0,
CUST4272,Standard,2025-04-15,2026-01-16,50,APAC,Referral,0,
CUST4273,Standard,2024-02-14,2024-06-07,50,APAC,Referral,0,
CUST4274,Basic,2024-04-05,2024-12-19,20,LATAM,Referral,0,
CUST4275,Premium,2024-02-29,2024-08-20,100,North America,Partnership,0,
CUST4276,Premium,2024-07-18,2025-12-20,100,North America,Partnership,0,
CUST4277,Premium,2024-10-29,2025-08-30,100,Europe,Referral,0,
CUST4278,Standard,2024-01-10,2025-08-06,50,Europe,Partnership,0,
CUST4279,Basic,2024-09-13,2025-04-09,20,Europe,Paid Ads,0,
CUST4280,Premium,2024-10-07,2025-01-26,100,North America,Organic,0,
CUST4281,Basic,2024-12-04,2025-12-19,20,APAC,Organic,0,
CUST4282,Standard,2024-12-12,2025-11-29,50,North America,Partnership,0,
CUST4283,Premium,2024-06-27,2026-11-28,100,North America,Referral,0,
CUST4284,Standard,2024-10-11,2025-04-27,50,North America,Paid Ads,0,
CUST4285,Basic,2024-08-14,2026-07-17,20,Europe,Paid Ads,1,2025-07-27
CUST4286,Premium,2024-07-04,2025-03-18,100,APAC,Partnership,0,
CUST4287,Standard,2024-08-19,2024-11-04,50,Europe,Referral,0,
CUST4288,Basic,2024-07-07,2026-07-13,20,LATAM,Referral,0,
CUST4289,Basic,2024-04-11,2025-09-20,20,LATAM,Paid Ads,0,
CUST4290,Basic,2024-01-28,2025-01-01,20,Europe,Paid Ads,1,2024-09-22
CUST4291,Premium,2025-01-02,2027-01-02,100,Europe,Organic,0,
CUST4292,Basic,2024-08-02,2025-12-31,20,LATAM,Referral,0,
CUST4293,Basic,2024-05-09,2026-09-25,20,LATAM,Paid Ads,0,
CUST4294,Basic,2024-08-24,2026-05-16,20,Europe,Organic,0,
CUST4295,Basic,2024-01-08,2024-08-14,20,APAC,Partnership,0,
CUST4296,Standard,2024-04-18,2025-12-29,50,North America,Organic,0,
CUST4297,Basic,2024-08-19,2026-02-01,20,Europe,Partnership,0,
CUST4298,Basic,2024-02-29,2026-01-20,20,North America,Organic,1,2025-10-17
CUST4299,Premium,2024-04-11,2025-05-31,100,APAC,Referral,1,2024-10-03
CUST4300,Standard,2024-03-06,2025-09-13,50,APAC,Referral,0,
CUST4301,Standard,2025-04-05,2026-12-19,50,APAC,Organic,0,
CUST4302,Basic,2024-10-19,2027-02-08,20,Europe,Organic,0,
CUST4303,Premium,2024-08-27,2024-12-19,100,Europe,Paid Ads,0,
CUST4304,Premium,2024-03-18,2025-02-02,100,LATAM,Referral,0,
CUST4305,Standard,2024-09-07,2026-01-04,50,LATAM,Partnership,1,2025-09-21
CUST4306,Basic,2024-07-19,2026-07-12,20,APAC,Partnership,0,
CUST4307,Basic,2025-05-25,2026-09-05,20,North America,Referral,0,
CUST4308,Premium,2024-02-29,2025-03-17,100,LATAM,Partnership,0,
CUST4309,Standard,2024-05-08,2024-07-04,50,LATAM,Organic,0,
CUST4310,Basic,2025-05-03,2026-12-14,20,North America,Partnership,1,2025-07-18
CUST4311,Premium,2024-05-15,2025-02-20,100,North America,Paid Ads,1,2024-07-13
CUST4312,Standard,2024-01-25,2025-03-25,50,LATAM,Referral,0,
CUST4313,Standard,2024-12-09,2025-09-16,50,LATAM,Paid Ads,1,2025-03-21
CUST4314,Premium,2024-12-30,2026-09-20,100,LATAM,Organic,0,
CUST4315,Basic,2025-01-11,2026-04-10,20,LATAM,Partnership,0,
CUST4316,Standard,2024-10-19,2027-04-03,50,North America,Organic,0,
CUST4317,Standard,2024-02-11,2024-04-10,50,Europe,Organic,0,
CUST4318,Basic,2024-09-08,2026-05-14,20,LATAM,Partnership,0,
CUST4319,Premium,2024-03-15,2024-11-12,100,Europe,Paid Ads,1,2024-07-05
CUST4320,Standard,2024-08-01,2025-01-07,50,LATAM,Referral,0,
CUST4321,Premium,2025-05-17,2027-04-21,100,APAC,Organic,0,
CUST4322,Premium,2024-12-16,2026-08-21,100,LATAM,Referral,1,2025-12-01
CUST4323,Basic,2024-04-06,2024-08-14,20,Europe,Organic,0,
CUST4324,Premium,2024-12-27,2025-07-12,100,North America,Referral,0,
CUST4325,Standard,2025-03-17,2026-07-15,50,APAC,Paid Ads,0,
CUST4326,Basic,2024-05-27,2025-11-07,20,APAC,Organic,0,
CUST4327,Standard,2024-08-13,2026-12-18,50,APAC,Partnership,0,
CUST4328,Standard,2024-11-17,2027-01-25,50,APAC,Referral,0,
CUST4329,Standard,2025-03-27,2026-10-01,50,LATAM,Partnership,0,
CUST4330,Standard,2024-10-12,2027-02-22,50,Europe,Paid Ads,0,
CUST4331,Standard,2024-01-23,2025-01-01,50,APAC,Organic,0,
CUST4332,Basic,2025-02-27,2026-11-11,20,APAC,Organic,1,2026-10-02
CUST4333,Standard,2024-12-07,2025-04-28,50,APAC,Referral,1,2024-12-21
CUST4334,Standard,2025-03-03,2027-03-31,50,Europe,Referral,0,
CUST4335,Premium,2024-01-23,2025-11-11,100,Europe,Partnership,0,
CUST4336,Basic,2024-05-21,2024-09-02,20,APAC,Partnership,1,2024-06-05
CUST4337,Standard,2024-01-05,2024-08-12,50,LATAM,Partnership,1,2024-02-25
CUST4338,Standard,2024-01-07,2024-11-25,50,LATAM,Referral,0,
CUST4339,Standard,2025-01-17,2025-06-15,50,LATAM,Paid Ads,0,
CUST4340,Standard,2024-01-25,2024-09-19,50,North America,Referral,0,
CUST4341,Premium,2024-10-26,2026-03-03,100,Europe,Organic,0,
CUST4342,Basic,2025-03-31,2027-02-19,20,Europe,Paid Ads,0,
CUST4343,Basic,2024-11-20,2025-02-23,20,North America,Partnership,0,
CUST4344,Standard,2025-03-31,2025-05-12,50,LATAM,Referral,0,
CUST4345,Standard,2025-03-12,2025-11-02,50,Europe,Paid Ads,1,2025-03-30
CUST4346,Basic,2024-02-20,2026-03-28,20,Europe,Organic,0,
CUST4347,Standard,2025-02-01,2027-06-17,50,APAC,Paid Ads,0,
CUST4348,Premium,2024-08-05,2025-11-11,100,Europe,Paid Ads,0,
CUST4349,Premium,2024-06-19,2026-06-26,100,LATAM,Organic,0,
CUST4350,Standard,2024-07-30,2025-09-23,50,LATAM,Organic,1,2025-01-18
CUST4351,Premium,2025-03-21,2026-12-24,100,APAC,Partnership,1,2026-10-18
CUST4352,Standard,2024-02-23,2024-07-18,50,LATAM,Partnership,0,
CUST4353,Basic,2024-04-05,2025-12-03,20,APAC,Partnership,0,
CUST4354,Standard,2024-03-20,2024-08-07,50,North America,Organic,0,
CUST4355,Standard,2025-05-01,2026-05-19,50,LATAM,Organic,0,
CUST4356,Premium,2024-08-09,2026-02-26,100,North America,Organic,0,
CUST4357,Premium,2024-09-18,2026-08-02,100,North America,Partnership,1,2025-07-04
CUST4358,Basic,2024-03-06,2025-03-27,20,APAC,Paid Ads,0,
CUST4359,Premium,2024-08-06,2027-01-06,100,APAC,Organic,0,
CUST4360,Premium,2024-08-10,2026-01-10,100,North America,Partnership,0,
CUST4361,Standard,2024-07-20,2024-10-01,50,APAC,Organic,0,
CUST4362,Basic,2024-11-21,2026-01-15,20,North America,Referral,0,
CUST4363,Basic,2024-09-25,2024-11-30,20,LATAM,Referral,1,2024-09-30
CUST4364,Basic,2025-02-18,2026-11-30,20,LATAM,Organic,0,
CUST4365,Premium,2024-04-15,2025-08-04,100,Europe,Referral,1,2024-10-20
CUST4366,Premium,2025-03-08,2025-07-31,100,LATAM,Referral,1,2025-07-07
CUST4367,Standard,2024-07-25,2026-07-04,50,LATAM,Partnership,0,
CUST4368,Standard,2024-02-12,2026-03-19,50,North America,Referral,0,
CUST4369,Basic,2025-01-18,2025-08-30,20,APAC,Paid Ads,0,
CUST4370,Premium,2025-03-08,2026-03-08,100,North America,Partnership,0,
CUST4371,Basic,2025-01-08,2025-10-10,20,APAC,Paid Ads,0,
CUST4372,Premium,2024-06-12,2025-08-13,100,Europe,Partnership,0,
CUST4373,Basic,2025-05-08,2026-05-16,20,North America,Referral,0,
CUST4374,Basic,2025-03-11,2026-06-22,20,APAC,Partnership,0,
CUST4375,Premium,2024-07-26,2024-08-31,100,Europe,Organic,0,
CUST4376,Premium,2024-06-10,2026-11-02,100,APAC,Paid Ads,0,
CUST4377,Standard,2024-08-15,2025-06-02,50,LATAM,Referral,0,
CUST4378,Premium,2024-06-17,2025-06-09,100,APAC,Organic,1,2025-03-10
CUST4379,Standard,2024-04-19,2025-01-18,50,APAC,Referral,1,2024-12-15
CUST4380,Basic,2024-05-08,2026-06-16,20,North America,Referral,0,
CUST4381,Premium,2024-06-19,2025-11-26,100,LATAM,Paid Ads,0,
CUST4382,Standard,2024-05-03,2026-07-20,50,LATAM,Organic,0,
CUST4383,Basic,2025-05-07,2027-04-05,20,APAC,Paid Ads,0,
CUST4384,Standard,2024-03-03,2024-04-10,50,Europe,Organic,0,
CUST4385,Basic,2024-02-19,2026-07-15,20,Europe,Organic,1,2024-12-01
CUST4386,Basic,2024-10-24,2026-04-07,20,Europe,Partnership,0,
CUST4387,Premium,2025-05-10,2027-10-26,100,North America,Partnership,0,
CUST4388,Premium,2024-04-06,2026-06-20,100,LATAM,Referral,0,
CUST4389,Premium,2025-05-01,2025-09-18,100,LATAM,Organic,0,
CUST4390,Premium,2025-02-12,2026-04-30,100,LATAM,Partnership,0,
CUST4391,Standard,2025-01-21,2026-08-10,50,APAC,Organic,0,
CUST4392,Basic,2024-01-17,2024-03-04,20,APAC,Partnership,0,
CUST4393,Standard,2024-10-15,2025-04-04,50,Europe,Paid Ads,0,
CUST4394,Standard,2025-04-14,2027-02-12,50,APAC,Paid Ads,0,
CUST4395,Premium,2024-03-31,2025-12-14,100,Europe,Paid Ads,1,2024-12-21
CUST4396,Basic,2024-01-22,2025-02-25,20,North America,Referral,0,
CUST4397,Standard,2024-02-21,2026-05-11,50,Europe,Referral,1,2025-07-10
CUST4398,Premium,2024-12-02,2025-02-08,100,North America,Organic,0,
CUST4399,Basic,2025-02-10,2027-03-07,20,North America,Organic,0,
CUST4400,Basic,2024-02-01,2025-07-31,20,LATAM,Organic,1,2025-03-18
CUST4401,Standard,2025-04-24,2026-05-03,50,Europe,Partnership,0,
CUST4402,Premium,2024-11-22,2025-10-13,100,Europe,Paid Ads,0,
CUST4403,Premium,2025-05-18,2025-09-16,100,Europe,Partnership,0,
CUST4404,Basic,2025-04-28,2027-01-01,20,APAC,Referral,1,2026-01-12
CUST4405,Standard,2025-01-31,2025-12-17,50,Europe,Referral,0,
CUST4406,Basic,2024-07-31,2024-12-01,20,Europe,Organic,0,
CUST4407,Standard,2025-03-09,2026-04-16,50,Europe,Referral,1,2025-11-30
CUST4408,Basic,2024-12-07,2025-10-03,20,APAC,Referral,0,
CUST4409,Premium,2024-05-11,2025-04-03,100,Europe,Referral,1,2024-05-29
CUST4410,Premium,2025-02-04,2027-01-15,100,Europe,Organic,1,2025-12-13
CUST4411,Premium,2024-11-23,2025-03-21,100,LATAM,Organic,0,
CUST4412,Premium,2024-08-01,2026-12-22,100,APAC,Partnership,1,2024-11-27
CUST4413,Standard,2024-07-21,2025-04-17,50,Europe,Organic,0,
CUST4414,Standard,2024-07-24,2026-12-02,50,Europe,Referral,1,2024-09-22
CUST4415,Basic,2024-08-28,2024-12-03,20,North America,Organic,0,
CUST4416,Premium,2024-11-13,2027-04-05,100,North America,Organic,0,
CUST4417,Basic,2024-12-09,2026-12-24,20,Europe,Paid Ads,0,
CUST4418,Basic,2024-02-21,2025-12-18,20,APAC,Paid Ads,0,
CUST4419,Basic,2025-03-30,2026-06-30,20,APAC,Paid Ads,0,
CUST4420,Basic,2024-06-23,2026-01-20,20,LATAM,Referral,0,
CUST4421,Basic,2024-05-20,2026-05-10,20,North America,Paid Ads,0,
CUST4422,Premium,2024-11-06,2027-02-12,100,North America,Partnership,0,
CUST4423,Premium,2024-01-04,2025-01-23,100,APAC,Referral,0,
CUST4424,Basic,2024-02-07,2025-02-28,20,North America,Organic,0,
CUST4425,Basic,2025-03-19,2026-09-09,20,Europe,Organic,0,
CUST4426,Premium,2024-05-22,2024-09-25,100,LATAM,Partnership,0,
CUST4427,Basic,2025-03-08,2026-12-18,20,APAC,Paid Ads,0,
CUST4428,Standard,2024-04-16,2025-07-05,50,APAC,Organic,0,
CUST4429,Standard,2025-05-22,2026-10-24,50,LATAM,Organic,0,
CUST4430,Basic,2024-08-29,2025-12-14,20,Europe,Referral,0,
CUST4431,Premium,2024-03-30,2026-05-15,100,APAC,Organic,0,
CUST4432,Premium,2025-02-15,2025-09-09,100,Europe,Referral,0,
CUST4433,Basic,2025-03-21,2026-07-18,20,LATAM,Referral,0,
CUST4434,Premium,2025-04-03,2027-02-21,100,North America,Paid Ads,0,
CUST4435,Standard,2024-07-10,2026-02-23,50,APAC,Paid Ads,0,
CUST4436,Premium,2024-10-25,2026-07-11,100,North America,Referral,0,
CUST4437,Standard,2024-11-27,2025-12-11,50,North America,Paid Ads,0,
CUST4438,Standard,2025-03-20,2026-03-15,50,LATAM,Paid Ads,0,
CUST4439,Standard,2024-01-26,2025-09-09,50,LATAM,Partnership,0,
CUST4440,Premium,2024-11-20,2025-01-19,100,APAC,Organic,0,
CUST4441,Premium,2025-03-27,2025-08-15,100,APAC,Organic,0,
CUST4442,Standard,2024-07-11,2026-03-18,50,APAC,Referral,1,2024-12-01
CUST4443,Premium,2024-12-25,2027-04-24,100,APAC,Referral,1,2026-06-24
CUST4444,Standard,2024-11-11,2026-06-02,50,North America,Organic,0,
CUST4445,Basic,2024-01-05,2026-02-08,20,APAC,Organic,0,
CUST4446,Standard,2025-04-02,2026-11-27,50,APAC,Paid Ads,0,
CUST4447,Standard,2024-02-20,2025-12-22,50,APAC,Referral,0,
CUST4448,Basic,2024-01-19,2024-06-23,20,Europe,Paid Ads,1,2024-02-27
CUST4449,Standard,2025-02-04,2027-07-09,50,North America,Organic,0,
CUST4450,Standard,2024-01-24,2025-04-09,50,APAC,Paid Ads,0,
CUST4451,Premium,2024-07-04,2025-01-15,100,APAC,Paid Ads,0,
CUST4452,Basic,2024-05-01,2026-03-11,20,LATAM,Paid Ads,0,
CUST4453,Standard,2024-01-14,2026-04-24,50,Europe,Organic,0,
CUST4454,Premium,2024-05-19,2026-09-27,100,Europe,Organic,0,
CUST4455,Basic,2024-05-22,2025-03-13,20,LATAM,Referral,0,
CUST4456,Premium,2024-09-01,2026-01-24,100,LATAM,Partnership,0,
CUST4457,Premium,2024-11-30,2026-05-20,100,APAC,Organic,0,
CUST4458,Premium,2024-11-08,2026-01-12,100,North America,Partnership,0,
CUST4459,Premium,2025-05-22,2026-03-09,100,APAC,Referral,1,2025-12-03
CUST4460,Premium,2025-01-05,2026-11-27,100,LATAM,Paid Ads,0,
CUST4461,Standard,2024-12-04,2027-01-14,50,Europe,Partnership,1,2025-12-29
CUST4462,Premium,2024-12-28,2026-07-07,100,LATAM,Referral,0,
CUST4463,Premium,2024-10-30,2026-06-27,100,APAC,Paid Ads,0,
CUST4464,Basic,2024-06-12,2025-09-11,20,APAC,Referral,0,
CUST4465,Basic,2024-11-02,2026-05-16,20,LATAM,Referral,0,
CUST4466,Basic,2025-04-29,2026-06-06,20,North America,Referral,0,
CUST4467,Basic,2024-06-11,2026-09-10,20,APAC,Paid Ads,0,
CUST4468,Standard,2024-11-03,2025-08-09,50,Europe,Partnership,0,
CUST4469,Premium,2024-02-02,2025-03-02,100,LATAM,Partnership,1,2025-02-07
CUST4470,Standard,2025-01-04,2027-02-11,50,APAC,Organic,1,2025-07-03
CUST4471,Premium,2025-04-19,2025-11-04,100,APAC,Referral,0,
CUST4472,Basic,2024-07-20,2025-06-02,20,North America,Referral,0,
CUST4473,Premium,2025-04-23,2026-08-23,100,Europe,Organic,0,
CUST4474,Premium,2024-11-18,2025-09-20,100,LATAM,Paid Ads,0,
CUST4475,Standard,2024-01-30,2024-05-03,50,North America,Paid Ads,0,
CUST4476,Standard,2024-12-28,2025-03-07,50,APAC,Organic,0,
CUST4477,Premium,2024-12-17,2025-02-08,100,North America,Partnership,0,
CUST4478,Premium,2024-08-02,2025-08-18,100,North America,Partnership,0,
CUST4479,Basic,2024-09-28,2026-12-27,20,Europe,Referral,0,
CUST4480,Premium,2025-05-18,2027-03-14,100,Europe,Paid Ads,0,
CUST4481,Standard,2024-04-12,2024-09-03,50,Europe,Organic,1,2024-07-12
CUST4482,Premium,2024-06-19,2025-09-02,100,North America,Partnership,0,
CUST4483,Standard,2025-03-20,2027-08-27,50,APAC,Paid Ads,0,
CUST4484,Basic,2024-02-22,2025-09-10,20,APAC,Organic,0,
CUST4485,Basic,2024-12-22,2025-11-16,20,Europe,Partnership,0,
CUST4486,Basic,2024-02-11,2026-06-07,20,APAC,Referral,0,
CUST4487,Premium,2024-11-27,2025-04-02,100,North America,Paid Ads,1,2025-02-21
CUST4488,Standard,2024-11-16,2027-01-28,50,APAC,Partnership,0,
CUST4489,Premium,2025-03-03,2025-08-18,100,LATAM,Organic,0,
CUST4490,Premium,2025-04-11,2025-12-01,100,North America,Referral,0,
CUST4491,Standard,2024-05-23,2026-11-05,50,LATAM,Organic,1,2025-04-14
CUST4492,Standard,2024-06-19,2026-09-06,50,APAC,Referral,0,
CUST4493,Basic,2024-01-30,2025-08-08,20,Europe,Referral,0,
CUST4494,Basic,2024-06-12,2024-07-26,20,LATAM,Referral,0,
CUST4495,Basic,2024-03-26,2026-01-02,20,LATAM,Paid Ads,0,
CUST4496,Basic,2024-12-10,2025-03-25,20,North America,Paid Ads,0,
CUST4497,Standard,2024-12-09,2025-02-10,50,North America,Partnership,0,
CUST4498,Premium,2025-03-04,2026-06-28,100,Europe,Paid Ads,0,
CUST4499,Basic,2024-10-14,2027-01-22,20,Europe,Paid Ads,0,
CUST4500,Premium,2025-05-29,2026-06-15,100,North America,Partnership,0,
CUST4501,Basic,2024-02-28,2024-08-24,20,APAC,Paid Ads,0,
CUST4502,Basic,2025-01-10,2025-03-28,20,LATAM,Partnership,0,
CUST4503,Basic,2024-04-19,2025-01-26,20,Europe,Paid Ads,0,
CUST4504,Standard,2025-03-28,2026-05-19,50,APAC,Partnership,0,
CUST4505,Premium,2024-12-05,2025-10-30,100,North America,Organic,0,
CUST4506,Premium,2024-07-17,2024-11-11,100,APAC,Partnership,0,
CUST4507,Premium,2024-09-11,2025-12-31,100,Europe,Partnership,0,
CUST4508,Standard,2024-02-09,2026-02-10,50,Europe,Organic,0,
CUST4509,Basic,2024-05-01,2026-04-25,20,LATAM,Referral,0,
CUST4510,Standard,2024-05-30,2026-05-29,50,North America,Referral,0,
CUST4511,Premium,2025-02-03,2027-05-15,100,LATAM,Paid Ads,0,
CUST4512,Basic,2024-06-14,2025-12-17,20,LATAM,Paid Ads,1,2025-08-26
CUST4513,Basic,2025-05-30,2026-11-11,20,North America,Organic,0,
CUST4514,Premium,2024-04-10,2026-01-07,100,Europe,Paid Ads,0,
CUST4515,Standard,2025-03-29,2025-12-07,50,North America,Partnership,0,
CUST4516,Standard,2024-01-28,2025-02-28,50,LATAM,Organic,1,2024-10-18
CUST4517,Premium,2024-01-02,2025-04-28,100,LATAM,Referral,0,
CUST4518,Standard,2024-07-20,2024-10-15,50,North America,Partnership,0,
CUST4519,Standard,2024-06-30,2024-08-05,50,North America,Organic,1,2024-07-25
CUST4520,Premium,2024-02-05,2024-10-10,100,Europe,Referral,0,
CUST4521,Standard,2024-06-23,2026-03-23,50,APAC,Organic,0,
CUST4522,Standard,2024-02-18,2024-11-17,50,LATAM,Referral,0,
CUST4523,Basic,2024-07-29,2025-06-03,20,APAC,Organic,0,
CUST4524,Premium,2024-10-31,2026-09-01,100,LATAM,Partnership,1,2025-03-30
CUST4525,Basic,2024-02-15,2024-06-01,20,LATAM,Organic,0,
CUST4526,Premium,2024-06-25,2024-10-06,100,Europe,Referral,1,2024-09-30
CUST4527,Standard,2024-09-07,2025-07-21,50,North America,Paid Ads,0,
CUST4528,Basic,2024-06-01,2024-07-03,20,APAC,Paid Ads,1,2024-06-19
CUST4529,Premium,2024-08-29,2025-03-24,100,Europe,Partnership,1,2025-01-17
CUST4530,Premium,2025-01-31,2026-08-19,100,Europe,Organic,1,2026-03-28
CUST4531,Basic,2024-08-31,2026-04-03,20,LATAM,Organic,0,
CUST4532,Premium,2024-09-08,2026-11-02,100,North America,Referral,0,
CUST4533,Basic,2025-05-12,2026-08-23,20,LATAM,Partnership,0,
CUST4534,Basic,2024-12-28,2025-06-08,20,North America,Organic,1,2025-01-23
CUST4535,Basic,2025-04-12,2025-09-05,20,LATAM,Organic,0,
CUST4536,Standard,2024-11-24,2025-04-09,50,APAC,Organic,0,
CUST4537,Standard,2024-03-23,2026-06-14,50,North America,Partnership,1,2026-06-01
CUST4538,Premium,2024-11-07,2025-12-12,100,North America,Partnership,0,
CUST4539,Standard,2024-05-25,2026-03-17,50,LATAM,Referral,0,
CUST4540,Standard,2024-07-09,2025-11-15,50,LATAM,Organic,0,
CUST4541,Basic,2025-04-01,2027-05-22,20,Europe,Referral,0,
CUST4542,Basic,2025-03-11,2025-12-12,20,LATAM,Paid Ads,0,
CUST4543,Standard,2025-02-15,2027-05-09,50,North America,Paid Ads,0,
CUST4544,Standard,2025-01-16,2026-02-22,50,Europe,Organic,0,
CUST4545,Standard,2025-05-04,2027-07-08,50,North America,Paid Ads,0,
CUST4546,Basic,2024-08-10,2026-08-13,20,Europe,Paid Ads,0,
CUST4547,Premium,2024-03-11,2025-02-13,100,APAC,Referral,0,
CUST4548,Standard,2025-05-21,2026-08-28,50,LATAM,Paid Ads,0,
CUST4549,Basic,2024-04-23,2024-08-04,20,North America,Partnership,0,
CUST4550,Standard,2024-06-27,2026-04-29,50,North America,Partnership,0,
CUST4551,Standard,2024-08-20,2025-01-12,50,Europe,Partnership,0,
CUST4552,Premium,2025-03-01,2025-12-24,100,LATAM,Paid Ads,0,
CUST4553,Standard,2025-01-21,2026-08-25,50,LATAM,Partnership,0,
CUST4554,Standard,2024-08-09,2025-09-29,50,LATAM,Organic,0,
CUST4555,Basic,2024-10-11,2026-05-18,20,North America,Organic,0,
CUST4556,Premium,2024-08-20,2026-08-26,100,Europe,Referral,0,
CUST4557,Standard,2024-04-26,2026-04-03,50,Europe,Paid Ads,0,
CUST4558,Standard,2024-12-03,2026-09-06,50,North America,Referral,0,
CUST4559,Basic,2024-02-21,2025-04-12,20,North America,Partnership,0,
CUST4560,Premium,2024-03-24,2025-10-31,100,Europe,Organic,0,
CUST4561,Basic,2025-05-06,2025-10-10,20,Europe,Partnership,0,
CUST4562,Basic,2025-04-02,2027-04-15,20,North America,Organic,0,
CUST4563,Standard,2024-12-08,2026-12-01,50,North America,Referral,0,
CUST4564,Premium,2024-10-18,2026-07-05,100,APAC,Referral,0,
CUST4565,Premium,2024-06-14,2024-11-29,100,North America,Partnership,1,2024-07-16
CUST4566,Basic,2024-12-09,2026-03-11,20,APAC,Referral,0,
CUST4567,Premium,2024-01-10,2025-04-27,100,North America,Organic,1,2024-04-28
CUST4568,Premium,2024-09-06,2025-01-10,100,APAC,Referral,0,
CUST4569,Basic,2025-04-17,2026-05-27,20,North America,Paid Ads,0,
CUST4570,Standard,2024-04-15,2025-07-17,50,Europe,Referral,0,
CUST4571,Premium,2025-05-14,2027-01-08,100,LATAM,Paid Ads,0,
CUST4572,Basic,2025-02-05,2026-09-01,20,Europe,Organic,0,
CUST4573,Basic,2024-07-31,2026-06-19,20,North America,Organic,0,
CUST4574,Standard,2025-05-20,2026-06-10,50,North America,Referral,0,
CUST4575,Premium,2025-02-02,2025-10-17,100,Europe,Organic,0,
CUST4576,Premium,2024-05-03,2026-09-01,100,Europe,Referral,0,
CUST4577,Basic,2024-10-01,2026-06-15,20,LATAM,Partnership,1,2024-11-17
CUST4578,Standard,2025-05-02,2027-04-20,50,North America,Paid Ads,0,
CUST4579,Standard,2024-12-06,2026-06-04,50,APAC,Partnership,0,
CUST4580,Premium,2024-05-06,2024-11-08,100,LATAM,Paid Ads,0,
CUST4581,Standard,2024-05-28,2025-05-22,50,Europe,Paid Ads,0,
CUST4582,Standard,2024-10-05,2025-01-14,50,North America,Referral,0,
CUST4583,Premium,2024-03-09,2026-01-12,100,Europe,Partnership,0,
CUST4584,Standard,2024-07-02,2024-11-17,50,LATAM,Referral,0,
CUST4585,Basic,2024-02-08,2024-07-11,20,Europe,Referral,0,
CUST4586,Standard,2025-01-01,2025-10-22,50,Europe,Partnership,1,2025-04-18
CUST4587,Premium,2024-08-27,2024-12-31,100,APAC,Partnership,0,
CUST4588,Basic,2024-01-09,2026-04-08,20,North America,Paid Ads,0,
CUST4589,Premium,2024-02-17,2026-01-13,100,LATAM,Partnership,0,
CUST4590,Premium,2025-04-20,2025-10-05,100,APAC,Partnership,0,
CUST4591,Premium,2024-04-20,2025-09-03,100,North America,Paid Ads,0,
CUST4592,Basic,2025-03-04,2026-05-18,20,APAC,Organic,0,
CUST4593,Basic,2025-04-26,2025-12-08,20,Europe,Paid Ads,0,
CUST4594,Standard,2024-05-19,2024-10-19,50,North America,Referral,0,
CUST4595,Basic,2024-07-03,2025-06-10,20,APAC,Organic,1,2024-09-29
CUST4596,Premium,2024-04-06,2026-04-10,100,Europe,Partnership,0,
CUST4597,Premium,2025-02-25,2027-02-14,100,Europe,Organic,0,
CUST4598,Basic,2024-11-16,2025-10-27,20,Europe,Referral,0,
CUST4599,Basic,2024-10-24,2025-08-24,20,North America,Partnership,0,
CUST4600,Premium,2024-02-01,2024-08-10,100,APAC,Paid Ads,0,
CUST4601,Basic,2024-11-11,2026-03-05,20,APAC,Organic,0,
CUST4602,Premium,2025-03-12,2027-02-13,100,North America,Organic,1,2026-02-20
CUST4603,Standard,2024-10-18,2025-03-02,50,APAC,Organic,0,
CUST4604,Standard,2024-07-16,2025-12-06,50,Europe,Organic,1,2024-12-23
CUST4605,Premium,2024-11-28,2025-04-02,100,Europe,Partnership,0,
CUST4606,Premium,2025-01-29,2025-05-16,100,North America,Paid Ads,0,
CUST4607,Basic,2024-11-21,2026-01-17,20,North America,Paid Ads,0,
CUST4608,Standard,2024-02-06,2025-12-16,50,Europe,Paid Ads,0,
CUST4609,Basic,2025-01-25,2026-05-13,20,LATAM,Referral,0,
CUST4610,Standard,2024-12-21,2025-09-16,50,Europe,Paid Ads,0,
CUST4611,Standard,2024-04-05,2026-09-06,50,North America,Partnership,1,2026-07-27
CUST4612,Premium,2024-08-24,2026-12-04,100,Europe,Organic,0,
CUST4613,Basic,2024-10-28,2024-11-29,20,APAC,Paid Ads,0,
CUST4614,Premium,2024-10-03,2025-12-26,100,Europe,Paid Ads,0,
CUST4615,Standard,2024-09-20,2025-05-21,50,Europe,Paid Ads,0,
CUST4616,Basic,2024-09-17,2026-11-05,20,LATAM,Referral,1,2025-12-07
CUST4617,Standard,2024-10-18,2025-07-30,50,APAC,Paid Ads,0,
CUST4618,Basic,2024-12-03,2025-12-19,20,LATAM,Paid Ads,1,2025-04-20
CUST4619,Basic,2024-12-21,2025-07-06,20,APAC,Organic,0,
CUST4620,Premium,2025-05-06,2027-10-16,100,APAC,Partnership,0,
CUST4621,Basic,2025-03-08,2026-01-22,20,Europe,Referral,0,
CUST4622,Standard,2025-02-18,2026-02-19,50,North America,Referral,1,2025-10-11
CUST4623,Basic,2024-02-08,2026-04-28,20,Europe,Organic,0,
CUST4624,Premium,2024-05-19,2026-01-02,100,APAC,Partnership,0,
CUST4625,Standard,2024-10-18,2026-12-14,50,Europe,Partnership,0,
CUST4626,Premium,2025-03-20,2026-07-03,100,LATAM,Referral,0,
CUST4627,Premium,2024-01-17,2025-04-09,100,APAC,Referral,0,
CUST4628,Standard,2024-02-22,2024-06-18,50,North America,Referral,0,
CUST4629,Premium,2024-03-23,2024-05-18,100,LATAM,Organic,0,
CUST4630,Basic,2024-04-15,2025-04-24,20,APAC,Referral,0,
CUST4631,Standard,2024-11-29,2024-12-29,50,LATAM,Referral,0,
CUST4632,Basic,2024-04-08,2025-06-05,20,LATAM,Organic,0,
CUST4633,Standard,2024-07-28,2025-06-13,50,APAC,Paid Ads,0,
CUST4634,Standard,2024-01-20,2024-11-29,50,LATAM,Partnership,0,
CUST4635,Basic,2025-02-22,2027-03-18,20,APAC,Referral,0,
CUST4636,Basic,2024-11-14,2025-01-29,20,LATAM,Partnership,1,2024-12-18
CUST4637,Basic,2025-04-27,2027-09-25,20,LATAM,Organic,0,
CUST4638,Premium,2025-04-01,2025-09-05,100,Europe,Partnership,0,
CUST4639,Basic,2024-02-27,2026-02-24,20,Europe,Partnership,0,
CUST4640,Premium,2025-03-14,2027-05-15,100,APAC,Referral,0,
CUST4641,Standard,2025-02-25,2027-05-14,50,APAC,Organic,0,
CUST4642,Premium,2025-02-20,2026-10-15,100,APAC,Paid Ads,0,
CUST4643,Premium,2024-11-26,2026-06-03,100,LATAM,Paid Ads,0,
CUST4644,Basic,2024-03-22,2026-09-08,20,North America,Organic,0,
CUST4645,Standard,2024-03-27,2026-07-30,50,LATAM,Partnership,0,
CUST4646,Basic,2025-05-30,2026-07-11,20,North America,Partnership,1,2026-05-28
CUST4647,Standard,2025-01-20,2027-04-07,50,LATAM,Partnership,0,
CUST4648,Basic,2025-02-28,2025-08-27,20,LATAM,Partnership,1,2025-04-19
CUST4649,Premium,2024-09-16,2025-08-23,100,LATAM,Paid Ads,0,
CUST4650,Basic,2025-01-21,2027-03-27,20,APAC,Referral,0,
CUST4651,Basic,2024-03-14,2026-03-04,20,Europe,Organic,0,
CUST4652,Basic,2025-03-26,2027-03-21,20,Europe,Partnership,0,
CUST4653,Standard,2024-08-13,2027-01-18,50,North America,Referral,1,2025-11-14
CUST4654,Standard,2025-04-17,2026-09-01,50,APAC,Partnership,0,
CUST4655,Basic,2025-02-01,2025-11-08,20,LATAM,Paid Ads,0,
CUST4656,Standard,2025-05-15,2027-09-25,50,APAC,Organic,0,
CUST4657,Standard,2024-10-20,2026-09-15,50,APAC,Partnership,0,
CUST4658,Standard,2024-12-28,2027-06-14,50,APAC,Paid Ads,0,
CUST4659,Premium,2024-01-29,2026-04-09,100,LATAM,Partnership,0,
CUST4660,Standard,2025-03-05,2026-10-26,50,LATAM,Referral,0,
CUST4661,Basic,2024-01-24,2025-06-28,20,APAC,Paid Ads,0,
CUST4662,Standard,2025-03-31,2026-04-24,50,North America,Partnership,0,
CUST4663,Basic,2025-04-27,2027-07-20,20,North America,Partnership,0,
CUST4664,Basic,2024-02-03,2025-12-22,20,North America,Organic,0,
CUST4665,Premium,2025-02-22,2026-04-09,100,APAC,Organic,0,
CUST4666,Premium,2024-10-24,2026-12-02,100,Europe,Paid Ads,0,
CUST4667,Basic,2025-01-09,2025-10-17,20,APAC,Referral,0,
CUST4668,Basic,2025-02-25,2026-06-10,20,Europe,Paid Ads,0,
CUST4669,Premium,2024-09-23,2026-02-12,100,North America,Organic,1,2025-07-13
CUST4670,Premium,2024-03-02,2026-04-24,100,North America,Organic,0,
CUST4671,Standard,2024-03-20,2024-07-08,50,APAC,Referral,0,
CUST4672,Premium,2024-03-23,2024-07-19,100,LATAM,Partnership,0,
CUST4673,Premium,2025-04-03,2027-07-18,100,APAC,Paid Ads,0,
CUST4674,Standard,2024-11-15,2027-01-01,50,LATAM,Organic,0,
CUST4675,Standard,2025-02-22,2026-08-29,50,LATAM,Organic,0,
CUST4676,Basic,2025-02-25,2026-05-10,20,APAC,Referral,0,
CUST4677,Standard,2025-01-16,2027-02-14,50,Europe,Organic,1,2026-03-06
CUST4678,Standard,2024-03-10,2025-01-16,50,APAC,Organic,0,
CUST4679,Premium,2024-01-04,2026-02-19,100,Europe,Paid Ads,0,
CUST4680,Premium,2025-03-08,2026-01-24,100,Europe,Referral,0,
CUST4681,Standard,2024-09-04,2026-07-04,50,APAC,Referral,0,
CUST4682,Basic,2024-09-16,2024-12-11,20,Europe,Organic,0,
CUST4683,Basic,2025-01-20,2025-03-24,20,North America,Referral,0,
CUST4684,Standard,2024-08-06,2026-03-24,50,LATAM,Paid Ads,0,
CUST4685,Basic,2025-05-27,2026-06-08,20,APAC,Referral,0,
CUST4686,Standard,2024-05-11,2024-06-12,50,APAC,Partnership,0,
CUST4687,Premium,2024-04-15,2024-06-01,100,APAC,Partnership,0,
CUST4688,Premium,2025-05-31,2026-11-04,100,Europe,Paid Ads,0,
CUST4689,Standard,2025-02-27,2026-02-09,50,North America,Referral,0,
CUST4690,Standard,2024-04-07,2024-12-01,50,LATAM,Partnership,1,2024-05-30
CUST4691,Standard,2024-01-09,2024-07-01,50,North America,Paid Ads,0,
CUST4692,Standard,2025-03-04,2027-06-02,50,Europe,Partnership,0,
CUST4693,Basic,2025-01-08,2026-11-22,20,APAC,Paid Ads,0,
CUST4694,Basic,2024-12-17,2026-10-15,20,LATAM,Partnership,0,
CUST4695,Basic,2024-06-23,2026-02-10,20,APAC,Organic,0,
CUST4696,Standard,2025-01-20,2026-06-05,50,APAC,Organic,0,
CUST4697,Premium,2024-07-29,2024-12-05,100,Europe,Paid Ads,0,
CUST4698,Standard,2024-02-26,2024-10-13,50,North America,Organic,0,
CUST4699,Basic,2024-07-12,2025-05-03,20,APAC,Referral,1,2024-10-09
CUST4700,Standard,2025-01-13,2026-09-23,50,Europe,Organic,0,
CUST4701,Basic,2024-06-26,2024-09-28,20,North America,Organic,0,
CUST4702,Basic,2024-10-29,2025-02-28,20,LATAM,Paid Ads,0,
CUST4703,Standard,2024-07-20,2025-05-01,50,LATAM,Organic,1,2025-01-19
CUST4704,Standard,2024-03-05,2025-02-26,50,Europe,Organic,0,
CUST4705,Basic,2024-10-30,2024-12-09,20,North America,Partnership,0,
CUST4706,Premium,2024-02-18,2025-12-10,100,North America,Organic,0,
CUST4707,Premium,2024-11-06,2026-10-16,100,LATAM,Partnership,0,
CUST4708,Standard,2025-03-18,2025-12-16,50,LATAM,Referral,0,
CUST4709,Standard,2024-05-02,2026-08-11,50,APAC,Partnership,0,
CUST4710,Basic,2025-02-20,2026-12-10,20,North America,Paid Ads,0,
CUST4711,Premium,2024-06-05,2024-08-30,100,APAC,Partnership,0,
CUST4712,Premium,2024-01-24,2025-04-27,100,North America,Organic,0,
CUST4713,Premium,2024-04-05,2024-05-22,100,LATAM,Referral,1,2024-05-20
CUST4714,Premium,2024-09-13,2025-02-27,100,Europe,Paid Ads,0,
CUST4715,Basic,2025-03-03,2027-07-25,20,LATAM,Paid Ads,0,
CUST4716,Basic,2025-05-26,2026-06-24,20,Europe,Organic,0,
CUST4717,Standard,2025-01-25,2025-07-23,50,Europe,Referral,1,2025-03-16
CUST4718,Premium,2024-03-29,2026-05-31,100,APAC,Referral,1,2025-03-18
CUST4719,Premium,2024-12-26,2026-06-13,100,Europe,Paid Ads,1,2025-05-11
CUST4720,Premium,2024-07-25,2025-02-01,100,LATAM,Organic,1,2024-08-06
CUST4721,Premium,2024-12-13,2026-10-04,100,LATAM,Partnership,0,
CUST4722,Basic,2025-04-19,2025-09-21,20,APAC,Paid Ads,1,2025-07-18
CUST4723,Basic,2024-07-09,2026-08-12,20,APAC,Partnership,0,
CUST4724,Standard,2025-02-13,2025-03-31,50,North America,Paid Ads,0,
CUST4725,Basic,2024-06-26,2026-10-14,20,APAC,Organic,0,
CUST4726,Basic,2025-03-04,2027-06-13,20,APAC,Organic,0,
CUST4727,Standard,2025-04-06,2027-08-07,50,LATAM,Partnership,0,
CUST4728,Premium,2024-01-24,2024-11-12,100,APAC,Organic,0,
CUST4729,Premium,2025-02-05,2027-02-09,100,APAC,Referral,0,
CUST4730,Basic,2024-12-03,2026-10-06,20,North America,Referral,0,
CUST4731,Standard,2025-05-18,2026-12-12,50,Europe,Paid Ads,0,
CUST4732,Premium,2024-12-21,2026-03-31,100,LATAM,Referral,0,
CUST4733,Premium,2024-07-29,2025-09-30,100,Europe,Organic,0,
CUST4734,Basic,2024-05-21,2026-10-31,20,LATAM,Paid Ads,0,
CUST4735,Basic,2025-01-26,2025-03-06,20,North America,Paid Ads,0,
CUST4736,Standard,2024-03-22,2026-06-01,50,APAC,Referral,0,
CUST4737,Basic,2024-07-31,2025-08-02,20,Europe,Organic,1,2024-12-10
CUST4738,Premium,2024-06-21,2026-07-26,100,APAC,Paid Ads,0,
CUST4739,Standard,2024-09-22,2026-02-04,50,North America,Organic,0,
CUST4740,Premium,2024-08-26,2025-08-06,100,North America,Partnership,0,
CUST4741,Premium,2024-04-05,2026-05-28,100,Europe,Partnership,0,
CUST4742,Basic,2024-08-14,2025-01-20,20,North America,Partnership,0,
CUST4743,Standard,2024-09-18,2026-03-24,50,LATAM,Organic,0,
CUST4744,Standard,2025-01-24,2027-01-29,50,LATAM,Partnership,0,
CUST4745,Premium,2024-07-09,2025-01-17,100,Europe,Partnership,0,
CUST4746,Basic,2024-08-11,2025-02-14,20,North America,Organic,0,
CUST4747,Basic,2024-12-17,2026-03-29,20,North America,Referral,0,
CUST4748,Standard,2025-02-23,2027-01-08,50,LATAM,Referral,0,
CUST4749,Basic,2024-11-27,2027-03-27,20,LATAM,Partnership,0,
CUST4750,Standard,2024-11-29,2027-04-28,50,APAC,Partnership,0,
CUST4751,Standard,2024-08-24,2025-09-23,50,Europe,Organic,0,
CUST4752,Basic,2024-12-18,2026-12-18,20,LATAM,Partnership,0,
CUST4753,Standard,2024-10-08,2026-05-11,50,Europe,Referral,0,
CUST4754,Standard,2024-10-25,2026-05-17,50,North America,Organic,0,
CUST4755,Basic,2024-11-26,2027-02-12,20,LATAM,Referral,1,2027-01-02
CUST4756,Premium,2025-03-10,2025-12-28,100,North America,Referral,0,
CUST4757,Standard,2024-11-21,2025-03-04,50,LATAM,Partnership,0,
CUST4758,Premium,2024-04-24,2026-02-09,100,LATAM,Partnership,0,
CUST4759,Premium,2024-01-09,2026-05-16,100,LATAM,Paid Ads,1,2024-08-08
CUST4760,Standard,2024-04-22,2025-07-01,50,Europe,Organic,0,
CUST4761,Basic,2025-05-01,2027-03-29,20,North America,Partnership,0,
CUST4762,Basic,2024-05-09,2025-11-26,20,APAC,Paid Ads,0,
CUST4763,Premium,2024-06-20,2025-11-23,100,Europe,Partnership,0,
CUST4764,Premium,2025-03-22,2027-02-20,100,North America,Partnership,0,
CUST4765,Basic,2024-01-09,2026-04-30,20,North America,Partnership,0,
CUST4766,Standard,2024-12-07,2025-08-18,50,North America,Organic,0,
CUST4767,Basic,2025-02-13,2027-04-18,20,APAC,Referral,0,
CUST4768,Standard,2024-10-06,2026-01-05,50,APAC,Partnership,0,
CUST4769,Standard,2025-02-06,2025-04-18,50,Europe,Paid Ads,0,
CUST4770,Standard,2025-02-16,2026-12-26,50,LATAM,Partnership,0,
CUST4771,Standard,2024-12-06,2027-02-11,50,Europe,Organic,0,
CUST4772,Premium,2024-04-19,2026-01-22,100,APAC,Organic,0,
CUST4773,Premium,2025-03-31,2027-05-26,100,APAC,Referral,0,
CUST4774,Premium,2024-02-13,2024-09-04,100,Europe,Partnership,0,
CUST4775,Standard,2024-09-08,2024-10-28,50,APAC,Paid Ads,0,
CUST4776,Standard,2024-05-22,2024-09-20,50,APAC,Partnership,0,
CUST4777,Standard,2024-09-23,2025-06-02,50,Europe,Referral,0,
CUST4778,Standard,2024-09-30,2025-08-21,50,LATAM,Referral,0,
CUST4779,Basic,2025-05-07,2027-10-04,20,LATAM,Organic,0,
CUST4780,Premium,2025-04-12,2026-09-18,100,North America,Organic,0,
CUST4781,Basic,2024-11-02,2025-03-10,20,Europe,Partnership,0,
CUST4782,Premium,2024-07-29,2026-07-17,100,Europe,Partnership,1,2025-05-08
CUST4783,Premium,2024-12-10,2026-11-18,100,Europe,Paid Ads,0,
CUST4784,Standard,2025-03-20,2026-04-12,50,LATAM,Referral,0,
CUST4785,Standard,2024-01-20,2025-02-23,50,North America,Referral,0,
CUST4786,Premium,2024-11-09,2025-07-24,100,APAC,Paid Ads,0,
CUST4787,Standard,2024-04-14,2025-04-23,50,LATAM,Referral,0,
CUST4788,Premium,2024-01-03,2026-05-31,100,Europe,Paid Ads,0,
CUST4789,Premium,2025-02-18,2027-02-28,100,North America,Referral,0,
CUST4790,Basic,2025-01-03,2026-10-02,20,APAC,Paid Ads,0,
CUST4791,Basic,2024-04-22,2024-09-25,20,North America,Organic,0,
CUST4792,Premium,2025-04-10,2025-12-30,100,APAC,Referral,0,
CUST4793,Premium,2024-03-14,2026-07-30,100,APAC,Paid Ads,0,
CUST4794,Standard,2024-06-26,2025-07-21,50,LATAM,Paid Ads,0,
CUST4795,Standard,2024-09-17,2025-01-31,50,APAC,Referral,0,
CUST4796,Standard,2024-04-07,2025-06-13,50,LATAM,Partnership,0,
CUST4797,Premium,2024-08-07,2026-06-02,100,APAC,Referral,0,
CUST4798,Basic,2025-01-10,2026-02-25,20,Europe,Paid Ads,0,
CUST4799,Basic,2024-11-04,2027-04-05,20,APAC,Referral,0,
CUST4800,Premium,2025-02-16,2025-05-02,100,North America,Referral,0,
CUST4801,Premium,2024-07-17,2025-10-10,100,APAC,Organic,0,
CUST4802,Basic,2024-01-02,2024-12-04,20,APAC,Referral,1,2024-02-24
CUST4803,Standard,2024-04-08,2025-01-23,50,LATAM,Referral,0,
CUST4804,Standard,2024-10-24,2025-03-30,50,LATAM,Paid Ads,0,
CUST4805,Premium,2024-02-12,2025-08-25,100,APAC,Partnership,0,
CUST4806,Standard,2025-02-16,2025-04-24,50,APAC,Partnership,1,2025-02-20
CUST4807,Basic,2024-01-20,2024-05-08,20,LATAM,Organic,0,
CUST4808,Premium,2024-04-17,2025-08-08,100,North America,Organic,0,
CUST4809,Standard,2024-02-04,2025-07-18,50,LATAM,Partnership,0,
CUST4810,Premium,2024-11-17,2026-11-13,100,Europe,Partnership,1,2026-11-08
CUST4811,Basic,2024-08-30,2026-08-10,20,North America,Partnership,0,
CUST4812,Premium,2025-02-15,2027-02-08,100,LATAM,Referral,0,
CUST4813,Basic,2024-09-02,2025-10-13,20,LATAM,Referral,0,
CUST4814,Standard,2025-05-15,2025-08-12,50,LATAM,Organic,0,
CUST4815,Basic,2024-03-28,2024-12-01,20,Europe,Partnership,0,
CUST4816,Standard,2024-01-08,2024-04-23,50,North America,Paid Ads,0,
CUST4817,Basic,2024-06-17,2025-12-03,20,LATAM,Partnership,0,
CUST4818,Premium,2025-02-18,2027-02-06,100,Europe,Referral,0,
CUST4819,Standard,2025-03-28,2027-06-23,50,LATAM,Referral,0,
CUST4820,Basic,2024-07-19,2026-08-08,20,APAC,Organic,0,
CUST4821,Premium,2025-04-12,2027-04-01,100,North America,Organic,0,
CUST4822,Standard,2024-06-06,2025-08-09,50,LATAM,Partnership,0,
CUST4823,Premium,2024-07-04,2026-06-19,100,Europe,Partnership,0,
CUST4824,Premium,2024-03-10,2024-08-31,100,LATAM,Partnership,0,
CUST4825,Premium,2024-04-16,2024-08-14,100,LATAM,Referral,0,
CUST4826,Premium,2024-06-19,2024-10-04,100,Europe,Paid Ads,0,
CUST4827,Premium,2024-06-11,2026-10-13,100,Europe,Partnership,0,
CUST4828,Basic,2024-12-07,2027-04-15,20,LATAM,Paid Ads,0,
CUST4829,Standard,2025-04-07,2026-02-01,50,LATAM,Partnership,0,
CUST4830,Standard,2024-08-07,2025-03-10,50,LATAM,Partnership,0,
CUST4831,Standard,2024-03-19,2024-08-08,50,APAC,Partnership,0,
CUST4832,Premium,2024-08-06,2025-10-01,100,APAC,Organic,0,
CUST4833,Basic,2024-05-27,2024-08-24,20,North America,Partnership,0,
CUST4834,Premium,2025-03-31,2027-09-04,100,North America,Paid Ads,0,
CUST4835,Standard,2024-10-13,2026-04-04,50,APAC,Organic,0,
CUST4836,Standard,2024-06-18,2024-08-15,50,LATAM,Paid Ads,0,
CUST4837,Standard,2024-09-05,2025-09-01,50,Europe,Paid Ads,0,
CUST4838,Basic,2024-07-08,2025-11-03,20,North America,Organic,0,
CUST4839,Basic,2024-07-19,2024-08-19,20,LATAM,Organic,0,
CUST4840,Standard,2025-05-09,2025-07-25,50,APAC,Referral,0,
CUST4841,Basic,2025-03-21,2025-08-09,20,LATAM,Referral,0,
CUST4842,Basic,2024-05-27,2026-07-24,20,LATAM,Referral,0,
CUST4843,Basic,2025-05-09,2027-05-14,20,LATAM,Referral,0,
CUST4844,Premium,2024-04-06,2025-09-28,100,LATAM,Paid Ads,1,2025-01-20
CUST4845,Premium,2024-11-02,2025-03-17,100,LATAM,Organic,0,
CUST4846,Premium,2024-08-19,2027-01-12,100,Europe,Organic,0,
CUST4847,Standard,2025-02-14,2025-12-03,50,APAC,Partnership,0,
CUST4848,Standard,2024-03-26,2025-06-09,50,APAC,Organic,1,2025-03-29
CUST4849,Premium,2025-01-31,2027-05-14,100,Europe,Organic,0,
CUST4850,Premium,2024-01-16,2024-10-06,100,North America,Referral,0,
CUST4851,Standard,2024-02-24,2024-07-29,50,North America,Referral,0,
CUST4852,Premium,2024-07-11,2025-09-20,100,APAC,Organic,0,
CUST4853,Basic,2024-01-12,2025-05-29,20,LATAM,Referral,0,
CUST4854,Basic,2024-03-09,2025-12-11,20,APAC,Paid Ads,0,
CUST4855,Standard,2024-06-24,2025-09-08,50,Europe,Partnership,0,
CUST4856,Basic,2025-03-09,2026-11-14,20,Europe,Organic,0,
CUST4857,Basic,2024-10-09,2026-04-18,20,LATAM,Partnership,1,2025-06-04
CUST4858,Basic,2025-05-30,2027-10-24,20,APAC,Paid Ads,0,
CUST4859,Premium,2025-02-22,2026-03-29,100,North America,Organic,0,
CUST4860,Standard,2024-11-14,2025-11-25,50,North America,Referral,0,
CUST4861,Standard,2024-05-05,2024-06-30,50,Europe,Partnership,0,
CUST4862,Premium,2024-02-18,2026-06-24,100,North America,Partnership,0,
CUST4863,Basic,2024-03-29,2025-12-04,20,Europe,Paid Ads,0,
CUST4864,Premium,2024-08-13,2025-08-25,100,LATAM,Organic,0,
CUST4865,Premium,2025-05-19,2026-11-04,100,LATAM,Organic,1,2026-09-29
CUST4866,Premium,2024-02-03,2025-02-20,100,North America,Paid Ads,0,
CUST4867,Standard,2024-03-16,2024-08-25,50,North America,Partnership,0,
CUST4868,Premium,2024-12-03,2025-04-07,100,LATAM,Organic,0,
CUST4869,Standard,2024-08-01,2025-05-02,50,Europe,Partnership,0,
CUST4870,Premium,2025-04-09,2027-06-30,100,APAC,Organic,0,
CUST4871,Standard,2024-03-03,2024-04-11,50,LATAM,Referral,0,
CUST4872,Basic,2025-04-10,2027-04-02,20,APAC,Partnership,0,
CUST4873,Basic,2024-08-30,2024-11-13,20,North America,Referral,0,
CUST4874,Basic,2025-04-07,2026-04-13,20,APAC,Referral,0,
CUST4875,Standard,2024-04-29,2026-08-05,50,APAC,Partnership,1,2025-11-06
CUST4876,Standard,2025-03-25,2027-05-06,50,North America,Partnership,0,
CUST4877,Basic,2025-01-31,2025-03-22,20,North America,Partnership,0,
CUST4878,Standard,2024-02-22,2025-07-01,50,Europe,Referral,0,
CUST4879,Premium,2025-05-03,2026-07-30,100,APAC,Partnership,0,
CUST4880,Basic,2025-05-10,2027-01-19,20,North America,Organic,0,
CUST4881,Standard,2024-10-23,2026-10-12,50,LATAM,Partnership,0,
CUST4882,Standard,2024-06-02,2025-12-08,50,APAC,Referral,0,
CUST4883,Standard,2025-01-31,2027-01-30,50,Europe,Paid Ads,0,
CUST4884,Standard,2024-01-26,2026-04-11,50,APAC,Partnership,0,
CUST4885,Basic,2024-12-23,2027-02-20,20,APAC,Referral,0,
CUST4886,Standard,2025-02-21,2025-05-31,50,LATAM,Paid Ads,0,
CUST4887,Basic,2024-02-04,2025-12-04,20,LATAM,Referral,0,
CUST4888,Standard,2025-03-25,2026-12-25,50,LATAM,Referral,0,
CUST4889,Basic,2024-05-27,2025-07-16,20,Europe,Referral,0,
CUST4890,Standard,2024-03-12,2026-02-26,50,Europe,Referral,0,
CUST4891,Basic,2025-01-01,2025-06-06,20,LATAM,Paid Ads,1,2025-06-03
CUST4892,Standard,2024-02-03,2025-04-24,50,Europe,Paid Ads,0,
CUST4893,Premium,2024-07-25,2025-02-07,100,Europe,Partnership,0,
CUST4894,Premium,2024-05-26,2025-01-31,100,Europe,Organic,0,
CUST4895,Basic,2025-01-23,2025-03-17,20,APAC,Partnership,0,
CUST4896,Premium,2024-09-21,2026-10-15,100,North America,Referral,0,
CUST4897,Basic,2024-05-13,2024-12-24,20,LATAM,Partnership,0,
CUST4898,Premium,2024-05-23,2026-02-25,100,LATAM,Partnership,0,
CUST4899,Basic,2025-05-08,2027-06-09,20,APAC,Paid Ads,0,
CUST4900,Basic,2024-09-16,2026-04-12,20,LATAM,Partnership,0,
CUST4901,Premium,2025-05-05,2027-08-11,100,APAC,Partnership,0,
CUST4902,Basic,2024-01-11,2024-10-29,20,North America,Organic,0,
CUST4903,Standard,2024-01-07,2025-01-02,50,APAC,Paid Ads,0,
CUST4904,Standard,2024-05-15,2025-06-22,50,LATAM,Partnership,0,
CUST4905,Basic,2025-04-02,2026-11-10,20,LATAM,Referral,0,
CUST4906,Premium,2024-08-22,2026-09-30,100,Europe,Organic,0,
CUST4907,Basic,2024-09-12,2024-12-27,20,Europe,Organic,0,
CUST4908,Basic,2025-02-14,2026-05-14,20,North America,Partnership,0,
CUST4909,Premium,2025-05-10,2025-11-19,100,Europe,Referral,0,
CUST4910,Premium,2024-03-19,2024-12-31,100,LATAM,Paid Ads,0,
CUST4911,Standard,2024-06-26,2026-03-08,50,APAC,Referral,0,
CUST4912,Standard,2024-11-03,2025-03-30,50,LATAM,Partnership,0,
CUST4913,Basic,2024-01-07,2025-06-02,20,Europe,Paid Ads,1,2024-06-21
CUST4914,Basic,2025-05-14,2026-04-28,20,North America,Paid Ads,0,
CUST4915,Basic,2024-05-30,2026-05-27,20,Europe,Organic,0,
CUST4916,Premium,2025-05-15,2026-06-18,100,North America,Organic,0,
CUST4917,Standard,2024-10-09,2026-05-04,50,North America,Referral,0,
CUST4918,Basic,2024-10-02,2025-12-21,20,North America,Organic,0,
CUST4919,Standard,2024-04-10,2025-05-09,50,APAC,Organic,0,
CUST4920,Premium,2024-10-09,2025-05-01,100,LATAM,Partnership,0,
CUST4921,Basic,2025-05-07,2026-12-05,20,LATAM,Organic,0,
CUST4922,Standard,2024-07-25,2024-09-06,50,APAC,Paid Ads,0,
CUST4923,Standard,2024-08-31,2026-09-05,50,LATAM,Paid Ads,0,
CUST4924,Standard,2024-02-20,2026-06-13,50,North America,Referral,1,2024-11-12
CUST4925,Standard,2024-08-22,2025-02-05,50,LATAM,Paid Ads,0,
CUST4926,Basic,2025-05-27,2027-06-16,20,APAC,Partnership,1,2027-03-08
CUST4927,Standard,2025-01-08,2025-03-24,50,North America,Organic,0,
CUST4928,Premium,2025-05-09,2027-04-24,100,LATAM,Referral,1,2027-02-01
CUST4929,Basic,2024-05-13,2024-07-29,20,APAC,Organic,1,2024-07-24
CUST4930,Basic,2024-08-31,2025-05-20,20,APAC,Paid Ads,0,
CUST4931,Premium,2024-10-02,2026-06-13,100,LATAM,Organic,0,
CUST4932,Basic,2025-06-01,2025-12-13,20,LATAM,Partnership,0,
CUST4933,Basic,2024-11-26,2027-04-05,20,APAC,Partnership,1,2026-02-09
CUST4934,Basic,2024-10-16,2026-07-23,20,LATAM,Organic,0,
CUST4935,Basic,2025-04-15,2026-03-20,20,LATAM,Partnership,0,
CUST4936,Basic,2024-11-02,2026-06-29,20,APAC,Paid Ads,0,
CUST4937,Basic,2025-01-29,2025-07-11,20,LATAM,Paid Ads,0,
CUST4938,Basic,2024-07-01,2025-06-03,20,Europe,Organic,0,
CUST4939,Standard,2025-03-20,2027-04-14,50,LATAM,Paid Ads,0,
CUST4940,Standard,2024-10-31,2025-06-13,50,Europe,Partnership,0,
CUST4941,Basic,2025-04-18,2026-10-31,20,APAC,Partnership,0,
CUST4942,Premium,2025-05-02,2025-09-21,100,LATAM,Partnership,0,
CUST4943,Standard,2024-02-14,2026-07-17,50,APAC,Paid Ads,0,
CUST4944,Premium,2024-10-03,2026-05-02,100,North America,Paid Ads,0,
CUST4945,Premium,2024-10-27,2026-03-23,100,APAC,Paid Ads,0,
CUST4946,Standard,2024-02-21,2025-10-24,50,North America,Organic,0,
CUST4947,Premium,2024-12-28,2026-06-05,100,North America,Referral,0,
CUST4948,Standard,2024-06-20,2025-09-08,50,Europe,Partnership,0,
CUST4949,Premium,2025-01-09,2025-11-02,100,Europe,Paid Ads,0,
CUST4950,Basic,2024-08-24,2024-11-16,20,Europe,Referral,0,
CUST4951,Basic,2024-04-12,2026-04-07,20,APAC,Organic,0,
CUST4952,Standard,2024-04-26,2026-07-05,50,Europe,Organic,0,
CUST4953,Basic,2024-03-08,2024-12-27,20,LATAM,Partnership,0,
CUST4954,Standard,2024-01-12,2025-11-21,50,LATAM,Organic,1,2024-10-11
CUST4955,Basic,2024-12-03,2026-09-19,20,Europe,Paid Ads,0,
CUST4956,Premium,2024-11-09,2025-05-25,100,APAC,Referral,0,
CUST4957,Premium,2025-03-03,2027-03-03,100,Europe,Partnership,0,
CUST4958,Premium,2024-03-25,2025-04-20,100,LATAM,Referral,0,
CUST4959,Premium,2024-06-19,2025-10-03,100,North America,Paid Ads,0,
CUST4960,Basic,2024-08-29,2025-11-14,20,APAC,Referral,0,
CUST4961,Basic,2024-01-17,2025-09-26,20,Europe,Paid Ads,1,2024-03-14
CUST4962,Standard,2025-02-20,2025-05-30,50,APAC,Referral,0,
CUST4963,Premium,2024-05-29,2025-10-03,100,APAC,Partnership,0,
CUST4964,Basic,2024-09-23,2026-08-28,20,APAC,Partnership,0,
CUST4965,Premium,2024-09-11,2025-02-15,100,APAC,Paid Ads,0,
CUST4966,Standard,2025-03-19,2026-07-15,50,Europe,Organic,0,
CUST4967,Standard,2024-11-09,2025-08-02,50,Europe,Paid Ads,0,
CUST4968,Standard,2024-11-23,2025-07-28,50,North America,Partnership,0,
CUST4969,Premium,2024-06-27,2026-01-03,100,Europe,Partnership,0,
CUST4970,Premium,2025-04-12,2025-11-30,100,Europe,Partnership,0,
CUST4971,Premium,2024-09-09,2024-10-29,100,North America,Paid Ads,0,
CUST4972,Basic,2024-09-11,2026-07-17,20,APAC,Partnership,0,
CUST4973,Premium,2024-07-04,2025-03-26,100,Europe,Organic,0,
CUST4974,Basic,2024-10-27,2027-01-11,20,Europe,Paid Ads,0,
CUST4975,Standard,2024-07-14,2026-08-14,50,North America,Partnership,0,
CUST4976,Basic,2024-08-23,2025-09-12,20,North America,Paid Ads,1,2024-09-30
CUST4977,Standard,2024-09-11,2027-01-30,50,North America,Paid Ads,1,2024-12-19
CUST4978,Basic,2025-01-09,2026-02-08,20,LATAM,Organic,0,
CUST4979,Standard,2024-02-23,2024-12-28,50,North America,Partnership,0,
CUST4980,Premium,2025-02-06,2026-01-14,100,APAC,Partnership,1,2025-12-07
CUST4981,Premium,2025-01-16,2025-05-15,100,Europe,Partnership,1,2025-02-15
CUST4982,Premium,2024-03-18,2025-12-08,100,North America,Referral,1,2024-11-29
CUST4983,Premium,2024-12-23,2027-01-24,100,APAC,Organic,0,
CUST4984,Premium,2024-03-11,2026-01-01,100,APAC,Partnership,0,
CUST4985,Standard,2025-05-24,2027-08-06,50,North America,Partnership,0,
CUST4986,Standard,2025-03-18,2027-07-12,50,North America,Referral,0,
CUST4987,Premium,2025-02-23,2025-12-01,100,Europe,Partnership,1,2025-10-02
CUST4988,Basic,2024-03-17,2026-03-04,20,LATAM,Paid Ads,0,
CUST4989,Premium,2024-08-31,2025-08-19,100,APAC,Referral,1,2024-09-01
CUST4990,Standard,2024-11-16,2025-01-27,50,LATAM,Organic,0,
CUST4991,Basic,2025-05-27,2027-10-02,20,APAC,Referral,0,
CUST4992,Premium,2025-04-16,2025-08-03,100,LATAM,Referral,0,
CUST4993,Premium,2024-01-25,2025-07-25,100,Europe,Referral,1,2024-03-04
CUST4994,Basic,2024-10-18,2027-01-09,20,North America,Organic,0,
CUST4995,Premium,2024-08-09,2026-05-15,100,North America,Organic,1,2026-01-17
CUST4996,Premium,2024-02-09,2024-12-22,100,North America,Paid Ads,0,
CUST4997,Standard,2024-09-05,2026-04-26,50,North America,Referral,0,
CUST4998,Standard,2024-03-31,2025-10-22,50,LATAM,Partnership,0,
CUST4999,Standard,2024-12-24,2026-10-27,50,LATAM,Organic,1,2026-08-22
CUST5000,Standard,2024-06-13,2025-08-06,50,APAC,Referral,0,
